date, pm25, pm10, o3, no2, so2, co
2019/7/1, 37, 17, 34, 3, 1, 
2019/7/2, 23, 14, 33, 2, 1, 
2019/7/3, 18, 13, 35, 3, , 
2019/7/4, 18, 11, 27, 2, 1, 1
2019/7/5, 21, 11, 24, 3, , 1
2019/7/6, 27, 11, 30, 2, , 1
2019/7/7, 26, 9, 32, 2, 1, 1
2019/7/8, 19, 12, 26, 3, 1, 1
2019/7/9, 19, 12, 24, 2, , 1
2019/7/10, 26, 12, 28, 2, , 1
2019/7/11, 25, 23, 43, 6, 1, 1
2019/7/12, 43, 12, 33, 3, 1, 1
2019/7/13, 39, 13, 39, 1, , 1
2019/7/14, 30, 15, 41, 4, , 1
2019/7/15, 33, 14, 29, 3, , 1
2019/7/16, 30, 14, 28, 2, , 1
2019/7/17, 20, 14, 40, 2, , 1
2019/7/18, 28, 24, 26, 6, 1, 1
2019/7/19, 43, , , , , 
2019/4/1, 67, 70, 38, 3, 1, 1
2019/4/2, 56, 53, 42, 3, 1, 2
2019/4/3, 66, 56, 41, 5, 5, 2
2019/4/4, 80, 62, 44, 7, 5, 3
2019/4/5, 91, 53, 44, 5, 6, 3
2019/4/6, 75, 58, 48, 4, 2, 3
2019/4/7, 97, 56, 55, 6, 1, 4
2019/4/8, 91, 21, 39, 2, , 2
2019/4/9, 43, 25, 40, 2, , 2
2019/4/10, 52, 22, 37, 2, , 2
2019/4/11, 43, 23, 36, 2, , 2
2019/4/12, 42, 27, 33, 2, , 3
2019/4/13, 50, 24, 42, 2, , 3
2019/4/14, 45, 23, 44, 2, , 2
2019/4/15, 46, 33, 38, 4, 2, 3
2019/4/16, 53, 36, 44, 3, 1, 3
2019/4/17, 51, 41, 54, 4, 2, 4
2019/4/18, 64, 36, 49, 3, 1, 4
2019/4/19, 46, 22, 49, 2, 1, 3
2019/4/20, 37, 29, 47, 2, 1, 4
2019/4/21, 50, 22, 43, 2, , 4
2019/4/22, 44, 64, 47, 3, 1, 4
2019/4/23, 60, 52, 40, 3, 1, 4
2019/4/24, 60, 53, 43, 4, 1, 5
2019/4/25, 69, 66, 47, 7, 1, 6
2019/4/26, 84, 41, 24, 4, , 5
2019/4/27, 65, 20, 31, 3, , 4
2019/4/28, 36, 27, 38, 2, , 4
2019/4/29, 47, 25, 43, 3, , 4
2019/4/30, 38, 29, 45, 4, , 4
2019/5/1, 52, 23, 34, 3, , 3
2019/5/2, 36, 12, 35, 2, , 3
2019/5/3, 25, 17, 37, 3, , 3
2019/5/4, 35, 13, 32, 2, , 3
2019/5/5, 42, 32, 37, 3, , 3
2019/5/6, 64, 23, 34, 5, , 3
2019/5/7, 37, 37, 43, 7, 1, 4
2019/5/8, 63, 29, 34, 4, , 4
2019/5/9, 62, 29, 39, 5, , 4
2019/5/10, 62, 18, 39, 5, , 4
2019/5/11, 38, 15, 31, 3, , 3
2019/5/12, 38, 16, 28, 2, , 3
2019/5/13, 30, 14, 28, 2, , 2
2019/5/14, 25, 13, 23, 2, , 3
2019/5/15, 28, 21, 15, 4, , 4
2019/5/16, 59, 35, 23, 4, , 4
2019/5/17, 76, 34, 35, 4, 1, 4
2019/5/18, 71, 30, 38, 3, 1, 3
2019/5/19, 68, 28, 38, 4, 1, 3
2019/5/20, 60, 31, 32, 3, , 2
2019/5/21, 66, 20, 37, 2, , 2
2019/5/22, 54, 16, 25, 3, , 1
2019/5/23, 25, 16, 38, 4, , 
2019/5/24, 16, , , , , 
2019/6/11, 109, , 62, 3, 2, 1
2019/6/12, 83, 3, 43, 4, 1, 1
2019/6/14, 59, 16, 59, 3, 3, 1
2019/6/15, 36, 12, 43, 2, 1, 
2019/6/16, 44, 16, 42, 3, , 
2019/6/17, 17, 21, 46, 3, 1, 
2019/6/18, 21, , 51, 4, 1, 
2019/6/24, 23, 25, 57, 3, 1, 
2019/6/25, 42, 36, 74, 4, 2, 1
2019/6/26, 74, 19, 42, 1, , 1
2019/6/27, 31, 16, 35, 2, , 
2019/6/28, 21, 20, 42, 5, 1, 
2019/6/29, 26, 24, 65, 6, 1, 
2019/6/30, 42, 22, 41, 4, 1, 
2019/1/1, 41, 15, 28, 1, , 5
2019/1/2, 29, 16, 28, 1, , 6
2019/1/3, 43, 20, 22, 4, , 6
2019/1/4, 50, 16, 25, 2, , 6
2019/1/5, 40, 17, 26, 1, , 6
2019/1/6, 50, 27, 11, 6, 1, 5
2019/1/7, 62, 19, 12, 5, 2, 2
2019/1/8, 45, 37, 10, 5, 2, 3
2019/1/9, 88, 40, 15, 3, 1, 4
2019/1/10, 96, 27, 15, 5, 2, 3
2019/1/11, 65, 19, 17, 3, 1, 2
2019/1/12, 47, 5, 21, 2, 1, 2
2019/1/13, 17, 12, 26, 1, 1, 2
2019/1/14, 35, 15, 21, 3, 1, 2
2019/1/15, 35, 18, 25, 4, 1, 1
2019/1/16, 44, 20, 16, 6, 2, 2
2019/1/17, 48, 18, 26, 3, 1, 1
2019/1/18, 43, 26, 21, 5, 1, 2
2019/1/19, 61, 34, 19, 5, 2, 3
2019/1/20, 78, 30, 16, 5, 1, 3
2019/1/21, 75, 74, 12, 9, 2, 5
2019/1/22, 161, 64, 18, 8, 5, 5
2019/1/23, 132, 41, 20, 4, 4, 3
2019/1/24, 87, 42, 18, 7, 6, 3
2019/1/25, 102, 57, 10, 7, 5, 6
2019/1/26, 131, 53, 10, 9, 6, 7
2019/1/27, 123, 50, 17, 10, 7, 7
2019/1/28, 128, 41, 16, 7, 5, 6
2019/1/29, 98, 38, 17, 9, 5, 7
2019/1/30, 83, 56, 10, 8, 5, 8
2019/1/31, 149, 56, 19, 7, 5, 8
2019/2/1, 130, 55, 18, 6, 6, 7
2019/2/2, 122, 23, 12, 5, 4, 8
2019/2/3, 90, 22, 16, 5, 3, 6
2019/2/4, 49, 31, 19, 6, 3, 5
2019/2/5, 70, 27, 20, 7, 2, 3
2019/2/6, 57, 53, 24, 10, 5, 5
2019/2/7, 119, 34, 18, 9, 2, 4
2019/2/8, 76, 25, 22, 6, 1, 4
2019/2/9, 60, 19, 28, 4, 1, 3
2019/2/10, 37, 17, 25, 3, , 3
2019/2/11, 48, 18, 27, 2, , 2
2019/2/12, 31, 22, 21, 4, , 3
2019/2/13, 51, 24, 22, 3, , 2
2019/2/14, 60, 36, 12, 6, 1, 4
2019/2/15, 79, 35, 12, 8, 1, 5
2019/2/16, 73, 48, 24, 6, 2, 4
2019/2/17, 97, 62, 22, 9, 1, 5
2019/2/18, 136, 57, 21, 9, 1, 4
2019/2/19, 114, 27, 26, 3, , 2
2019/2/20, 39, 34, 16, 6, , 3
2019/2/21, 69, 27, 29, 2, , 1
2019/2/22, 46, 56, 26, 4, , 2
2019/2/23, 102, 44, 22, 6, 2, 3
2019/2/24, 74, 47, 16, 7, 1, 3
2019/2/25, 90, 38, 31, 3, 1, 2
2019/2/26, 64, 49, 26, 7, 1, 3
2019/2/27, 83, 47, 24, 6, 1, 2
2019/2/28, 83, 38, 28, 3, , 2
2019/3/1, 68, 49, 33, 6, , 2
2019/3/2, 98, 27, 22, 5, 1, 4
2019/3/3, 61, 16, 30, 4, 1, 2
2019/3/4, 22, 19, 30, 3, , 2
2019/3/5, 26, 27, 29, 4, , 2
2019/3/6, 49, 37, 27, 6, 1, 3
2019/3/7, 60, 25, 30, 3, , 2
2019/3/8, 25, 19, 29, 4, , 2
2019/3/9, 38, 14, 35, 2, , 2
2019/3/10, 26, 24, 32, 2, , 2
2019/3/11, 43, 24, 31, 3, , 2
2019/3/12, 44, 22, 29, 5, , 2
2019/3/13, 41, 16, 29, 3, , 2
2019/3/14, 29, 15, 29, 3, , 2
2019/3/15, 31, 16, 35, 2, , 2
2019/3/16, 33, 15, 35, 4, 1, 2
2019/3/17, 34, 16, 34, 3, , 2
2019/3/18, 26, 31, 28, 3, , 2
2019/3/19, 43, 32, 37, 5, 1, 2
2019/3/20, 57, 30, 32, 3, 1, 2
2019/3/21, 55, 36, 26, 4, , 2
2019/3/22, 56, 41, 26, 6, 1, 4
2019/3/23, 77, 34, 35, 2, , 2
2019/3/24, 68, 43, 30, 5, , 2
2019/3/25, 74, 23, 30, 3, , 2
2019/3/26, 42, 27, 36, 4, , 2
2019/3/27, 52, 26, 32, 5, , 2
2019/3/28, 48, 26, 28, 5, 1, 2
2019/3/29, 47, 30, 31, 5, , 2
2019/3/30, 62, 33, 37, 4, 1, 3
2019/3/31, 73, 36, 35, 4, 1, 1
2018/10/1, 108, , , , , 
2018/10/2, 28, , , , , 
2018/10/3, 33, , , , , 
2018/10/4, 36, 22, 22, 13, 5, 6
2018/10/5, 51, 30, 36, 12, 4, 3
2018/10/6, 96, 36, 27, 8, 1, 2
2018/10/7, 90, 19, 24, 6, , 2
2018/10/8, 47, 46, 20, 11, 1, 4
2018/10/9, 99, 56, 24, 13, 2, 5
2018/10/10, 137, 50, 30, 11, 4, 2
2018/10/11, 102, 40, 28, 11, 2, 2
2018/10/12, 98, 45, 31, 8, 1, 2
2018/10/13, 115, , , , , 
2018/10/14, 101, 9, 35, 9, 2, 4
2018/10/15, 77, 31, 19, 17, 2, 4
2018/10/16, 97, 34, 27, 16, 3, 4
2018/10/17, 137, 57, 6, 15, 3, 6
2018/10/18, 159, , , , , 
2018/10/19, 92, , , , , 
2018/10/20, 71, , , , , 
2018/10/21, 48, 38, 13, 5, 1, 3
2018/10/22, 69, 14, 21, 2, 1, 1
2018/10/23, 17, 15, 30, 1, 1, 2
2018/10/24, 25, 19, 26, 2, 1, 3
2018/10/25, 32, 16, 25, 3, 1, 3
2018/10/26, 35, 24, 27, 3, 1, 3
2018/10/27, 43, 16, 17, 2, 1, 4
2018/10/28, 34, 16, 14, 2, , 4
2018/10/29, 34, 26, 19, 5, 2, 6
2018/10/30, 63, 26, 20, 10, 2, 8
2018/10/31, 62, 36, 22, 6, 3, 7
2018/11/1, 76, 64, 18, 7, 3, 11
2018/11/2, 85, 61, 9, 6, 5, 12
2018/11/3, 85, 36, 16, 4, 3, 8
2018/11/4, 62, 46, 11, 5, 2, 9
2018/11/5, 86, 50, 17, 9, 3, 10
2018/11/6, 91, 59, 13, 8, 3, 11
2018/11/7, 119, 72, 8, 9, 4, 13
2018/11/8, 141, 57, 4, 8, 2, 9
2018/11/9, 102, 82, 6, 8, 1, 6
2018/11/10, 149, 70, 11, 5, 1, 5
2018/11/11, 137, 65, 8, 6, 1, 6
2018/11/12, 131, 48, 9, 6, 2, 5
2018/11/13, 84, 21, 15, 3, 1, 3
2018/11/14, 56, 36, 9, 8, 2, 7
2018/11/15, 87, 26, 8, 7, 1, 6
2018/11/16, 80, 53, 8, 7, 1, 8
2018/11/17, 116, 95, 11, 5, 5, 14
2018/11/18, 135, 8, 15, 2, 2, 5
2018/11/19, 23, 13, 15, 3, 1, 5
2018/11/20, 33, 19, 18, 4, 1, 5
2018/11/21, 51, 25, 22, 5, 1, 6
2018/11/22, 63, 59, 15, 7, 1, 8
2018/11/23, 102, 68, 3, 6, 3, 11
2018/11/24, 138, 90, 3, 4, 4, 12
2018/11/25, 154, 44, 12, 5, 2, 10
2018/11/26, 106, 85, 10, 10, 6, 16
2018/11/27, 142, 60, 16, 11, 6, 14
2018/11/28, 101, 36, 16, 5, 4, 9
2018/11/29, 72, 35, 17, 5, 3, 10
2018/11/30, 71, 56, 17, 6, 4, 12
2018/12/1, 81, 74, 10, 5, 5, 14
2018/12/2, 108, 50, 8, 6, 4, 14
2018/12/3, 73, 50, 20, 5, 4, 13
2018/12/4, 57, 46, 21, 5, 3, 13
2018/12/5, 58, 72, 7, 11, 4, 16
2018/12/6, 105, 53, 8, 7, 4, 14
2018/12/7, 53, 31, 24, 2, 1, 2
2018/12/8, 22, 32, 21, 2, , 2
2018/12/9, 26, 33, 19, 2, 1, 2
2018/12/10, 32, 43, 17, 6, , 3
2018/12/11, 56, 53, 11, 4, 1, 4
2018/12/12, 90, 38, 16, 3, , 3
2018/12/13, 57, 45, 14, 4, , 4
2018/12/14, 73, 54, 4, 3, 1, 4
2018/12/15, 76, 54, 8, 4, 1, 5
2018/12/16, 70, 84, 6, 10, 4, 9
2018/12/17, 137, 112, 3, 12, 6, 11
2018/12/18, 162, 85, 16, 9, 5, 8
2018/12/19, 126, 79, 13, 10, 5, 9
2018/12/20, 143, 74, 4, 9, 5, 9
2018/12/21, 98, 47, 15, 4, 4, 8
2018/12/22, 48, 48, 17, 4, 3, 7
2018/12/23, 41, 48, 20, 2, 3, 7
2018/12/24, 39, 47, 15, 2, 3, 7
2018/12/25, 40, 46, 20, 2, 3, 7
2018/12/26, 37, 29, 13, 3, 2, 7
2018/12/27, 34, 10, 20, 2, 2, 6
2018/12/28, 39, 7, 21, 1, 1, 6
2018/12/29, 21, , , , , 
2018/7/1, 22, , 27, 1, , 
2018/7/2, 23, 5, 37, 3, 1, 
2018/7/3, 32, 7, 44, 4, 1, 1
2018/7/4, 45, 10, 59, 4, 1, 1
2018/7/5, 51, 4, 32, 2, , 1
2018/7/6, 29, 9, 38, 2, 1, 1
2018/7/7, 40, 6, 33, 1, , 1
2018/7/8, 38, 6, 39, 4, , 1
2018/7/9, 42, 12, 35, 5, 1, 2
2018/7/10, 46, 9, 32, 4, 1, 2
2018/7/11, 52, 11, 40, 5, , 2
2018/7/12, 40, 13, 24, 5, , 2
2018/7/13, 43, 17, 30, 1, , 1
2018/7/14, 41, 22, 32, 1, , 1
2018/7/15, 29, 16, 30, 3, , 1
2018/7/16, 45, 8, 16, 3, , 1
2018/7/17, 71, , , , , 
2018/9/29, 82, , , , , 
2018/9/30, 57, , , , , 
2018/5/15, 31, 12, 40, 6, , 1
2018/5/16, 49, 13, 25, 6, 1, 1
2018/5/17, 49, , , , , 
2018/5/18, 47, 8, 39, 2, , 1
2018/5/19, 20, 5, 38, 2, , 
2018/5/20, 27, 7, 40, 3, , 1
2018/5/21, 29, 7, 41, 5, , 1
2018/5/22, 35, 8, 45, 5, , 1
2018/5/23, 48, 10, 47, 4, , 1
2018/5/24, 35, 9, 44, 3, , 1
2018/5/25, 38, 7, 38, 4, , 1
2018/5/26, 56, 8, 43, 6, , 2
2018/5/27, 52, 10, 49, 4, 1, 1
2018/5/28, 53, 10, 47, 7, 1, 1
2018/5/29, 55, 11, 61, 8, 1, 1
2018/5/30, 61, 13, 57, 11, 1, 1
2018/5/31, 68, 16, 72, 5, 2, 1
2018/6/1, 60, 12, 56, 5, 1, 1
2018/6/2, 67, 9, 58, 3, , 1
2018/6/3, 47, 4, 55, 4, , 
2018/6/4, 55, 9, 54, 4, , 1
2018/6/5, 51, 9, 39, 2, , 1
2018/6/6, 17, 5, 37, 3, , 
2018/6/7, 33, 10, 49, 7, 1, 
2018/6/8, 48, 14, 60, 9, 1, 1
2018/6/9, 41, 14, 56, 5, , 1
2018/6/10, 51, 18, 67, 3, 1, 1
2018/6/11, 59, 13, 47, 4, , 2
2018/6/12, 29, 10, 35, 2, , 1
2018/6/13, 39, 14, 30, 4, , 1
2018/6/14, 37, 11, 39, 3, , 1
2018/6/15, 39, 9, 43, 4, , 1
2018/6/16, 50, 10, 44, 3, , 1
2018/6/17, 56, 13, 59, 2, , 1
2018/6/18, 43, 10, 43, 3, , 1
2018/6/19, 46, 12, 37, 4, , 1
2018/6/20, 43, 7, 41, 2, , 
2018/6/21, 39, 11, 53, 5, 1, 1
2018/6/22, 18, 5, 30, 1, , 
2018/6/23, 29, 9, 29, 2, , 1
2018/6/24, 35, 7, 29, 2, , 1
2018/6/25, 39, 5, 22, 3, , 1
2018/6/26, 43, 6, 25, 3, , 1
2018/6/27, 38, 2, 36, 3, , 1
2018/6/28, 29, 2, 39, 2, , 1
2018/6/29, 32, 4, 40, 2, , 1
2018/6/30, 13, 5, 27, 1, , 
2019/6/5, , 23, , , , 
2019/6/6, , 45, , , , 
2019/6/7, , 47, , , , 
2019/6/9, , 41, , , , 
2019/6/10, , 58, 69, 3, 2, 1
2019/6/13, , 24, 44, 3, 1, 1
2019/6/23, , 17, 47, 2, , 
2018/12/31, , 31, 27, 1, 1, 6
2018/4/1, , 15, 23, 3, 1, 4
2018/4/2, , 15, 38, 5, 2, 4
2018/4/3, , 42, 26, 15, 3, 7
2018/4/4, , 36, 36, 16, 4, 7
2018/4/5, , 19, 37, 9, 2, 4
2018/4/6, , 17, 36, 6, 2, 4
2018/4/7, , 33, 43, 12, 4, 6
2018/4/8, , 19, 42, 5, 2, 4
2018/4/9, , 19, 45, 10, 2, 4
2018/4/10, , 37, 46, 10, 1, 4
2018/4/11, , 23, 30, 5, 1, 3
2018/4/12, , 21, 34, 5, 1, 3
2018/4/13, , 21, 39, 6, 1, 1
2018/4/14, , 15, 39, 6, 1, 1
2018/4/15, , 17, 44, 8, 1, 1
2018/4/16, , 18, 29, 12, 1, 3
2018/4/17, , 12, 35, 4, 1, 1
2018/4/18, , 8, 44, 5, , 1
2018/4/19, , 9, 40, 4, , 
2018/4/20, , 10, 43, 7, 1, 1
2018/4/21, , 12, 45, 4, 1, 
2018/4/22, , 9, 43, 4, 1, 
2018/4/23, , 13, 43, 7, 1, 1
2018/4/24, , 15, 36, 3, , 1
2018/4/25, , 18, 28, 5, , 1
2018/4/26, , 8, 35, 3, , 
2018/4/27, , 10, 30, 6, , 1
2018/4/28, , 13, 46, 9, 1, 2
2018/4/29, , 20, 53, 5, 1, 2
2018/4/30, , 15, 46, 4, 1, 2
2018/5/1, , 8, 42, 3, 1, 1
2018/5/2, , 8, 37, 5, , 1
2018/5/3, , 14, 42, 3, 1, 1
2018/5/4, , 10, 41, 2, , 
2018/5/5, , 8, 43, 3, , 1
2018/5/6, , 9, 42, 3, , 1
2018/5/7, , 10, 35, 5, , 1
2018/5/8, , 11, 43, 4, , 1
2018/5/9, , 12, 47, 5, , 1
2018/5/10, , 12, 42, 5, 1, 2
2018/5/11, , 12, 47, 6, 1, 2
2018/5/12, , 9, 47, 5, 1, 2
2018/5/13, , 7, 47, 4, 1, 1
2018/5/14, , 12, 45, 6, 1, 1
2018/1/5, , 12, 19, 9, 2, 6
2018/1/6, , 38, 23, 7, 4, 7
2018/1/7, , 50, 13, 15, 9, 16
2018/1/8, , 85, 16, 15, 6, 6
2018/1/9, , 48, 14, 11, 7, 5
2018/1/10, , 32, 11, 7, 4, 4
2018/1/11, , 30, 18, 5, 2, 3
2018/1/12, , 26, 24, 5, 2, 3
2018/1/13, , 20, 19, 3, 2, 4
2018/1/14, , 22, 18, 6, 4, 5
2018/1/15, , 32, 12, 10, 4, 6
2018/1/16, , 46, 23, 7, 3, 6
2018/1/17, , 30, 23, 7, 2, 5
2018/1/18, , 21, 22, 6, 3, 6
2018/1/19, , 26, 14, 10, 3, 8
2018/1/20, , 51, 22, 6, 4, 7
2018/1/21, , 51, 26, 9, 3, 7
2018/1/22, , 39, 17, 13, 6, 8
2018/1/23, , 53, 10, 11, 5, 9
2018/1/24, , 52, 14, 11, 5, 9
2018/1/25, , 39, 12, 16, 8, 12
2018/1/26, , 61, 10, 11, 6, 11
2018/1/27, , 56, 22, 3, 3, 6
2018/1/28, , 21, 24, 3, 2, 3
2018/1/29, , 11, 30, 3, 2, 2
2018/1/30, , 15, 22, 6, 2, 2
2018/1/31, , 22, 26, 8, 2, 3
2018/2/1, , 23, 13, 11, 3, 5
2018/2/2, , 44, 8, 13, 5, 7
2018/2/3, , 59, 25, 5, 4, 4
2018/2/4, , 37, 28, 6, 3, 4
2018/2/5, , 24, 21, 9, 3, 5
2018/2/6, , 35, 15, 17, 5, 7
2018/2/7, , 66, 20, 12, 4, 8
2018/2/8, , 78, 18, 9, 2, 5
2018/2/9, , 62, 20, 6, 1, 3
2018/2/10, , 56, 22, 8, 3, 5
2018/2/11, , 68, 19, 8, 2, 4
2018/2/12, , 45, 23, 8, 2, 4
2018/2/13, , 39, 18, 7, 1, 5
2018/2/14, , 58, 24, 9, 1, 4
2018/2/15, , 36, 20, 8, 1, 5
2018/2/16, , 46, 21, 6, 3, 6
2018/2/17, , 35, 25, 7, 5, 7
2018/2/18, , 45, 19, 14, 4, 6
2018/2/19, , 40, 26, 9, 2, 6
2018/2/20, , 46, 29, 6, , 4
2018/2/21, , 23, 28, 5, , 5
2018/2/22, , 26, 28, 9, 3, 8
2018/2/23, , 51, 32, 3, 2, 5
2018/2/24, , 19, 30, 5, 1, 6
2018/2/25, , 24, 30, 9, 1, 6
2018/2/26, , 29, 30, 7, 1, 8
2018/2/27, , 43, 28, 4, 1, 5
2018/2/28, , 22, 25, 8, 1, 6
2018/3/1, , 28, 24, 11, 3, 8
2018/3/2, , 43, 32, 8, 3, 10
2018/3/3, , 50, 32, 15, 7, 13
2018/3/4, , 69, 29, 17, 9, 12
2018/3/5, , 77, 33, 16, 9, 12
2018/3/6, , 72, 22, 13, 4, 12
2018/3/7, , 68, 24, 8, 3, 10
2018/3/8, , 47, 27, 6, 3, 8
2018/3/9, , 26, 24, 11, 3, 10
2018/3/10, , 41, 33, 9, 5, 10
2018/3/11, , 47, 23, 10, 3, 6
2018/3/12, , 33, 23, 4, 1, 2
2018/3/13, , 22, 23, 5, , 3
2018/3/14, , 25, 32, 4, 1, 2
2018/3/15, , 14, 30, 2, , 1
2018/3/16, , 7, 33, 2, , 1
2018/3/17, , 7, 36, 2, , 1
2018/3/18, , 8, 33, 10, 2, 5
2018/3/19, , 26, 34, 9, 7, 12
2018/3/20, , 83, 35, 5, 3, 3
2018/3/21, , 21, 23, 6, 2, 3
2018/3/22, , 25, 14, 10, 2, 5
2018/3/23, , 58, 22, 12, 4, 7
2018/3/24, , 75, 43, 14, 5, 7
2018/3/25, , 67, 30, 11, 4, 6
2018/3/26, , 49, 33, 6, 1, 3
2018/3/28, , 17, 25, 9, 2, 4
2018/3/29, , 24, 33, 6, 2, 4
2018/3/30, , 18, 30, 4, 1, 4
2018/3/31, , 20, 23, 3, 1, 4
2016/4/1, , 17, 30, 7, 2, 3
2016/4/2, , 23, 32, 8, 4, 4
2016/4/3, , 30, 7, 13, 4, 5
2016/4/4, , 37, , , , 
2016/1/4, , 49, 8, 5, 9, 16
2016/1/5, , 52, 9, 3, 5, 16
2016/1/6, , 56, 7, 3, 4, 16
2016/1/7, , 49, , , , 
2016/1/13, , 45, , , , 
2016/2/3, , 18, 25, 2, 3, 4
2016/2/4, , 28, 25, 3, 5, 3
2016/2/15, , 85, 22, 5, 5, 4
2016/2/16, , 40, 17, 8, 3, 7
2016/2/17, , 46, 8, 8, 3, 7
2016/2/18, , 48, 14, 8, 3, 6
2016/2/19, , 53, 19, 5, 1, 7
2016/2/20, , 41, 24, 4, 1, 6
2016/2/21, , 11, 27, 4, 1, 7
2016/2/22, , 13, 27, 2, , 5
2016/2/23, , 9, , , , 
2016/2/29, , 51, 21, 7, 4, 8
2016/3/1, , 43, 16, 9, 2, 9
2016/3/2, , 58, 8, 9, 2, 11
2016/3/3, , 68, 6, 8, 3, 12
2016/3/14, , 34, 20, 6, 2, 10
2016/3/15, , 25, 26, 7, 3, 11
2016/3/16, , 33, 25, 5, 2, 11
2016/3/17, , 33, 24, 4, 3, 10
2016/3/18, , 27, 25, 5, 3, 11
2016/3/19, , 16, 21, 4, 5, 11
2016/3/20, , 33, 20, 4, 1, 12
2016/3/21, , 20, 25, 6, 2, 11
2016/3/22, , 24, 23, 12, 5, 14
2016/3/23, , 46, 26, 11, 6, 14
2016/3/24, , 43, 26, 7, 4, 13
2016/3/25, , 36, 26, 5, 3, 13
2016/3/26, , 39, 31, 7, 2, 14
2016/3/27, , 45, 28, 6, 3, 14
2016/3/28, , 41, 27, 6, 2, 7
2016/3/29, , 19, 21, 8, 1, 6
2016/3/30, , 18, 29, 7, 2, 5
2016/3/31, , 25, 31, 6, 2, 2
2015/10/1, , 13, 29, 6, 2, 4
2015/10/2, , 22, 37, 6, 5, 4
2015/10/3, , 28, 35, 4, 3, 5
2015/10/4, , 22, 33, 4, 1, 5
2015/10/5, , 32, 23, 3, 1, 5
2015/10/6, , 41, 22, 3, 3, 4
2015/10/7, , 7, 25, 3, 4, 4
2015/10/8, , 7, 25, 3, 3, 5
2015/10/9, , 12, 27, 2, 3, 6
2015/10/10, , 18, 28, 1, 1, 6
2015/10/11, , 14, 21, 1, 1, 6
2015/10/12, , 13, 19, 2, 1, 8
2015/10/13, , 26, 19, 4, 3, 9
2015/10/14, , 48, 29, 3, 3, 9
2015/10/15, , 34, 23, 3, 2, 10
2015/10/16, , 37, 12, 5, 3, 12
2015/10/17, , 47, 8, 5, 1, 13
2015/10/18, , 33, 7, 7, 1, 12
2015/10/19, , 35, 4, 6, 1, 13
2015/10/20, , 41, 14, 4, 1, 11
2015/10/21, , 49, 13, 6, 2, 11
2015/10/22, , 30, 21, 3, 1, 10
2015/10/23, , 17, 19, 3, 1, 10
2015/10/24, , 20, 10, 4, 2, 12
2015/10/25, , 43, 21, 5, 1, 11
2015/10/26, , 18, 17, 8, 3, 14
2015/10/27, , 36, 17, 9, 3, 13
2015/10/28, , 34, 13, 5, 3, 13
2015/10/29, , 30, 9, 8, 5, 14
2015/10/30, , 56, 15, 6, 2, 15
2015/10/31, , 59, 22, 7, 5, 16
2015/11/1, , 52, 16, 8, 4, 15
2015/11/2, , 38, 6, 8, 3, 18
2015/11/3, , 51, 7, 10, 1, 19
2015/11/4, , 63, 13, 6, 3, 17
2015/11/5, , 62, 7, 8, 4, 18
2015/11/6, , 67, 4, 8, 4, 23
2015/11/7, , 84, 25, 2, 3, 17
2015/11/8, , 14, 16, 4, 2, 17
2015/11/9, , 15, 19, 2, 1, 17
2015/11/10, , 7, , , , 
2015/11/12, , 10, 12, 6, 2, 16
2015/11/13, , 26, 26, 3, 1, 15
2015/11/14, , 9, 22, 3, 2, 17
2015/11/15, , 15, 14, 5, 2, 17
2015/11/16, , 26, 8, 7, 3, 8
2015/11/17, , 20, 25, 3, 1, 2
2015/11/18, , 8, 23, 3, 1, 1
2015/12/5, , 17, 21, 3, 3, 6
2015/12/6, , 9, 21, 3, 1, 7
2015/12/7, , 12, 10, 8, 3, 10
2015/12/8, , 35, 7, 7, 3, 10
2015/12/9, , 45, 14, 7, 3, 8
2015/12/10, , 27, 11, 8, 5, 9
2015/12/11, , 36, 21, 3, 2, 8
2015/12/12, , 9, 20, 2, 2, 8
2015/12/13, , 11, 23, 5, 3, 9
2015/12/14, , 13, 14, 7, 5, 11
2015/12/15, , 42, 7, 7, 4, 12
2015/12/16, , 52, 4, 10, 5, 12
2015/12/17, , 46, 8, 6, 2, 11
2015/12/18, , 26, 10, 5, 3, 11
2015/12/19, , 23, 8, 6, 4, 12
2015/12/20, , 37, 8, 7, 4, 13
2015/12/21, , 22, 24, 4, 2, 10
2015/12/22, , 10, 19, 4, 3, 10
2015/12/23, , 6, 13, 5, 2, 12
2015/12/24, , 27, 22, 4, 3, 12
2015/12/25, , 28, 21, 2, 2, 11
2015/12/26, , 9, 18, 3, 2, 11
2015/12/27, , 10, 22, 2, 1, 11
2015/12/28, , 6, 20, 2, 2, 11
2015/12/29, , 8, 18, 2, 4, 11
2015/12/30, , 19, , , , 
2016/1/3, , 32, 9, 6, 10, 15
2015/7/1, , 30, 36, 2, 1, 5
2015/7/2, , 32, 49, 2, 2, 5
2015/7/3, , 31, 62, 3, 2, 6
2015/7/4, , 33, 68, 2, 2, 6
2015/7/5, , 36, 50, 2, 2, 8
2015/7/6, , 48, 62, 3, 2, 10
2015/7/7, , 52, 46, 2, 1, 5
2015/7/8, , 57, 29, 2, 1, 1
2015/7/9, , 56, 28, 1, , 1
2015/7/10, , 55, 28, 2, , 
2015/7/11, , 54, 34, 2, , 
2015/7/12, , 55, 31, 3, , 1
2015/7/13, , 60, 35, 2, , 2
2015/7/14, , 61, 34, 3, , 1
2015/7/15, , 59, 42, 2, , 1
2015/7/16, , 56, 46, 3, , 2
2015/7/17, , 56, 70, 3, 1, 2
2015/7/18, , 58, 42, 2, 1, 2
2015/7/19, , 59, 37, 2, , 7
2015/7/20, , 58, 40, 4, 1, 7
2015/7/21, , 59, 42, 3, , 7
2015/7/22, , 63, 38, 2, , 7
2015/7/23, , 65, 46, 3, , 7
2015/7/24, , 41, 43, 4, 1, 7
2015/7/25, , 21, 31, 2, , 6
2015/7/26, , 6, 39, 5, 1, 7
2015/7/27, , 9, 38, 4, 1, 7
2015/7/28, , 11, 40, 5, 1, 7
2015/7/29, , 12, 32, 4, , 7
2015/7/30, , 12, 28, 4, , 7
2015/7/31, , 12, 46, 6, 1, 7
2015/8/1, , 13, 59, 6, 1, 7
2015/8/2, , 13, 72, 8, 1, 8
2015/8/3, , 15, 66, 9, 3, 8
2015/8/4, , 19, 73, 8, 3, 9
2015/8/5, , 19, 55, 6, 1, 8
2015/8/6, , 19, 69, 7, 2, 9
2015/8/7, , 23, 72, 8, 2, 9
2015/8/8, , 25, 57, 4, 1, 9
2015/8/9, , 22, 54, 3, 1, 9
2015/8/10, , 16, 69, 4, 2, 5
2015/8/11, , 18, 63, 4, 2, 2
2015/8/12, , 19, 44, 3, 1, 2
2015/8/13, , 17, 51, 2, 2, 2
2015/8/14, , 12, 57, 3, 3, 3
2015/8/15, , 13, 52, 3, 1, 3
2015/8/16, , 20, 40, 2, 1, 2
2015/8/17, , 9, 34, 1, 1, 2
2015/8/18, , 8, 40, 3, 2, 2
2015/8/19, , 13, 36, 4, 3, 3
2015/8/20, , 13, 40, 4, 4, 3
2015/8/21, , 17, 37, 3, 1, 3
2015/8/22, , 16, 42, 3, 1, 4
2015/8/23, , 18, 47, 4, 1, 5
2015/8/24, , 19, 36, 5, 1, 5
2015/8/25, , 20, 41, 5, 1, 5
2015/8/26, , 16, 50, 7, 2, 5
2015/8/27, , 16, 32, 5, 1, 6
2015/8/28, , 30, 40, 4, 1, 5
2015/8/29, , 22, 43, 4, 2, 5
2015/8/30, , 18, 64, 5, 3, 6
2015/8/31, , 24, 82, 6, 3, 6
2015/9/1, , 27, 47, 3, , 6
2015/9/2, , 21, 37, 6, 1, 6
2015/9/3, , 21, 29, 6, 2, 7
2015/9/4, , 29, 36, 5, 1, 7
2015/9/5, , 23, 26, 3, 1, 6
2015/9/6, , 13, 23, 2, , 6
2015/9/7, , 13, 20, 3, , 6
2015/9/8, , 13, 26, 4, , 7
2015/9/9, , 16, 31, 4, 1, 7
2015/9/10, , 17, 33, 4, 3, 7
2015/9/11, , 20, 21, 3, 2, 8
2015/9/12, , 27, 25, 3, 1, 9
2015/9/13, , 42, 31, 3, 2, 9
2015/9/14, , 34, 32, 4, 1, 9
2015/9/15, , 24, 31, 4, 1, 10
2015/9/16, , 32, 46, 6, 3, 10
2015/9/17, , 29, 32, 4, 1, 9
2015/9/18, , 20, 39, 6, 1, 10
2015/9/19, , 26, 29, 4, 1, 11
2015/9/20, , 27, 24, 4, , 10
2015/9/21, , 19, 28, 6, 2, 11
2015/9/22, , 28, 24, 6, 3, 10
2015/9/23, , 28, 30, 5, 1, 2
2015/9/24, , 16, 32, 4, 1, 2
2015/9/25, , 9, 27, 2, , 1
2015/9/26, , 7, 25, 2, , 1
2015/9/27, , 6, 23, 3, , 1
2015/9/28, , 7, 23, 2, , 2
2015/9/29, , 6, 26, 3, 1, 2
2015/9/30, , 6, 26, 7, 17, 8
2015/4/1, , 10, 30, 2, 1, 2
2015/4/2, , 14, 31, 2, 1, 2
2015/4/3, , 16, 28, 3, 1, 3
2015/4/4, , 20, 29, 1, 1, 3
2015/4/5, , 14, 31, 1, 1, 3
2015/4/6, , 12, 32, 3, 1, 4
2015/4/7, , 22, 30, 3, 1, 4
2015/4/8, , 18, 32, 5, 3, 5
2015/4/9, , 21, 45, 7, 5, 6
2015/4/10, , 42, 52, 6, 3, 6
2015/4/11, , 45, 35, 3, 1, 5
2015/4/12, , 20, 32, 3, 2, 6
2015/4/13, , 24, 32, 2, 1, 6
2015/4/14, , 16, 28, 3, 1, 6
2015/4/15, , 23, 36, 3, 1, 6
2015/4/16, , 21, 35, 2, 1, 6
2015/4/17, , 16, 32, 1, , 6
2015/4/18, , 14, 35, 2, 1, 7
2015/4/19, , 17, 38, 2, 1, 7
2015/4/20, , 16, 39, 3, 1, 7
2015/4/21, , 16, 41, 3, 1, 7
2015/4/22, , 18, 43, 4, 1, 8
2015/4/23, , 22, 38, 4, 1, 8
2015/4/24, , 22, 59, 6, 3, 9
2015/4/25, , 34, 39, 4, 2, 9
2015/4/26, , 25, 49, 4, 3, 10
2015/4/27, , 27, 29, 3, 1, 9
2015/4/28, , 25, 32, 3, 1, 8
2015/4/29, , 18, 39, 5, 2, 9
2015/4/30, , 26, 33, 5, 2, 9
2015/5/1, , 32, 41, 4, 1, 9
2015/5/2, , 21, 47, 4, 2, 9
2015/5/3, , 21, 37, 4, 2, 5
2015/5/4, , 28, 43, 5, 3, 2
2015/5/5, , 32, 31, 4, 2, 2
2015/5/6, , 27, 42, 5, 1, 2
2015/5/7, , 28, 40, 4, 1, 2
2015/5/8, , 21, 49, 5, 2, 2
2015/5/9, , 21, 35, 3, 1, 2
2015/5/10, , 25, 38, 4, 1, 2
2015/5/11, , 20, 48, 6, 2, 2
2015/5/12, , 25, 39, 4, 1, 2
2015/5/13, , 22, 33, 4, 1, 2
2015/5/14, , 23, 37, 4, 1, 2
2015/5/15, , 24, 33, 4, 2, 2
2015/5/16, , 23, 38, 3, 1, 2
2015/5/17, , 23, 44, 4, 1, 2
2015/5/18, , 23, 45, 5, 2, 3
2015/5/19, , 27, 31, 5, 2, 4
2015/5/20, , 33, 39, 3, 1, 3
2015/5/21, , 23, 45, 4, 1, 3
2015/5/22, , 23, 44, 6, 2, 4
2015/5/23, , 28, 42, 4, 1, 3
2015/5/24, , 23, 39, 5, 2, 4
2015/5/25, , 29, 33, 4, 1, 4
2015/5/26, , 32, 29, 3, 1, 3
2015/5/27, , 21, 38, 5, 1, 4
2015/5/28, , 23, 44, 5, 1, 4
2015/5/29, , 27, 42, 4, 1, 4
2015/5/30, , 29, 40, 4, 1, 4
2015/5/31, , 21, 40, 5, 3, 5
2015/6/1, , 25, 41, 4, 2, 5
2015/6/2, , 27, 47, 5, 2, 5
2015/6/3, , 25, 38, 2, 1, 4
2015/6/4, , 23, 46, 3, 2, 4
2015/6/5, , 22, 64, 3, 3, 5
2015/6/6, , 25, 45, 2, 2, 5
2015/6/7, , 31, , , , 
2015/6/10, , 25, 53, 4, 2, 4
2015/6/11, , 26, 65, 4, 2, 4
2015/6/12, , 30, 59, 4, 1, 5
2015/6/13, , 39, 56, 3, 1, 5
2015/6/14, , 38, 40, 2, 1, 4
2015/6/15, , 29, 34, 3, 1, 4
2015/6/16, , 26, 41, 3, 1, 4
2015/6/17, , 27, 39, 4, 2, 5
2015/6/18, , 30, 28, 3, 1, 5
2015/6/19, , 32, 29, 3, 1, 5
2015/6/20, , 29, 29, 2, 1, 5
2015/6/21, , 31, 34, 3, 1, 5
2015/6/22, , 32, 26, 3, 1, 5
2015/6/23, , 32, 31, 2, 1, 5
2015/6/24, , 31, 37, 3, 1, 5
2015/6/25, , 34, 45, 3, 1, 6
2015/6/26, , 39, 33, 3, 1, 5
2015/6/27, , 38, 33, 4, 1, 6
2015/6/28, , 46, 31, 2, 1, 6
2015/6/29, , 39, 41, 4, 2, 6
2015/6/30, , 36, 34, 1, 1, 5
2015/1/8, , 66, 24, 13, 1, 1
2015/1/9, , 15, 26, 1, , 1
2015/1/10, , 16, 28, , , 
2015/1/11, , 8, 27, , 1, 1
2015/1/12, , 9, 22, , 2, 1
2015/1/13, , 13, 22, , 2, 1
2015/1/14, , 17, 20, 6, 2, 1
2015/1/15, , 24, 20, 7, 4, 4
2015/1/16, , 37, 14, 6, 2, 2
2015/1/17, , 48, 8, 6, 3, 2
2015/1/18, , 65, 13, 6, 4, 3
2015/1/19, , 52, 15, 4, 3, 4
2015/1/20, , 32, 5, 6, 2, 7
2015/1/21, , 50, 8, 6, 2, 9
2015/1/22, , 58, 13, 3, 1, 9
2015/1/23, , 47, 16, 3, , 11
2015/1/24, , 43, 15, 4, 1, 13
2015/1/25, , 50, 18, 6, 3, 16
2015/1/26, , 45, 17, 6, 3, 21
2015/1/27, , 38, 21, 3, 1, 10
2015/1/28, , 18, 21, 8, 2, 6
2015/1/29, , 27, 19, 4, 4, 9
2015/1/30, , 33, 20, 4, 2, 10
2015/1/31, , 31, 21, 4, 3, 13
2015/2/1, , 32, 12, 9, 6, 18
2015/2/2, , 60, 17, 7, 6, 11
2015/2/3, , 52, 18, 4, 2, 6
2015/2/4, , 32, 19, 4, 2, 9
2015/2/5, , 63, 27, 3, 1, 6
2015/2/6, , 43, 23, 4, 1, 5
2015/2/7, , 41, 32, 1, 1, 4
2015/2/8, , 7, 26, 3, 1, 6
2015/2/9, , 16, 20, 4, 1, 7
2015/2/10, , 22, 23, 4, 1, 9
2015/2/11, , 22, 21, 6, 5, 12
2015/2/12, , 53, 26, 7, 5, 16
2015/2/13, , 59, 30, 9, 9, 18
2015/2/14, , 64, 25, 5, 5, 20
2015/2/15, , 65, 29, 3, 3, 18
2015/2/16, , 19, 26, 4, 4, 19
2015/2/17, , 18, 18, 7, 3, 22
2015/2/18, , 65, 12, 7, 2, 12
2015/2/19, , 52, 20, 9, 6, 7
2015/2/20, , 72, 35, 5, 5, 8
2015/2/21, , 55, 26, 5, 4, 9
2015/2/22, , 56, 24, 6, 5, 10
2015/2/23, , 58, 19, 5, 3, 7
2015/2/24, , 50, 22, 6, 3, 6
2015/2/25, , 62, 26, 4, 3, 6
2015/2/26, , 55, 15, 4, 2, 7
2015/2/27, , 52, 14, 6, 2, 9
2015/2/28, , 58, 28, 3, 3, 9
2015/3/1, , 54, 28, 3, 2, 8
2015/3/2, , 23, 26, 2, 1, 9
2015/3/3, , 16, 29, 2, 1, 10
2015/3/4, , 19, 26, 3, , 10
2015/3/5, , 23, 27, 5, 1, 11
2015/3/6, , 33, 22, 4, 2, 13
2015/3/7, , 49, 20, 3, 4, 13
2015/3/8, , 51, 25, 5, 4, 14
2015/3/9, , 39, 35, 6, 5, 16
2015/3/10, , 63, 29, 2, 1, 8
2015/3/11, , 27, 26, 1, , 2
2015/3/12, , 19, 23, 1, 1, 3
2015/3/13, , 16, 21, 1, , 4
2015/3/14, , 23, 24, 1, 2, 5
2015/3/15, , 23, 31, 2, 2, 5
2015/3/16, , 31, 39, 3, 4, 5
2015/3/17, , 27, 43, 4, 6, 6
2015/3/18, , 29, 43, 4, 8, 7
2015/3/19, , 41, 40, 8, 7, 9
2015/3/20, , 59, 42, 5, 6, 9
2015/3/21, , 61, 35, 1, 2, 7
2015/3/22, , 9, 34, 6, 7, 10
2015/3/23, , 38, , , , 
2015/3/27, , 51, 19, 4, 1, 12
2015/3/28, , 44, 25, 5, 2, 14
2015/3/29, , 54, 33, 2, 1, 12
2015/3/30, , 16, 30, 3, 1, 10
2015/3/31, , 17, 32, 2, 1, 2
2019/6/19, , , 59, 3, 1, 
2019/6/20, , , 46, 3, 1, 1
2019/6/21, , , 43, 2, , 
2019/6/22, , , 38, 1, , 
2018/1/4, , , 22, 5, 2, 3
2018/3/27, , , 28, 11, 2, 4
2016/1/12, , , 2, 11, 37, 88
2016/2/2, , , 25, 6, 6, 9
2016/2/5, , , 17, 5, 4, 4
2016/2/6, , , 23, 6, 5, 2
2016/2/7, , , 23, 6, 4, 5
2016/2/8, , , 28, 4, 4, 5
2016/2/9, , , 27, 3, 4, 4
2016/2/10, , , 19, 3, 3, 3
2016/2/11, , , 21, 6, 3, 8
2016/2/12, , , 15, 7, 5, 9
2016/2/13, , , 16, 5, 7, 9
2016/2/14, , , 10, 7, 7, 10
2016/2/28, , , 25, 6, 4, 8
2016/3/4, , , 17, 6, 5, 11
2016/3/5, , , 17, 6, 4, 11
2016/3/6, , , 12, 11, 6, 13
2016/3/7, , , 18, 12, 7, 13
2016/3/8, , , 12, 8, 3, 11
2016/3/13, , , 20, 6, 2, 10
2015/11/11, , , 19, 3, 1, 16
2015/11/19, , , 24, 3, 1, 2
2015/11/20, , , 19, 4, 1, 3
2015/11/21, , , 15, 4, 1, 3
2015/11/22, , , 16, 4, 1, 3
2015/11/23, , , 15, 6, 3, 4
2015/11/24, , , 11, 9, 5, 5
2015/11/25, , , 5, 10, 5, 8
2015/11/26, , , 6, 9, 5, 9
2015/11/27, , , 11, 7, 6, 7
2015/11/28, , , 20, 3, 4, 5
2015/12/4, , , 16, 5, 3, 7
2016/1/2, , , 14, 3, 7, 13
2015/6/9, , , 42, 3, 1, 4
2015/1/7, , , 9, 11, 6, 6
2015/3/26, , , 14, 5, 2, 12