date, pm25, no2, co
2024/5/1, 44, 9, 
2024/5/2, 47, 5, 
2024/5/3, 47, 9, 
2024/5/4, 63, 5, 
2024/5/5, 52, 9, 
2024/5/6, 39, 10, 
2024/5/7, 52, 9, 
2024/5/8, 43, 14, 
2024/5/9, 50, 15, 
2024/5/10, 60, 10, 
2024/5/11, 67, 6, 
2024/5/12, 44, 10, 
2024/5/13, 42, 10, 
2024/5/14, 46, 9, 
2024/5/15, 38, 8, 
2024/5/16, 38, 12, 
2024/5/17, 47, 8, 
2024/5/18, 40, 7, 
2024/5/19, 42, 9, 
2024/5/20, 50, 11, 
2024/5/21, 51, 12, 
2024/5/22, 60, , 
2024/4/1, 112, 8, 
2024/4/2, 34, 9, 
2024/4/3, 38, 10, 
2024/4/4, 39, 10, 
2024/4/5, 40, 10, 
2024/4/6, 49, 8, 
2024/4/7, 57, 10, 
2024/4/8, 40, 10, 
2024/4/9, 46, 13, 
2024/4/10, 53, 12, 
2024/4/11, 60, 14, 
2024/4/12, 73, 11, 
2024/4/13, 69, 6, 
2024/4/14, 54, 14, 
2024/4/15, 73, 10, 
2024/4/16, 38, 11, 
2024/4/17, 50, 12, 
2024/4/18, 68, 8, 
2024/4/19, 42, 6, 
2024/4/20, 30, 8, 
2024/4/21, 59, 13, 
2024/4/22, 73, 10, 
2024/4/23, 69, 14, 
2024/4/24, 89, 14, 
2024/4/25, 59, 13, 
2024/4/26, 61, 8, 
2024/4/27, 67, 10, 
2024/4/28, 54, 16, 
2024/4/29, 56, 11, 
2024/4/30, 53, 5, 
2024/1/7, 60, 10, 
2024/1/8, 92, 22, 
2024/1/9, 175, 27, 
2024/1/10, 194, 22, 
2024/1/11, 145, 15, 
2024/1/12, 84, 9, 
2024/1/13, 51, 4, 
2024/1/14, 42, 6, 
2024/1/15, 44, 12, 
2024/1/16, 55, 11, 
2024/1/17, 65, 11, 
2024/1/18, 60, 16, 
2024/1/19, 79, 13, 
2024/1/20, 61, 7, 
2024/1/21, 68, 4, 
2024/1/22, 35, 9, 
2024/1/23, 47, 5, 
2024/1/24, 34, 8, 
2024/1/25, 42, 12, 
2024/1/26, 50, 7, 
2024/1/27, 42, 11, 
2024/1/28, 69, 13, 
2024/1/29, 94, 14, 
2024/1/30, 76, 18, 
2024/1/31, 112, 10, 
2024/2/1, 60, 9, 
2024/2/2, 47, 6, 
2024/2/3, 44, 4, 
2024/2/4, 30, 5, 
2024/2/5, 33, 6, 
2024/2/6, 43, 6, 
2024/2/7, 36, 15, 
2024/2/8, 80, 10, 
2024/2/9, 60, 10, 
2024/2/10, 52, 10, 
2024/2/11, 48, 12, 
2024/2/12, 53, 15, 
2024/2/13, 67, 16, 
2024/2/14, 93, 11, 
2024/2/15, 62, 11, 
2024/2/16, 61, 13, 
2024/2/17, 61, 8, 
2024/2/18, 70, 8, 
2024/2/19, 55, 12, 
2024/2/20, 44, 11, 
2024/2/21, 49, 4, 
2024/2/22, 39, 9, 
2024/2/23, 40, 11, 
2024/2/24, 67, 10, 
2024/2/25, 93, 16, 
2024/2/26, 87, 17, 
2024/2/27, 105, 16, 
2024/2/28, 137, 12, 
2024/2/29, 107, 19, 
2024/3/1, 131, 15, 
2024/3/2, 117, 10, 
2024/3/3, 65, 18, 
2024/3/4, 88, 13, 
2024/3/5, 106, 13, 
2024/3/6, 101, 7, 
2024/3/7, 85, 9, 
2024/3/8, 98, 9, 
2024/3/9, 94, 6, 
2024/3/10, 52, 11, 
2024/3/11, 73, 11, 
2024/3/12, 86, 13, 
2024/3/13, 97, 13, 
2024/3/14, 118, 13, 
2024/3/15, 96, 9, 
2024/3/16, 55, 5, 
2024/3/17, 45, 13, 
2024/3/18, 71, 13, 
2024/3/19, 90, 17, 
2024/3/20, 117, 17, 
2024/3/21, 110, 15, 
2024/3/22, 82, 7, 
2024/3/23, 48, 7, 
2024/3/24, 46, 11, 
2024/3/25, 55, 8, 
2024/3/26, 63, 4, 
2024/3/27, 43, 6, 
2024/3/28, 49, 4, 
2024/3/29, 32, 3, 
2024/3/30, 82, 1, 
2024/3/31, 80, 3, 
2023/10/1, 47, 9, 
2023/10/2, 48, 6, 
2023/10/3, 44, 11, 
2023/10/4, 37, 10, 
2023/10/5, 45, 12, 
2023/10/6, 42, 6, 
2023/10/7, 35, 6, 
2023/10/8, 35, 12, 
2023/10/9, 56, 11, 
2023/10/10, 68, 6, 
2023/10/11, 49, 10, 
2023/10/12, 53, 9, 
2023/10/13, 51, 5, 
2023/10/14, 48, 7, 
2023/10/15, 36, 11, 
2023/10/16, 41, 11, 
2023/10/17, 75, 12, 
2023/10/18, 91, 15, 
2023/10/19, 100, 8, 
2023/10/20, 80, 8, 
2023/10/21, 55, 7, 
2023/10/22, 42, 11, 
2023/10/23, 49, 11, 
2023/10/24, 61, 11, 
2023/10/25, 53, 9, 
2023/10/26, 40, 11, 
2023/10/27, 51, 7, 
2023/10/28, 27, 3, 
2023/10/29, 27, 8, 
2023/10/30, 31, 8, 
2023/10/31, 30, 4, 
2023/11/1, 34, 8, 
2023/11/2, 35, 5, 
2023/11/3, 33, 8, 
2023/11/4, 51, 3, 
2023/11/5, 31, 7, 
2023/11/6, 35, 15, 
2023/11/7, 62, 11, 
2023/11/8, 58, 7, 
2023/11/9, 41, 11, 
2023/11/10, 58, 8, 
2023/11/11, 58, 7, 
2023/11/12, 48, 10, 
2023/11/13, 53, 6, 
2023/11/14, 35, 10, 
2023/11/15, 37, 12, 
2023/11/16, 51, 11, 
2023/11/17, 53, 8, 
2023/11/18, 53, 5, 
2023/11/19, 48, 8, 
2023/11/20, 34, 13, 
2023/11/21, 48, 11, 
2023/11/22, 68, 9, 
2023/11/23, 56, 11, 
2023/11/24, 36, 10, 
2023/11/25, 51, 6, 
2023/11/26, 52, 12, 
2023/11/27, 66, 12, 
2023/11/28, 85, 15, 
2023/11/29, 103, 14, 
2023/11/30, 88, 20, 
2023/12/1, 158, 12, 
2023/12/2, 90, 9, 
2023/12/3, 70, 13, 
2023/12/4, 82, 20, 
2023/12/5, 117, 26, 
2023/12/6, 176, 22, 
2023/12/7, 167, 24, 
2023/12/8, 172, 17, 
2023/12/9, 124, 6, 
2023/12/10, 53, 6, 
2023/12/11, 41, 12, 
2023/12/12, 50, 15, 
2023/12/13, 104, 14, 
2023/12/14, 99, 13, 
2023/12/15, 88, 11, 
2023/12/16, 87, 8, 
2023/12/17, 59, 13, 
2023/12/18, 57, 11, 
2023/12/19, 36, 10, 
2023/12/20, 37, 5, 
2023/12/21, 27, 7, 
2023/12/22, 30, 6, 
2023/12/23, 35, 4, 
2023/12/24, 30, 2, 
2023/12/25, 23, 2, 
2023/12/26, 22, 13, 
2023/12/27, 51, 7, 
2023/12/28, 48, 8, 
2023/7/1, 58, 5, 
2023/7/2, 39, 9, 
2023/7/3, 49, 12, 
2023/7/4, 65, 9, 
2023/7/6, 47, 11, 
2023/7/7, 52, 8, 
2023/7/8, 51, 8, 
2023/7/9, 56, 11, 
2023/7/10, 60, 9, 
2023/7/11, 45, 10, 
2023/7/12, 48, 11, 
2023/7/13, 42, 9, 
2023/7/14, 48, 5, 
2023/7/15, 46, 4, 
2023/7/16, 59, 8, 
2023/7/17, 43, 8, 
2023/7/18, 41, 12, 
2023/7/19, 54, 11, 
2023/7/20, 43, 10, 
2023/7/21, 46, 8, 
2023/7/22, 41, 4, 
2023/7/23, 42, 6, 
2023/7/24, 40, 11, 
2023/7/25, 35, 11, 
2023/7/26, 40, 9, 
2023/7/27, 37, 5, 
2023/7/28, 28, 5, 
2023/7/29, 27, 6, 
2023/7/30, 21, 9, 
2023/7/31, 31, 6, 
2023/8/1, 25, 6, 
2023/8/2, 25, 9, 
2023/8/3, 32, 11, 
2023/8/4, 31, 10, 
2023/8/5, 48, 5, 
2023/8/6, 24, 7, 
2023/8/7, 24, 6, 
2023/8/8, 28, 7, 
2023/8/9, 30, 10, 
2023/8/10, 37, 10, 
2023/8/11, 49, 7, 
2023/8/12, 51, 5, 
2023/8/13, 45, 8, 
2023/8/14, 50, 5, 
2023/8/15, 52, 8, 
2023/8/16, 54, 9, 
2023/8/17, 44, 9, 
2023/8/18, 47, 5, 
2023/8/19, 49, 7, 
2023/8/20, 56, 10, 
2023/8/21, 62, 8, 
2023/8/22, 55, 13, 
2023/8/23, 63, 10, 
2023/8/24, 55, 9, 
2023/8/25, 52, 9, 
2023/8/26, 47, 7, 
2023/8/27, 38, 10, 
2023/8/28, 33, 9, 
2023/8/29, 40, 10, 
2023/8/30, 39, 10, 
2023/8/31, 34, 8, 
2023/9/1, 41, 8, 
2023/9/2, 39, 7, 
2023/9/3, 53, 12, 
2023/9/4, 46, 8, 
2023/9/5, 53, 10, 
2023/9/6, 56, 9, 
2023/9/7, 57, 11, 
2023/9/8, 61, 9, 
2023/9/9, 71, 6, 
2023/9/10, 61, 11, 
2023/9/11, 60, 12, 
2023/9/12, 66, 12, 
2023/9/13, 71, 13, 
2023/9/14, 45, 9, 
2023/9/15, 45, 8, 
2023/9/16, 52, 5, 
2023/9/17, 45, 7, 
2023/9/18, 54, 12, 
2023/9/19, 43, 9, 
2023/9/20, 37, 8, 
2023/9/21, 41, 8, 
2023/9/22, 46, 10, 
2023/9/23, 35, 7, 
2023/9/24, 41, 7, 
2023/9/25, 41, 8, 
2023/9/26, 47, 11, 
2023/9/27, 60, 11, 
2023/9/28, 60, 12, 
2023/9/29, 64, 12, 
2023/9/30, 54, 7, 
2023/4/1, 34, 7, 
2023/4/2, 58, 9, 
2023/4/3, 51, 10, 
2023/4/4, 60, 17, 
2023/4/5, 84, 18, 
2023/4/6, 103, 15, 
2023/4/7, 88, 8, 
2023/4/8, 92, 9, 
2023/4/9, 111, 9, 
2023/4/10, 113, 10, 
2023/4/11, 54, 11, 
2023/4/12, 49, 11, 
2023/4/13, 65, 13, 
2023/4/14, 65, 11, 
2023/4/15, 48, 8, 
2023/4/16, 67, 12, 
2023/4/17, 72, 8, 
2023/4/18, 52, 15, 
2023/4/19, 69, 10, 
2023/4/20, 75, 13, 
2023/4/21, 74, 10, 
2023/4/22, 76, 8, 
2023/4/23, 69, 10, 
2023/4/24, 63, 13, 
2023/4/25, 49, 11, 
2023/4/26, 46, 16, 
2023/4/27, 81, 11, 
2023/4/28, 68, 8, 
2023/4/29, 57, 8, 
2023/4/30, 57, 7, 
2023/5/1, 61, 12, 
2023/5/2, 62, 8, 
2023/5/3, 64, 9, 
2023/5/4, 61, 10, 
2023/5/5, 61, 8, 
2023/5/6, 64, 4, 
2023/5/7, 54, 4, 
2023/5/8, 40, 6, 
2023/5/9, 48, 9, 
2023/5/10, 53, 9, 
2023/5/11, 52, 12, 
2023/5/12, 51, 12, 
2023/5/13, 62, 6, 
2023/5/14, 53, 10, 
2023/5/15, 39, 10, 
2023/5/16, 48, 14, 
2023/5/17, 50, 10, 
2023/5/18, 51, 7, 
2023/5/19, 48, 7, 
2023/5/20, 62, 8, 
2023/5/21, 62, 10, 
2023/5/22, 53, 11, 
2023/5/23, 56, 11, 
2023/5/24, 59, 13, 
2023/5/25, 65, 16, 
2023/5/26, 81, 10, 
2023/5/27, 62, 6, 
2023/5/28, 56, 11, 
2023/5/29, 58, 15, 
2023/5/30, 67, 12, 
2023/5/31, 53, 13, 
2023/6/1, 55, 12, 
2023/6/2, 58, 6, 
2023/6/3, 35, 5, 
2023/6/4, 45, 10, 
2023/6/5, 50, 12, 
2023/6/6, 60, 12, 
2023/6/7, 53, 5, 
2023/6/8, 50, 8, 
2023/6/9, 45, 7, 
2023/6/10, 56, 3, 
2023/6/11, 47, 6, 
2023/6/12, 39, 8, 
2023/6/13, 38, 9, 
2023/6/14, 46, 11, 
2023/6/15, 54, 13, 
2023/6/16, 64, 8, 
2023/6/17, 48, 6, 
2023/6/18, 47, 11, 
2023/6/19, 49, 10, 
2023/6/20, 60, 9, 
2023/6/21, 57, 10, 
2023/6/22, 51, 12, 
2023/6/23, 58, 10, 
2023/6/24, 33, 7, 
2023/6/25, 46, 10, 
2023/6/26, 48, 10, 
2023/6/27, 40, 9, 
2023/6/28, 31, 10, 
2023/6/29, 42, 9, 
2023/6/30, 48, 8, 
2023/1/2, 78, 14, 
2023/1/3, 69, 10, 
2023/1/4, 69, 8, 
2023/1/5, 29, 5, 
2023/1/6, 39, 12, 
2023/1/7, 79, 10, 
2023/1/8, 102, 9, 
2023/1/9, 49, 15, 
2023/1/10, 60, 12, 
2023/1/11, 67, 8, 
2023/1/12, 39, 6, 
2023/1/13, 41, 6, 
2023/1/14, 40, 2, 
2023/1/15, 33, 14, 
2023/1/16, 57, 10, 
2023/1/17, 60, 12, 
2023/1/18, 60, 15, 
2023/1/19, 96, 17, 
2023/1/20, 105, 14, 
2023/1/21, 82, 10, 
2023/1/22, 98, 10, 
2023/1/23, 82, 11, 
2023/1/24, 68, 8, 
2023/1/25, 59, 16, 
2023/1/26, 112, 14, 
2023/1/27, 113, 10, 
2023/1/28, 89, 9, 
2023/1/29, 80, 8, 
2023/1/30, 58, 10, 
2023/1/31, 39, 7, 
2023/2/1, 35, 9, 
2023/2/2, 40, 9, 
2023/2/3, 42, 6, 
2023/2/4, 46, 12, 
2023/2/5, 81, 15, 
2023/2/6, 124, 23, 
2023/2/7, 169, 21, 
2023/2/8, 144, 15, 
2023/2/9, 122, 18, 
2023/2/10, 99, 11, 
2023/2/11, 87, 12, 
2023/2/12, 92, 18, 
2023/2/13, 100, 20, 
2023/2/14, 87, 20, 
2023/2/15, 131, 22, 
2023/2/16, 123, 9, 
2023/2/17, 66, 7, 
2023/2/18, 39, 5, 
2023/2/19, 36, 8, 
2023/2/20, 40, 9, 
2023/2/21, 41, 17, 
2023/2/22, 81, 12, 
2023/2/23, 99, 6, 
2023/2/24, 55, 6, 
2023/2/25, 38, 7, 
2023/2/26, 53, 10, 
2023/2/27, 60, 12, 
2023/2/28, 80, 19, 
2023/3/1, 134, 20, 
2023/3/2, 141, 18, 
2023/3/3, 150, 10, 
2023/3/4, 95, 7, 
2023/3/5, 55, 9, 
2023/3/6, 48, 7, 
2023/3/7, 62, 6, 
2023/3/8, 51, 10, 
2023/3/9, 46, 5, 
2023/3/10, 41, 7, 
2023/3/11, 41, 5, 
2023/3/12, 44, 4, 
2023/3/13, 36, 7, 
2023/3/14, 43, 13, 
2023/3/15, 62, 16, 
2023/3/16, 90, 15, 
2023/3/17, 98, 14, 
2023/3/18, 89, 12, 
2023/3/19, 87, 18, 
2023/3/20, 109, 15, 
2023/3/21, 76, 10, 
2023/3/22, 75, 7, 
2023/3/23, 45, 8, 
2023/3/24, 50, 7, 
2023/3/25, 36, 4, 
2023/3/26, 26, 10, 
2023/3/27, 56, 11, 
2023/3/28, 51, 11, 
2023/3/29, 68, 7, 
2023/3/30, 42, 7, 
2023/3/31, 38, 8, 
2022/10/1, 67, 4, 
2022/10/2, 32, 8, 
2022/10/3, 36, 10, 
2022/10/4, 48, 6, 
2022/10/5, 46, 11, 
2022/10/6, 42, 11, 
2022/10/7, 61, 11, 
2022/10/8, 76, 8, 
2022/10/9, 56, 10, 
2022/10/10, 65, 15, 
2022/10/11, 85, 12, 
2022/10/12, 84, 13, 
2022/10/13, 98, 10, 
2022/10/14, 87, 4, 
2022/10/15, 61, 4, 
2022/10/16, 54, 9, 
2022/10/17, 53, 17, 
2022/10/18, 56, 11, 
2022/10/19, 46, 12, 
2022/10/20, 67, 13, 
2022/10/21, 63, 14, 
2022/10/22, 83, 8, 
2022/10/23, 53, 11, 
2022/10/24, 50, 13, 
2022/10/25, 42, 13, 
2022/10/26, 65, 13, 
2022/10/27, 76, 13, 
2022/10/28, 66, 9, 
2022/10/29, 68, 10, 
2022/10/30, 68, 14, 
2022/10/31, 83, 7, 
2022/11/1, 73, 11, 
2022/11/2, 56, 12, 
2022/11/3, 72, 11, 
2022/11/4, 57, 10, 
2022/11/5, 49, 8, 
2022/11/6, 80, 10, 
2022/11/7, 60, 12, 
2022/11/8, 52, 13, 
2022/11/9, 70, 18, 
2022/11/10, 98, 11, 
2022/11/11, 99, 14, 
2022/11/12, 110, 11, 
2022/11/13, 144, 13, 
2022/11/14, 126, 20, 
2022/11/15, 136, 15, 
2022/11/16, 97, 7, 
2022/11/17, 53, 8, 
2022/11/18, 73, 12, 
2022/11/19, 88, 14, 
2022/11/20, 153, 11, 
2022/11/21, 69, 12, 
2022/11/22, 72, 12, 
2022/11/23, 135, 13, 
2022/11/24, 117, 15, 
2022/11/25, 124, 12, 
2022/11/26, 92, 11, 
2022/11/27, 102, 13, 
2022/11/28, 116, 18, 
2022/11/29, 144, 11, 
2022/11/30, 138, 8, 
2022/12/1, 84, 9, 
2022/12/2, 97, 11, 
2022/12/3, 162, 10, 
2022/12/4, 152, 13, 
2022/12/5, 142, 12, 
2022/12/6, 97, 9, 
2022/12/7, 42, 10, 
2022/12/8, 49, 16, 
2022/12/9, 95, 12, 
2022/12/10, 85, 8, 
2022/12/11, 66, 10, 
2022/12/12, 62, 16, 
2022/12/13, 95, 19, 
2022/12/14, 157, 18, 
2022/12/15, 141, 17, 
2022/12/16, 151, 13, 
2022/12/17, 152, 13, 
2022/12/18, 156, 13, 
2022/12/19, 103, 17, 
2022/12/20, 105, 22, 
2022/12/21, 135, 10, 
2022/12/22, 53, 9, 
2022/12/23, 46, 6, 
2022/12/24, 38, 8, 
2022/12/25, 68, 3, 
2022/12/26, 46, 8, 
2022/12/27, 41, 6, 
2022/12/28, 42, 5, 
2022/12/29, 42, 16, 
2022/12/30, 89, 2, 
2022/12/31, 36, 5, 
2023/1/1, 42, 11, 
2022/9/26, 63, 10, 
2022/9/27, 55, 7, 
2022/9/28, 34, 9, 
2022/9/29, 43, 10, 
2022/9/30, 70, 9, 
2021/7/1, 34, 11, 2
2021/7/2, 42, 11, 2
2021/7/3, 58, 6, 2
2021/7/4, 55, 12, 2
2021/7/5, 69, 10, 2
2021/7/6, 57, 10, 2
2021/7/7, 48, 10, 2
2021/7/8, 57, 12, 2
2021/7/9, 67, 8, 2
2021/7/10, 35, 5, 1
2021/7/11, 50, 7, 2
2021/7/12, 44, 13, 2
2021/7/13, 54, 11, 2
2021/7/14, 67, 10, 2
2021/7/15, 54, 15, 2
2021/7/16, 68, , 
2021/7/18, 52, 10, 2
2021/7/19, 52, 10, 1
2021/7/20, 55, 13, 2
2021/7/21, 53, 12, 2
2021/7/22, 57, 12, 2
2021/7/23, 62, 8, 2
2021/7/24, 66, 4, 2
2021/7/25, 60, 10, 2
2021/7/26, 40, 11, 2
2021/7/27, 55, 10, 2
2021/7/28, 51, 11, 2
2021/7/29, 45, 12, 2
2021/7/30, 48, 9, 2
2021/7/31, 48, 6, 2
2021/8/1, 35, 10, 1
2021/8/2, 35, 8, 2
2021/8/3, 33, 11, 2
2021/8/4, 37, 13, 2
2021/8/5, 40, 12, 2
2021/8/6, 35, 8, 2
2021/8/7, 39, 5, 2
2021/8/8, 25, 10, 2
2021/8/9, 32, 10, 2
2021/8/10, 44, 14, 2
2021/8/11, 44, 12, 2
2021/8/12, 58, 11, 2
2021/8/13, 58, 9, 2
2021/8/14, 57, 7, 2
2021/8/15, 56, 10, 2
2021/8/16, 44, 9, 2
2021/8/17, 31, 9, 2
2021/8/18, 40, 11, 2
2021/8/19, 35, 11, 2
2021/8/20, 38, 10, 2
2021/8/21, 55, 6, 2
2021/8/22, 52, 8, 2
2021/8/23, 34, 11, 2
2021/8/24, 45, 12, 2
2021/8/25, 55, 9, 2
2021/8/26, 46, 10, 2
2021/8/27, 46, 7, 2
2021/8/28, 39, 8, 2
2021/8/29, 49, 14, 3
2021/8/30, 53, 8, 2
2021/8/31, 28, 11, 2
2021/9/1, 45, 11, 3
2021/9/2, 56, 12, 3
2021/9/3, 58, 10, 2
2021/9/4, 70, 6, 2
2021/9/5, 51, 11, 3
2021/9/6, 49, 12, 3
2021/9/7, 58, 12, 2
2021/9/8, 61, 13, 2
2021/9/9, 59, 13, 2
2021/9/10, 56, 11, 2
2021/9/11, 66, 8, 2
2021/9/12, 62, 15, 3
2021/9/13, 67, 11, 2
2021/9/14, 66, 14, 3
2021/9/15, 67, 16, 3
2021/9/16, 59, 14, 2
2021/9/17, 46, 8, 2
2021/9/18, 35, 7, 
2021/9/19, 51, 14, 
2021/9/20, 56, 14, 
2021/9/21, 56, 17, 4
2021/9/22, 57, 8, 2
2021/9/23, 49, 7, 3
2021/9/24, 49, 11, 2
2021/9/25, 55, 8, 3
2021/9/26, 60, 10, 4
2021/9/27, 71, 11, 3
2021/9/28, 73, 7, 3
2021/9/29, 73, , 
2021/4/1, 80, 12, 3
2021/4/2, 91, 9, 4
2021/4/3, 86, 6, 2
2021/4/4, 74, 2, 2
2021/4/5, 49, 10, 2
2021/4/6, 57, 12, 3
2021/4/7, 66, 10, 2
2021/4/8, 67, 7, 2
2021/4/9, 55, 6, 2
2021/4/10, 53, 3, 2
2021/4/11, 44, 10, 2
2021/4/12, 59, 18, 3
2021/4/13, 74, 17, 3
2021/4/14, 78, 13, 3
2021/4/15, 64, 12, 3
2021/4/16, 58, 10, 3
2021/4/17, 88, 7, 4
2021/4/18, 106, 18, 6
2021/4/19, 127, 17, 5
2021/4/20, 116, 16, 4
2021/4/21, 98, 15, 3
2021/4/22, 67, 14, 3
2021/4/23, 73, 13, 4
2021/4/24, 88, 11, 5
2021/4/25, 96, 14, 4
2021/4/26, 87, 9, 3
2021/4/27, 79, 13, 3
2021/4/28, 85, 11, 3
2021/4/29, 73, 16, 2
2021/4/30, 62, 9, 3
2021/5/1, 111, 4, 2
2021/5/2, 52, 7, 2
2021/5/3, 60, 6, 2
2021/5/4, 39, 8, 2
2021/5/5, 31, 8, 2
2021/5/6, 34, 8, 1
2021/5/7, 37, 10, 2
2021/5/8, 61, 4, 2
2021/5/9, 41, 7, 1
2021/5/10, 36, 10, 2
2021/5/11, 51, 9, 2
2021/5/12, 53, 13, 3
2021/5/13, 58, 11, 2
2021/5/14, 53, 7, 2
2021/5/15, 43, 6, 2
2021/5/16, 35, 12, 2
2021/5/17, 49, 15, 2
2021/5/18, 51, 13, 3
2021/5/19, 60, 15, 2
2021/5/20, 54, 9, 2
2021/5/21, 40, 8, 2
2021/5/22, 41, 5, 1
2021/5/23, 40, 7, 2
2021/5/24, 37, 11, 2
2021/5/25, 38, 7, 1
2021/5/26, 26, 12, 2
2021/5/27, 35, 13, 2
2021/5/28, 44, 10, 2
2021/5/29, 45, 7, 2
2021/5/30, 55, 13, 2
2021/5/31, 62, 12, 2
2021/6/1, 56, 11, 2
2021/6/2, 55, 6, 2
2021/6/3, 53, 11, 2
2021/6/4, 60, 7, 2
2021/6/5, 66, 5, 2
2021/6/6, 57, 12, 2
2021/6/7, 57, 18, 2
2021/6/8, 63, 16, 2
2021/6/9, 63, 15, 2
2021/6/10, 56, 14, 2
2021/6/11, 56, 10, 2
2021/6/12, 56, 4, 1
2021/6/13, 39, 12, 1
2021/6/14, 51, 12, 2
2021/6/15, 56, 13, 2
2021/6/16, 61, 9, 2
2021/6/17, 61, 10, 2
2021/6/18, 62, 7, 2
2021/6/19, 58, 4, 2
2021/6/20, 50, 8, 2
2021/6/21, 50, 11, 2
2021/6/22, 61, 14, 2
2021/6/23, 80, 11, 2
2021/6/24, 83, 13, 2
2021/6/25, 60, 9, 2
2021/6/26, 65, 7, 2
2021/6/27, 54, 10, 2
2021/6/28, 61, 8, 2
2021/6/29, 62, 11, 1
2021/6/30, 37, 11, 2
2021/1/4, 152, 12, 6
2021/1/5, 80, 11, 7
2021/1/6, 134, 14, 5
2021/1/7, 84, 14, 5
2021/1/8, 86, 12, 5
2021/1/9, 96, 14, 6
2021/1/10, 130, 17, 10
2021/1/11, 169, 12, 6
2021/1/12, 87, 12, 2
2021/1/13, 56, 13, 3
2021/1/14, 83, 14, 3
2021/1/15, 91, 10, 3
2021/1/16, 77, 10, 3
2021/1/17, 112, 24, 10
2021/1/18, 179, 10, 3
2021/1/19, 68, 9, 2
2021/1/20, 55, 5, 2
2021/1/21, 57, 5, 2
2021/1/22, 54, 7, 2
2021/1/23, 58, 8, 3
2021/1/24, 68, 16, 3
2021/1/25, 87, 14, 3
2021/1/26, 73, 18, 4
2021/1/27, 97, 14, 5
2021/1/28, 96, 17, 4
2021/1/29, 111, 11, 4
2021/1/30, 89, 13, 4
2021/1/31, 136, 19, 8
2021/2/1, 171, 14, 7
2021/2/2, 100, 7, 2
2021/2/3, 46, 11, 3
2021/2/4, 61, 14, 5
2021/2/5, 139, 9, 4
2021/2/6, 107, 5, 3
2021/2/7, 93, 15, 4
2021/2/8, 131, 24, 8
2021/2/9, 191, 24, 9
2021/2/10, 187, 14, 4
2021/2/11, 128, 19, 4
2021/2/12, 127, 14, 4
2021/2/13, 116, 10, 2
2021/2/14, 84, 24, 8
2021/2/15, 143, 15, 6
2021/2/16, 104, 15, 4
2021/2/17, 79, 21, 6
2021/2/18, 111, 17, 6
2021/2/19, 120, 16, 7
2021/2/20, 126, 16, 6
2021/2/21, 129, 21, 9
2021/2/22, 144, 20, 9
2021/2/23, 145, 20, 8
2021/2/24, 144, 15, 4
2021/2/25, 91, 14, 3
2021/2/26, 94, 11, 2
2021/2/27, 72, 10, 3
2021/2/28, 83, 15, 4
2021/3/1, 110, 19, 7
2021/3/2, 130, 21, 7
2021/3/3, 127, 17, 5
2021/3/4, 118, 18, 3
2021/3/5, 104, 15, 4
2021/3/6, 93, 11, 3
2021/3/7, 86, 18, 5
2021/3/8, 103, 14, 5
2021/3/9, 112, 14, 5
2021/3/10, 125, 7, 3
2021/3/11, 89, 10, 2
2021/3/12, 48, 3, 2
2021/3/13, 36, 5, 2
2021/3/14, 38, 16, 4
2021/3/15, 93, 16, 7
2021/3/16, 113, 14, 3
2021/3/17, 87, 15, 3
2021/3/18, 80, 18, 4
2021/3/19, 125, , 
2021/3/21, 70, 15, 3
2021/3/22, 88, 19, 6
2021/3/23, 117, 17, 4
2021/3/24, 96, 15, 5
2021/3/25, 141, 15, 5
2021/3/26, 135, 6, 
2021/3/27, 71, 9, 
2021/3/28, 70, 12, 
2021/3/29, 80, 14, 
2021/3/30, 89, 13, 
2021/3/31, 96, 14, 
2020/10/1, 59, 13, 4
2020/10/2, 61, 4, 2
2020/10/3, 57, 4, 1
2020/10/4, 37, 9, 2
2020/10/5, 43, 11, 2
2020/10/6, 46, 14, 2
2020/10/7, 60, 14, 3
2020/10/8, 71, 12, 3
2020/10/9, 71, 10, 3
2020/10/10, 63, 8, 2
2020/10/11, 64, 17, 3
2020/10/12, 67, 19, 4
2020/10/13, 61, 6, 2
2020/10/14, 35, 11, 4
2020/10/15, 76, 10, 5
2020/10/16, 84, 10, 3
2020/10/17, 61, 5, 2
2020/10/18, 50, 14, 3
2020/10/19, 75, 8, 3
2020/10/20, 60, 11, 2
2020/10/21, 59, 15, 4
2020/10/22, 86, 15, 5
2020/10/23, 97, 12, 5
2020/10/24, 94, 7, 5
2020/10/25, 111, 9, 4
2020/10/26, 65, 13, 2
2020/10/27, 67, 13, 5
2020/10/28, 118, 12, 3
2020/10/29, 54, 10, 2
2020/10/30, 47, 10, 3
2020/10/31, 81, 6, 4
2020/11/1, 69, 8, 2
2020/11/2, 42, 12, 4
2020/11/3, 71, 16, 4
2020/11/4, 79, 16, 4
2020/11/5, 101, 16, 6
2020/11/6, 119, 12, 9
2020/11/7, 139, 13, 7
2020/11/8, 124, 13, 8
2020/11/9, 146, 12, 7
2020/11/10, 126, 11, 6
2020/11/11, 113, 9, 3
2020/11/12, 59, 10, 3
2020/11/13, 64, 9, 4
2020/11/14, 78, 7, 3
2020/11/15, 64, 10, 3
2020/11/16, 60, 14, 5
2020/11/17, 101, 11, 3
2020/11/18, 65, 7, 2
2020/11/19, 53, 16, 3
2020/11/20, 81, 16, 5
2020/11/21, 113, 6, 3
2020/11/22, 49, 12, 3
2020/11/23, 66, 15, 4
2020/11/24, 79, 19, 8
2020/11/25, 138, 19, 13
2020/11/26, 161, 14, 8
2020/11/27, 146, 14, 5
2020/11/28, 99, 8, 3
2020/11/29, 93, 13, 6
2020/11/30, 117, 14, 5
2020/12/1, 114, 16, 9
2020/12/2, 181, 22, 14
2020/12/3, 213, 10, 7
2020/12/4, 71, 6, 2
2020/12/5, 60, 10, 2
2020/12/6, 68, 12, 3
2020/12/7, 83, 14, 8
2020/12/8, 148, 12, 7
2020/12/9, 141, 11, 5
2020/12/10, 124, 14, 9
2020/12/11, 156, 16, 8
2020/12/12, 155, 13, 9
2020/12/13, 144, 14, 5
2020/12/14, 117, 19, 10
2020/12/15, 169, 19, 11
2020/12/16, 139, 15, 13
2020/12/17, 185, 14, 9
2020/12/18, 126, 17, 11
2020/12/19, 173, 15, 11
2020/12/20, 164, 17, 11
2020/12/21, 145, 8, 4
2020/12/22, 55, 10, 4
2020/12/23, 77, 6, 2
2020/12/24, 42, 7, 2
2020/12/25, 63, 9, 3
2020/12/26, 77, 8, 3
2020/12/27, 78, 3, 2
2020/12/28, 42, 3, 1
2020/12/29, 42, 16, 5
2020/12/30, 105, 14, 7
2020/12/31, 123, 9, 5
2021/1/1, 135, 19, 8
2021/1/2, 149, 16, 7
2021/1/3, 120, 18, 8
2020/7/1, 42, 8, 1
2020/7/2, 46, 12, 2
2020/7/3, 55, 8, 2
2020/7/4, 59, 5, 2
2020/7/5, 48, 8, 2
2020/7/6, 40, 10, 2
2020/7/7, 47, 10, 2
2020/7/8, 52, 9, 2
2020/7/9, 47, 6, 1
2020/7/10, 55, 11, 2
2020/7/11, 44, 7, 2
2020/7/12, 50, 11, 2
2020/7/13, 48, 10, 2
2020/7/14, 53, 11, 2
2020/7/15, 54, 14, 2
2020/7/16, 52, 12, 2
2020/7/17, 50, 10, 2
2020/7/18, 59, 6, 2
2020/7/19, 54, 11, 2
2020/7/20, 51, 13, 2
2020/7/21, 62, 12, 2
2020/7/22, 63, 13, 2
2020/7/23, 64, 9, 2
2020/7/24, 59, 10, 2
2020/7/25, 60, 5, 2
2020/7/26, 54, 11, 1
2020/7/27, 44, 6, 2
2020/7/28, 44, 13, 1
2020/7/29, 52, 14, 2
2020/7/30, 61, 17, 2
2020/7/31, 63, 10, 2
2020/8/1, 62, 6, 2
2020/8/2, 54, 13, 2
2020/8/3, 55, 10, 2
2020/8/4, 43, 9, 1
2020/8/5, 44, 11, 2
2020/8/6, 60, 12, 3
2020/8/7, 69, 10, 2
2020/8/8, 72, 6, 2
2020/8/9, 69, 11, 2
2020/8/10, 54, 12, 2
2020/8/11, 56, 11, 2
2020/8/12, 56, 13, 2
2020/8/13, 60, 14, 2
2020/8/14, 64, 8, 2
2020/8/15, 62, 6, 2
2020/8/16, 56, 13, 2
2020/8/17, 49, 13, 2
2020/8/18, 56, 18, 2
2020/8/19, 61, 14, 2
2020/8/20, 62, 11, 2
2020/8/21, 57, 8, 2
2020/8/22, 47, 6, 1
2020/8/23, 38, 11, 2
2020/8/24, 47, 12, 2
2020/8/25, 56, 10, 1
2020/8/26, 43, 12, 1
2020/8/27, 40, 9, 2
2020/8/28, 44, 9, 2
2020/8/29, 57, 5, 2
2020/8/30, 52, 12, 2
2020/8/31, 40, 11, 2
2020/9/1, 39, 10, 2
2020/9/2, 41, 11, 2
2020/9/3, 51, 13, 2
2020/9/4, 51, 9, 2
2020/9/5, 45, 7, 2
2020/9/6, 44, 12, 2
2020/9/7, 55, 11, 2
2020/9/8, 55, 12, 2
2020/9/9, 54, 13, 2
2020/9/10, 54, 12, 2
2020/9/11, 58, 10, 2
2020/9/12, 67, 8, 2
2020/9/13, 63, 12, 2
2020/9/14, 60, 12, 2
2020/9/15, 62, 13, 2
2020/9/16, 69, 16, 2
2020/9/17, 61, 13, 2
2020/9/18, 52, 10, 3
2020/9/19, 70, 8, 3
2020/9/20, 67, 13, 2
2020/9/21, 69, 12, 2
2020/9/22, 63, 14, 2
2020/9/23, 66, 12, 2
2020/9/24, 63, 15, 2
2020/9/25, 57, 9, 2
2020/9/26, 46, 4, 1
2020/9/27, 37, 11, 3
2020/9/28, 68, 12, 3
2020/9/29, 54, 13, 3
2020/9/30, 72, 13, 3
2020/4/1, 115, 8, 4
2020/4/2, 84, 11, 2
2020/4/3, 81, 10, 4
2020/4/4, 100, 5, 4
2020/4/5, 98, 12, 4
2020/4/6, 97, 12, 3
2020/4/7, 84, 14, 4
2020/4/8, 91, 13, 4
2020/4/9, 82, 11, 2
2020/4/10, 76, 6, 4
2020/4/11, 97, 3, 3
2020/4/12, 71, 2, 2
2020/4/13, 53, 7, 2
2020/4/14, 57, 9, 3
2020/4/15, 63, 13, 3
2020/4/16, 69, 14, 4
2020/4/17, 86, 9, 4
2020/4/18, 94, 5, 3
2020/4/19, 82, 9, 3
2020/4/20, 60, 6, 2
2020/4/21, 63, 9, 3
2020/4/22, 67, 12, 3
2020/4/23, 76, 10, 3
2020/4/24, 71, 7, 2
2020/4/25, 65, 7, 2
2020/4/26, 63, 10, 3
2020/4/27, 60, 11, 3
2020/4/28, 66, 10, 3
2020/4/29, 65, 6, 2
2020/4/30, 75, 2, 2
2020/5/1, 65, 4, 2
2020/5/2, 56, 3, 3
2020/5/3, 63, 5, 3
2020/5/4, 75, 5, 2
2020/5/5, 58, 11, 2
2020/5/6, 64, 15, 2
2020/5/7, 76, 14, 4
2020/5/8, 82, 10, 3
2020/5/9, 78, 8, 3
2020/5/10, 65, 5, 2
2020/5/11, 46, 9, 2
2020/5/12, 59, 8, 3
2020/5/13, 66, 10, 3
2020/5/14, 69, 12, 4
2020/5/15, 86, 8, 3
2020/5/16, 84, 7, 3
2020/5/17, 74, 12, 3
2020/5/18, 68, 11, 2
2020/5/19, 62, 9, 2
2020/5/20, 53, 14, 2
2020/5/21, 54, 13, 3
2020/5/22, 64, 7, 3
2020/5/23, 63, 4, 2
2020/5/24, 53, 12, 2
2020/5/25, 54, 13, 2
2020/5/26, 64, 10, 2
2020/5/27, 68, 13, 2
2020/5/28, 71, 15, 3
2020/5/29, 69, 10, 3
2020/5/30, 62, 7, 2
2020/5/31, 64, 14, 4
2020/6/1, 70, 15, 3
2020/6/2, 63, 10, 2
2020/6/3, 60, 10, 2
2020/6/4, 57, 8, 2
2020/6/5, 46, 6, 2
2020/6/6, 42, 5, 2
2020/6/7, 64, 12, 2
2020/6/8, 56, 12, 3
2020/6/9, 74, 11, 2
2020/6/10, 73, 4, 3
2020/6/11, 64, 10, 3
2020/6/12, 67, 8, 2
2020/6/13, 65, 4, 2
2020/6/14, 64, 9, 2
2020/6/15, 54, 10, 2
2020/6/16, 60, 17, 2
2020/6/17, 65, 13, 2
2020/6/18, 67, 15, 3
2020/6/19, 59, 7, 2
2020/6/20, 27, 5, 2
2020/6/21, 34, 10, 2
2020/6/22, 49, 12, 2
2020/6/23, 50, 11, 2
2020/6/24, 61, 9, 2
2020/6/25, 60, 8, 2
2020/6/26, 53, 8, 1
2020/6/27, 54, 7, 2
2020/6/28, 47, 11, 3
2020/6/29, 49, 10, 2
2020/6/30, 43, 9, 2
2020/1/1, 100, 16, 6
2020/1/2, 135, 21, 9
2020/1/3, 117, 9, 2
2020/1/4, 55, 10, 2
2020/1/5, 79, 14, 6
2020/1/6, 137, 26, 10
2020/1/7, 157, 13, 5
2020/1/8, 99, 15, 5
2020/1/9, 100, 16, 6
2020/1/10, 95, 12, 3
2020/1/11, 80, 10, 4
2020/1/12, 77, 15, 3
2020/1/13, 93, 16, 6
2020/1/14, 112, 15, 6
2020/1/15, 94, 21, 8
2020/1/16, 154, 18, 12
2020/1/17, 164, 12, 5
2020/1/18, 110, 14, 5
2020/1/19, 135, 19, 5
2020/1/20, 136, 19, 8
2020/1/21, 137, 16, 7
2020/1/22, 111, 18, 5
2020/1/23, 115, 19, 7
2020/1/24, 130, 16, 8
2020/1/25, 155, 14, 7
2020/1/26, 160, 22, 12
2020/1/27, 166, 7, 3
2020/1/28, 58, 9, 2
2020/1/29, 48, 10, 2
2020/1/30, 52, 11, 2
2020/1/31, 48, 5, 2
2020/2/1, 47, 4, 2
2020/2/2, 43, 12, 2
2020/2/3, 53, 14, 3
2020/2/4, 56, 14, 3
2020/2/5, 75, 13, 4
2020/2/6, 72, 18, 5
2020/2/7, 105, 15, 8
2020/2/8, 125, 6, 3
2020/2/9, 71, 5, 2
2020/2/10, 49, 8, 2
2020/2/11, 47, 8, 2
2020/2/12, 49, 8, 2
2020/2/13, 54, 16, 3
2020/2/14, 74, 14, 4
2020/2/15, 98, 3, 2
2020/2/16, 51, 15, 3
2020/2/17, 77, 9, 3
2020/2/18, 49, 9, 2
2020/2/19, 50, 12, 3
2020/2/20, 76, 13, 3
2020/2/21, 63, 8, 3
2020/2/22, 70, 3, 1
2020/2/23, 40, 10, 2
2020/2/24, 51, 8, 2
2020/2/25, 52, 12, 2
2020/2/26, 51, 14, 3
2020/2/27, 78, 20, 4
2020/2/28, 94, 6, 2
2020/2/29, 61, 4, 2
2020/3/1, 54, 14, 3
2020/3/2, 56, 11, 2
2020/3/3, 56, 18, 4
2020/3/4, 95, 15, 5
2020/3/5, 108, 9, 2
2020/3/6, 54, 9, 3
2020/3/7, 59, 10, 3
2020/3/8, 103, 18, 6
2020/3/9, 127, 13, 6
2020/3/10, 95, 10, 2
2020/3/11, 36, 6, 2
2020/3/12, 39, 8, 2
2020/3/13, 43, 9, 3
2020/3/14, 76, 11, 5
2020/3/15, 107, 7, 3
2020/3/16, 53, 17, 10
2020/3/17, 112, 16, 6
2020/3/18, 130, 17, 5
2020/3/19, 114, 17, 7
2020/3/20, 140, 6, 3
2020/3/21, 70, 4, 2
2020/3/22, 68, 6, 2
2020/3/23, 80, 5, 2
2020/3/24, 76, 11, 3
2020/3/25, 100, 14, 6
2020/3/26, 129, 13, 6
2020/3/27, 126, 14, 6
2020/3/28, 149, 7, 5
2020/3/29, 124, 10, 2
2020/3/30, 81, 12, 5
2020/3/31, 105, 14, 4
2019/10/1, 34, 10, 2
2019/10/2, 49, 13, 3
2019/10/3, 53, 14, 3
2019/10/4, 66, 9, 3
2019/10/5, 58, 11, 4
2019/10/6, 88, 14, 6
2019/10/7, 97, 8, 4
2019/10/8, 66, 12, 3
2019/10/9, 70, 9, 2
2019/10/10, 35, 9, 2
2019/10/11, 39, 6, 2
2019/10/12, 43, 11, 3
2019/10/13, 60, 21, 4
2019/10/14, 83, 17, 4
2019/10/15, 69, 11, 2
2019/10/16, 49, 15, 3
2019/10/17, 61, 18, 5
2019/10/18, 79, 14, 4
2019/10/19, 74, 11, 2
2019/10/20, 53, 21, 4
2019/10/21, 89, 20, 5
2019/10/22, 103, 17, 6
2019/10/23, 112, 21, 5
2019/10/24, 84, 27, 5
2019/10/25, 110, 21, 6
2019/10/26, 111, 14, 3
2019/10/27, 53, 17, 3
2019/10/28, 90, 17, 5
2019/10/29, 117, 17, 4
2019/10/30, 104, 23, 10
2019/10/31, 167, 13, 8
2019/11/1, 121, 5, 2
2019/11/2, 55, 3, 2
2019/11/3, 41, 13, 3
2019/11/4, 51, 18, 4
2019/11/5, 79, 16, 5
2019/11/6, 76, 17, 6
2019/11/7, 104, 18, 8
2019/11/8, 129, 14, 6
2019/11/9, 81, 10, 4
2019/11/10, 70, 10, 5
2019/11/11, 98, 19, 5
2019/11/12, 89, 16, 7
2019/11/13, 101, 11, 4
2019/11/14, 82, 19, 9
2019/11/15, 113, 12, 4
2019/11/16, 72, 12, 5
2019/11/17, 74, 14, 4
2019/11/18, 60, 19, 6
2019/11/19, 76, 19, 7
2019/11/20, 123, 21, 8
2019/11/21, 130, 19, 7
2019/11/22, 114, 10, 5
2019/11/23, 79, 10, 5
2019/11/24, 90, 20, 11
2019/11/25, 160, 14, 7
2019/11/26, 112, 11, 3
2019/11/27, 64, 12, 3
2019/11/28, 56, 12, 2
2019/11/29, 49, 16, 5
2019/11/30, 97, 14, 7
2019/12/1, 123, 17, 4
2019/12/2, 71, 19, 5
2019/12/3, 103, 19, 6
2019/12/4, 106, 24, 8
2019/12/5, 148, 19, 10
2019/12/6, 129, 8, 3
2019/12/7, 57, 4, 2
2019/12/8, 43, 12, 3
2019/12/9, 66, 17, 4
2019/12/10, 79, 21, 8
2019/12/11, 140, 24, 12
2019/12/12, 160, 12, 10
2019/12/13, 106, 6, 2
2019/12/14, 47, 5, 2
2019/12/15, 42, 17, 4
2019/12/16, 76, 9, 2
2019/12/17, 55, 18, 5
2019/12/18, 99, 15, 6
2019/12/19, 101, 6, 2
2019/12/20, 49, 11, 3
2019/12/21, 80, 14, 6
2019/12/22, 101, 17, 6
2019/12/23, 91, 12, 3
2019/12/24, 83, 10, 4
2019/12/25, 80, 9, 3
2019/12/26, 69, 13, 4
2019/12/27, 71, 8, 3
2019/12/28, 61, 12, 3
2019/12/29, 86, , 
2019/7/1, 52, 13, 2
2019/7/2, 57, 14, 2
2019/7/3, 48, 13, 2
2019/7/4, 52, 15, 2
2019/7/5, 54, 13, 2
2019/7/6, 52, 8, 2
2019/7/7, 56, 15, 2
2019/7/8, 46, 12, 2
2019/7/9, 43, 12, 2
2019/7/10, 46, 13, 2
2019/7/11, 51, 14, 2
2019/7/12, 53, 11, 2
2019/7/13, 54, 8, 2
2019/7/14, 58, 15, 2
2019/7/15, 56, 14, 2
2019/7/16, 61, 14, 2
2019/7/17, 48, 13, 2
2019/7/18, 55, 12, 2
2019/7/19, 58, 11, 2
2019/7/20, 58, 7, 2
2019/7/21, 50, 16, 2
2019/7/22, 51, 17, 2
2019/7/23, 65, 12, 2
2019/7/24, 52, 11, 2
2019/7/25, 54, 14, 2
2019/7/26, 63, 9, 2
2019/7/27, 58, 6, 2
2019/7/28, 47, 12, 2
2019/7/29, 53, 14, 2
2019/7/30, 63, 15, 3
2019/7/31, 64, 16, 2
2019/8/1, 62, 17, 2
2019/8/2, 62, 12, 2
2019/8/3, 58, 8, 2
2019/8/4, 51, 11, 2
2019/8/5, 45, 14, 2
2019/8/6, 48, 14, 2
2019/8/7, 46, 13, 2
2019/8/8, 49, 14, 2
2019/8/9, 53, 10, 2
2019/8/10, 47, 7, 2
2019/8/11, 38, 14, 2
2019/8/12, 55, 14, 2
2019/8/13, 42, 16, 2
2019/8/14, 53, 7, 2
2019/8/15, 53, 13, 2
2019/8/16, 55, 9, 2
2019/8/17, 51, 4, 2
2019/8/18, 39, 12, 2
2019/8/19, 42, 11, 2
2019/8/20, 55, 16, 3
2019/8/21, 52, 9, 2
2019/8/22, 48, 10, 2
2019/8/23, 60, 6, 2
2019/8/24, 71, 7, 3
2019/8/25, 63, 10, 2
2019/8/26, 54, 13, 3
2019/8/27, 61, 11, 2
2019/8/28, 61, 14, 2
2019/8/29, 67, 15, 2
2019/8/30, 65, 9, 2
2019/8/31, 66, 8, 2
2019/9/1, 63, 15, 2
2019/9/2, 49, 14, 2
2019/9/3, 53, 11, 2
2019/9/4, 54, 14, 2
2019/9/5, 54, 14, 2
2019/9/6, 52, 13, 3
2019/9/7, 66, 10, 2
2019/9/8, 55, 13, 2
2019/9/9, 44, 12, 3
2019/9/10, 41, 12, 3
2019/9/11, 51, 17, 3
2019/9/12, 57, 17, 3
2019/9/13, 61, 12, 3
2019/9/14, 56, 8, 3
2019/9/15, 56, 17, 3
2019/9/16, 53, 13, 3
2019/9/17, 49, 13, 2
2019/9/18, 44, 16, 3
2019/9/19, 55, 16, 5
2019/9/20, 78, 13, 4
2019/9/21, 77, 8, 3
2019/9/22, 58, 12, 4
2019/9/23, 79, 11, 4
2019/9/24, 96, 14, 4
2019/9/25, 75, 16, 3
2019/9/26, 62, 9, 3
2019/9/27, 52, 12, 3
2019/9/28, 46, 4, 2
2019/9/29, 37, 7, 2
2019/9/30, 34, 7, 2
2019/4/1, 60, 14, 4
2019/4/2, 91, 9, 4
2019/4/3, 80, 12, 3
2019/4/4, 84, 14, 3
2019/4/5, 90, 14, 5
2019/4/6, 117, 10, 4
2019/4/7, 88, 17, 5
2019/4/8, 105, 14, 5
2019/4/9, 107, 11, 3
2019/4/10, 82, 11, 3
2019/4/11, 85, 11, 3
2019/4/12, 84, 11, 4
2019/4/13, 114, 8, 5
2019/4/14, 102, 17, 4
2019/4/15, 92, 14, 5
2019/4/16, 91, 14, 4
2019/4/17, 90, 15, 5
2019/4/18, 109, 17, 5
2019/4/19, 99, 13, 5
2019/4/20, 83, 12, 4
2019/4/21, 85, 5, 4
2019/4/22, 65, 7, 2
2019/4/23, 58, 7, 2
2019/4/24, 64, 16, 3
2019/4/25, 71, 12, 3
2019/4/26, 74, 11, 3
2019/4/27, 59, 9, 3
2019/4/28, 59, 14, 3
2019/4/29, 55, 17, 4
2019/4/30, 66, 11, 4
2019/5/1, 81, 13, 3
2019/5/2, 68, 9, 3
2019/5/3, 79, 11, 4
2019/5/4, 65, 8, 3
2019/5/5, 60, 16, 3
2019/5/6, 66, 17, 4
2019/5/7, 71, 11, 4
2019/5/8, 71, 15, 3
2019/5/9, 70, 14, 4
2019/5/10, 60, 11, 4
2019/5/11, 65, 8, 4
2019/5/12, 66, 14, 3
2019/5/13, 60, 16, 4
2019/5/14, 65, 14, 4
2019/5/15, 61, 12, 4
2019/5/16, 77, 12, 4
2019/5/17, 85, 10, 3
2019/5/18, 68, 7, 3
2019/5/19, 59, 10, 3
2019/5/20, 52, 12, 3
2019/5/21, 49, 12, 3
2019/5/22, 48, 13, 3
2019/5/23, 46, 14, 3
2019/5/24, 68, 12, 3
2019/5/25, 72, 10, 3
2019/5/26, 72, 10, 3
2019/5/27, 65, 12, 2
2019/5/28, 53, 15, 3
2019/5/29, 60, 15, 3
2019/5/30, 65, 18, 3
2019/5/31, 64, 14, 4
2019/6/1, 77, 6, 3
2019/6/2, 65, 10, 2
2019/6/3, 59, 10, 2
2019/6/4, 63, 8, 2
2019/6/5, 59, 10, 2
2019/6/6, 51, 13, 2
2019/6/7, 58, 8, 2
2019/6/8, 64, 5, 1
2019/6/9, 53, 13, 2
2019/6/10, 69, 12, 2
2019/6/11, 60, 12, 2
2019/6/12, 57, 12, 2
2019/6/13, 59, 14, 3
2019/6/14, 82, 11, 3
2019/6/15, 78, 7, 2
2019/6/16, 57, 11, 2
2019/6/17, 58, 10, 2
2019/6/18, 58, 12, 2
2019/6/19, 56, 6, 2
2019/6/20, 49, 14, 2
2019/6/21, 55, 9, 2
2019/6/22, 60, 6, 1
2019/6/23, 48, 11, 2
2019/6/24, 52, 10, 2
2019/6/25, 59, 12, 2
2019/6/26, 61, 15, 2
2019/6/27, 56, 14, 2
2019/6/28, 53, 11, 2
2019/6/29, 54, 5, 2
2019/6/30, 51, 11, 2
2019/1/1, 60, 10, 2
2019/1/2, 46, 13, 3
2019/1/3, 64, 15, 3
2019/1/4, 83, 12, 3
2019/1/5, 73, 5, 2
2019/1/6, 56, 20, 6
2019/1/7, 144, 9, 3
2019/1/8, 65, 17, 6
2019/1/9, 150, 18, 13
2019/1/10, 183, 19, 7
2019/1/11, 145, 13, 3
2019/1/12, 56, 5, 2
2019/1/13, 30, 10, 2
2019/1/14, 44, 10, 2
2019/1/15, 43, 11, 2
2019/1/16, 43, 8, 2
2019/1/17, 48, 12, 2
2019/1/18, 50, 19, 6
2019/1/19, 145, 20, 13
2019/1/20, 226, 27, 16
2019/1/21, 275, 26, 15
2019/1/22, 248, 17, 11
2019/1/23, 186, 9, 3
2019/1/24, 113, 16, 5
2019/1/25, 143, 13, 5
2019/1/26, 130, 7, 3
2019/1/27, 69, 22, 7
2019/1/28, 122, 14, 4
2019/1/29, 78, 21, 9
2019/1/30, 159, 22, 13
2019/1/31, 181, 15, 7
2019/2/1, 95, 5, 2
2019/2/2, 56, 10, 5
2019/2/3, 114, 17, 5
2019/2/4, 94, , 
2019/2/11, 59, 12, 3
2019/2/12, 68, 13, 3
2019/2/13, 63, 17, 4
2019/2/14, 94, 20, 6
2019/2/15, 128, 19, 8
2019/2/16, 143, 16, 7
2019/2/17, 125, 22, 8
2019/2/18, 140, 20, 6
2019/2/19, 112, 17, 4
2019/2/20, 81, 14, 3
2019/2/21, 73, 9, 2
2019/2/22, 61, 16, 4
2019/2/23, 114, 16, 6
2019/2/24, 111, 22, 7
2019/2/25, 122, 18, 4
2019/2/26, 111, 21, 8
2019/2/27, 138, 16, 5
2019/2/28, 95, 15, 4
2019/3/1, 148, 17, 6
2019/3/2, 134, 5, 3
2019/3/3, 68, 7, 2
2019/3/4, 46, 8, 2
2019/3/5, 43, 12, 3
2019/3/6, 58, 6, 2
2019/3/7, 52, 10, 2
2019/3/8, 40, 6, 2
2019/3/9, 42, 3, 2
2019/3/10, 37, 11, 2
2019/3/11, 48, 15, 3
2019/3/12, 72, 7, 2
2019/3/13, 57, 7, 2
2019/3/14, 50, 10, 2
2019/3/15, 44, 8, 2
2019/3/16, 44, 4, 2
2019/3/17, 45, 15, 3
2019/3/18, 54, 19, 4
2019/3/19, 91, 21, 8
2019/3/20, 134, 22, 7
2019/3/21, 134, 17, 6
2019/3/22, 137, 15, 6
2019/3/23, 125, 10, 4
2019/3/24, 112, 13, 4
2019/3/25, 80, 12, 3
2019/3/26, 65, 19, 4
2019/3/27, 101, 19, 7
2019/3/28, 131, 18, 8
2019/3/29, 133, 17, 7
2019/3/30, 134, 10, 5
2019/3/31, 98, 8, 3
2018/10/1, 76, 12, 3
2018/10/2, 53, 10, 2
2018/10/3, 33, 15, 3
2018/10/4, 62, 14, 4
2018/10/5, 88, 7, 2
2018/10/6, 52, 12, 3
2018/10/7, 91, 13, 4
2018/10/8, 80, 15, 5
2018/10/9, 106, 15, 5
2018/10/10, 105, 16, 4
2018/10/11, 100, 18, 4
2018/10/12, 103, 15, 5
2018/10/13, 124, 14, 5
2018/10/14, 94, 19, 4
2018/10/15, 100, 19, 4
2018/10/16, 100, 23, 6
2018/10/17, 127, 23, 8
2018/10/18, 151, 19, 7
2018/10/19, 167, 16, 4
2018/10/20, 129, 10, 3
2018/10/21, 95, 16, 7
2018/10/22, 117, 11, 3
2018/10/23, 45, 9, 2
2018/10/24, 31, 11, 2
2018/10/25, 42, 13, 3
2018/10/26, 51, 14, 3
2018/10/27, 73, 9, 3
2018/10/28, 73, 15, 6
2018/10/29, 92, 5, 1
2018/10/30, 40, 21, 4
2018/10/31, 61, 11, 3
2018/11/1, 65, 17, 4
2018/11/2, 97, 12, 5
2018/11/3, 115, 7, 5
2018/11/4, 101, 17, 10
2018/11/5, 129, 19, 6
2018/11/6, 95, 17, 5
2018/11/7, 104, 21, 8
2018/11/8, 136, 19, 12
2018/11/9, 162, 21, 11
2018/11/10, 163, 14, 8
2018/11/11, 114, 9, 4
2018/11/12, 70, 17, 5
2018/11/13, 98, 19, 3
2018/11/14, 74, 16, 4
2018/11/15, 97, 11, 4
2018/11/16, 87, 11, 4
2018/11/17, 108, 15, 6
2018/11/18, 164, 12, 5
2018/11/19, 123, 12, 4
2018/11/20, 119, 12, 5
2018/11/21, 123, 12, 5
2018/11/22, 144, 13, 13
2018/11/23, 201, 12, 12
2018/11/24, 133, 10, 6
2018/11/25, 112, 8, 3
2018/11/26, 75, 11, 3
2018/11/27, 95, 14, 5
2018/11/28, 124, 20, 9
2018/11/29, 173, 16, 7
2018/11/30, 114, 9, 4
2018/12/1, 112, 5, 3
2018/12/2, 65, 8, 3
2018/12/3, 45, 12, 3
2018/12/4, 52, 19, 5
2018/12/5, 115, 15, 7
2018/12/6, 109, 9, 2
2018/12/7, 48, 8, 2
2018/12/8, 46, 3, 1
2018/12/9, 28, 14, 2
2018/12/10, 43, 15, 3
2018/12/11, 64, 16, 5
2018/12/12, 117, 16, 6
2018/12/13, 143, 12, 4
2018/12/14, 94, 8, 3
2018/12/15, 83, 15, 9
2018/12/16, 172, 19, 10
2018/12/17, 144, 22, 9
2018/12/18, 180, 24, 12
2018/12/19, 219, 19, 11
2018/12/20, 122, 7, 3
2018/12/21, 50, 6, 2
2018/12/22, 38, 8, 3
2018/12/23, 50, 8, 2
2018/12/24, 50, 6, 2
2018/12/25, 52, 7, 2
2018/12/26, 61, 13, 4
2018/12/27, 70, 15, 5
2018/12/28, 87, 15, 4
2018/12/29, 85, 9, 3
2018/12/30, 59, , 
2018/7/1, 33, 12, 2
2018/7/2, 40, 13, 2
2018/7/3, 45, 14, 2
2018/7/4, 48, 16, 2
2018/7/5, 64, 17, 2
2018/7/6, 59, 13, 1
2018/7/7, 48, 10, 2
2018/7/8, 50, 14, 2
2018/7/9, 59, 12, 2
2018/7/10, 56, 17, 2
2018/7/11, 59, 12, 2
2018/7/12, 41, 15, 2
2018/7/13, 36, 11, 2
2018/7/14, 46, 10, 1
2018/7/15, 46, 16, 2
2018/7/16, 51, 14, 2
2018/7/17, 54, 10, 1
2018/7/18, 23, 16, 2
2018/7/19, 39, 16, 2
2018/7/20, 60, 12, 2
2018/7/21, 71, 7, 2
2018/7/22, 66, 18, 2
2018/7/23, 67, 23, 2
2018/7/24, 69, 20, 3
2018/7/25, 67, 16, 2
2018/7/26, 55, 13, 2
2018/7/27, 50, 10, 2
2018/7/28, 54, 8, 2
2018/7/29, 52, 15, 2
2018/7/30, 55, 11, 2
2018/7/31, 55, 10, 2
2018/8/1, 58, 12, 2
2018/8/2, 63, 12, 2
2018/8/3, 57, 10, 2
2018/8/4, 55, 8, 2
2018/8/5, 60, 14, 2
2018/8/6, 56, 10, 2
2018/8/7, 50, 14, 2
2018/8/8, 55, 12, 2
2018/8/9, 64, 16, 2
2018/8/10, 53, 13, 2
2018/8/11, 51, 7, 2
2018/8/12, 47, 13, 2
2018/8/13, 53, 16, 2
2018/8/14, 68, 8, 1
2018/8/15, 43, 12, 2
2018/8/16, 46, 12, 2
2018/8/17, 50, 13, 2
2018/8/18, 67, 10, 2
2018/8/19, 73, 16, 2
2018/8/20, 58, 16, 2
2018/8/21, 50, 11, 2
2018/8/22, 48, 15, 2
2018/8/23, 57, 11, 2
2018/8/24, 63, 11, 2
2018/8/25, 45, 10, 2
2018/8/26, 41, 12, 2
2018/8/27, 50, 16, 2
2018/8/28, 55, 11, 3
2018/8/29, 67, 12, 2
2018/8/30, 54, 14, 2
2018/8/31, 61, 14, 3
2018/9/1, 82, 10, 2
2018/9/2, 72, 12, 2
2018/9/3, 60, 17, 2
2018/9/4, 47, 18, 4
2018/9/5, 80, 17, 3
2018/9/6, 72, 14, 3
2018/9/7, 69, 16, 3
2018/9/8, 84, 8, 3
2018/9/9, 63, 15, 3
2018/9/10, 67, 17, 3
2018/9/11, 59, 18, 3
2018/9/12, 59, 21, 3
2018/9/13, 72, 15, 3
2018/9/14, 88, 13, 2
2018/9/15, 51, 9, 2
2018/9/16, 47, 12, 2
2018/9/17, 55, 14, 2
2018/9/18, 64, 15, 2
2018/9/19, 68, 15, 3
2018/9/20, 76, 10, 2
2018/9/21, 74, 10, 2
2018/9/22, 41, 3, 1
2018/9/23, 23, 10, 2
2018/9/24, 25, 15, 3
2018/9/25, 69, 13, 4
2018/9/26, 66, 14, 3
2018/9/27, 68, 15, 3
2018/9/28, 45, 14, 3
2018/9/29, 78, 11, 5
2018/9/30, 89, 14, 4
2018/5/5, 55, 8, 2
2018/5/6, 38, 11, 2
2018/5/7, 37, 16, 2
2018/5/8, 57, 13, 2
2018/5/9, 57, 14, 2
2018/5/10, 63, 19, 3
2018/5/11, 70, 15, 3
2018/5/12, 81, 7, 2
2018/5/13, 57, 9, 1
2018/5/14, 48, 14, 2
2018/5/15, 68, 14, 3
2018/5/16, 64, 13, 2
2018/5/17, 42, 15, 2
2018/5/18, 73, 14, 2
2018/5/19, 77, 7, 2
2018/5/20, 62, 13, 2
2018/5/21, 54, 13, 2
2018/5/22, 56, 14, 2
2018/5/23, 60, 11, 2
2018/5/24, 56, 14, 2
2018/5/25, 48, 11, 2
2018/5/26, 63, 8, 2
2018/5/27, 67, 9, 2
2018/5/28, 59, 13, 2
2018/5/29, 59, 15, 2
2018/5/30, 65, 6, 2
2018/5/31, 69, 13, 2
2018/6/1, 63, 11, 2
2018/6/2, 56, 10, 1
2018/6/3, 41, 14, 2
2018/6/4, 67, 16, 2
2018/6/5, 71, 11, 1
2018/6/6, 47, 12, 1
2018/6/7, 45, 12, 2
2018/6/8, 53, 8, 2
2018/6/9, 57, 7, 1
2018/6/10, 54, 14, 2
2018/6/11, 65, 16, 2
2018/6/12, 63, 14, 2
2018/6/13, 71, 20, 2
2018/6/14, 73, 18, 2
2018/6/15, 63, 13, 2
2018/6/16, 63, 7, 1
2018/6/17, 49, 18, 2
2018/6/18, 69, 15, 2
2018/6/19, 60, 14, 2
2018/6/20, 61, 9, 1
2018/6/21, 58, 13, 1
2018/6/22, 34, 9, 1
2018/6/23, 27, 6, 1
2018/6/24, 24, 13, 1
2018/6/25, 43, 13, 2
2018/6/26, 38, 16, 2
2018/6/27, 56, 17, 3
2018/6/28, 54, 22, 3
2018/6/29, 72, 11, 2
2018/6/30, 37, 8, 1
2024/1/6, , 4, 
2023/7/5, , 9, 
2022/9/25, , 14, 
2021/7/17, , 7, 2
2021/3/20, , 7, 3
2019/12/31, , 10, 3
2018/12/31, , 5, 3
2019/2/9, , 2, 2
2019/2/10, , 10, 2
2018/5/4, , 14, 2