date, pm10, no2, so2, co
2024/5/1, 28, 8, , 
2024/5/2, 20, 8, , 
2024/5/3, 17, 14, , 
2024/5/4, 29, 12, , 
2024/5/5, 28, 13, , 
2024/5/6, 18, 14, , 
2024/5/7, 19, 11, , 
2024/5/8, 19, 19, , 
2024/5/9, 30, 21, , 
2024/5/10, 38, 17, , 
2024/5/11, 26, 8, , 
2024/5/12, 12, 15, , 
2024/5/13, 20, 10, , 
2024/5/14, 22, 6, , 
2024/5/15, 25, 6, , 
2024/5/16, 28, 4, , 
2024/5/17, 31, 10, , 
2024/5/18, 15, 8, , 
2024/5/19, 13, 14, , 
2024/5/20, 17, 14, , 
2024/5/21, 22, 6, , 
2024/5/22, 31, , , 
2024/4/1, 81, 8, , 
2024/4/2, 12, 8, , 
2024/4/3, 14, 8, , 
2024/4/4, 13, 9, , 
2024/4/5, 14, 13, , 
2024/4/6, 21, 11, , 
2024/4/7, 30, 14, , 
2024/4/8, 32, 14, , 
2024/4/9, 34, 11, , 
2024/4/10, 34, 15, , 
2024/4/11, 31, 19, , 
2024/4/12, 41, 12, , 
2024/4/13, 33, 7, , 
2024/4/14, 26, 10, , 
2024/4/15, 22, 9, , 
2024/4/16, 16, 13, , 
2024/4/17, 19, 13, , 
2024/4/18, 25, 8, , 
2024/4/19, 14, 8, , 
2024/4/20, 10, 8, , 
2024/4/21, 15, 15, , 
2024/4/22, 20, 12, , 
2024/4/23, 38, 15, , 
2024/4/24, 33, 9, , 
2024/4/25, 19, 13, , 
2024/4/26, 25, 13, , 
2024/4/27, 28, 11, , 
2024/4/28, 24, 14, , 
2024/4/29, 28, 13, , 
2024/4/30, 30, 10, , 
2024/1/7, 18, 15, , 
2024/1/8, 34, 21, , 
2024/1/9, 70, 32, , 
2024/1/10, 116, 26, , 
2024/1/11, 68, 16, , 
2024/1/12, 23, 9, , 
2024/1/13, 17, 5, , 
2024/1/14, 14, 8, , 
2024/1/15, 16, 18, , 
2024/1/16, 25, 23, , 
2024/1/17, 56, 20, , 
2024/1/18, 33, 17, , 
2024/1/19, 27, 9, , 
2024/1/20, 22, 12, , 
2024/1/21, 33, 9, , 
2024/1/22, 20, 11, , 
2024/1/23, 21, 8, , 
2024/1/24, 13, 8, , 
2024/1/25, 14, 15, , 
2024/1/26, 19, 8, , 
2024/1/27, 15, 14, , 
2024/1/28, 31, 17, , 
2024/1/29, 45, 11, , 
2024/1/30, 22, 13, , 
2024/1/31, 32, 13, , 
2024/2/1, 26, 10, , 
2024/2/2, 19, 7, , 
2024/2/3, 10, 4, , 
2024/2/4, 8, 9, , 
2024/2/5, 12, 5, , 
2024/2/6, 16, 8, , 
2024/2/7, 11, 13, , 
2024/2/8, 25, 16, , 
2024/2/9, 28, 15, , 
2024/2/10, 42, 10, , 
2024/2/11, 35, 11, , 
2024/2/12, 16, 14, , 
2024/2/13, 24, 17, , 
2024/2/14, 41, 16, , 
2024/2/15, 36, 15, , 
2024/2/16, 35, 9, , 
2024/2/17, 16, 6, , 
2024/2/18, 19, 11, , 
2024/2/19, 20, 13, , 
2024/2/20, 11, 11, , 
2024/2/21, 17, 12, , 
2024/2/22, 24, 12, , 
2024/2/23, 19, 11, , 
2024/2/24, 28, 13, , 
2024/2/25, 41, 21, , 
2024/2/26, 56, 21, , 
2024/2/27, 68, 16, , 
2024/2/28, 48, 8, , 
2024/2/29, 32, 12, , 
2024/3/1, 52, 11, , 
2024/3/2, 45, 6, , 
2024/3/3, 35, 10, , 
2024/3/4, 45, 13, , 
2024/3/5, 43, 12, , 
2024/3/6, 42, 13, , 
2024/3/7, 35, 13, , 
2024/3/8, 45, 12, , 
2024/3/9, 47, 6, , 
2024/3/10, 27, 6, , 
2024/3/11, 25, 11, , 
2024/3/12, 21, 17, , 
2024/3/13, 49, 13, , 
2024/3/14, 62, 10, , 
2024/3/15, 45, 10, , 
2024/3/16, 20, 5, , 
2024/3/17, 13, 12, , 
2024/3/18, 24, 12, , 
2024/3/19, 31, 15, , 
2024/3/20, 57, 18, , 
2024/3/21, 62, 10, , 
2024/3/22, 27, 6, , 
2024/3/23, 15, 7, , 
2024/3/24, 14, 11, , 
2024/3/25, 13, 8, , 
2024/3/26, 27, 7, , 
2024/3/27, 21, 8, , 
2024/3/28, 26, 6, , 
2024/3/29, 10, 5, , 
2024/3/30, 65, 7, , 
2024/3/31, 80, 4, , 
2023/10/1, 21, 15, , 
2023/10/2, 22, 11, , 
2023/10/3, 22, 10, , 
2023/10/4, 14, 12, , 
2023/10/5, 17, 14, , 
2023/10/6, 17, 7, , 
2023/10/7, 13, 8, , 
2023/10/8, 10, 11, , 
2023/10/9, 19, 10, , 
2023/10/10, 25, 11, , 
2023/10/11, 24, 12, , 
2023/10/12, 23, 12, , 
2023/10/13, 22, 12, , 
2023/10/14, 22, 7, , 
2023/10/15, 14, 11, , 
2023/10/16, 15, 17, , 
2023/10/17, 35, 18, , 
2023/10/18, 48, 13, , 
2023/10/19, 47, 10, , 
2023/10/20, 33, 18, , 
2023/10/21, 44, 9, , 
2023/10/22, 18, 14, , 
2023/10/23, 31, 10, , 
2023/10/24, 33, 13, , 
2023/10/25, 28, 13, , 
2023/10/26, 28, 18, , 
2023/10/27, 35, 9, , 
2023/10/28, 12, 10, , 
2023/10/29, 16, 16, , 
2023/10/30, 25, 12, , 
2023/10/31, 17, 8, , 
2023/11/1, 18, 9, , 
2023/11/2, 20, 10, , 
2023/11/3, 17, 9, , 
2023/11/4, 21, 7, , 
2023/11/5, 18, 9, , 
2023/11/6, 13, 18, , 
2023/11/7, 24, 14, , 
2023/11/8, 23, 15, , 
2023/11/9, 26, 14, , 
2023/11/10, 24, 15, , 
2023/11/11, 30, 8, , 
2023/11/12, 20, 15, , 
2023/11/13, 30, 9, , 
2023/11/14, 15, 11, , 
2023/11/15, 11, 14, , 
2023/11/16, 22, 16, , 
2023/11/17, 24, 10, , 
2023/11/18, 14, 7, , 
2023/11/19, 19, 12, , 
2023/11/20, 15, 14, , 
2023/11/21, 13, 15, , 
2023/11/22, 27, 8, , 
2023/11/23, 19, 12, , 
2023/11/24, 14, 11, , 
2023/11/25, 14, 8, , 
2023/11/26, 14, 17, , 
2023/11/27, 40, 15, , 
2023/11/28, 35, 15, , 
2023/11/29, 37, 20, , 
2023/11/30, 47, 21, , 
2023/12/1, 92, 15, , 
2023/12/2, 35, 9, , 
2023/12/3, 23, 16, , 
2023/12/4, 47, 21, , 
2023/12/5, 56, 19, , 
2023/12/6, 62, 20, , 
2023/12/7, 58, 13, , 
2023/12/8, 58, 13, , 
2023/12/9, 32, 13, , 
2023/12/10, 34, 13, , 
2023/12/11, 18, 16, , 
2023/12/12, 24, 16, , 
2023/12/13, 39, 15, , 
2023/12/14, 29, 14, , 
2023/12/15, 28, 9, , 
2023/12/16, 25, 9, , 
2023/12/17, 22, 16, , 
2023/12/18, 28, 16, , 
2023/12/19, 26, 11, , 
2023/12/20, 13, 7, , 
2023/12/21, 8, 9, , 
2023/12/22, 13, 8, , 
2023/12/23, 13, 6, , 
2023/12/24, 12, 3, , 
2023/12/25, 7, 4, , 
2023/12/26, 8, 14, , 
2023/12/27, 27, 14, , 
2023/12/28, 29, 10, , 
2023/7/1, 21, 10, , 
2023/7/2, 17, 14, , 
2023/7/3, 23, 15, , 
2023/7/4, 24, 13, , 
2023/7/5, 22, 17, , 
2023/7/6, 21, 22, , 
2023/7/7, 30, 16, , 
2023/7/8, 24, 14, , 
2023/7/9, 25, 16, , 
2023/7/10, 27, 16, , 
2023/7/11, 21, 15, , 
2023/7/12, 23, 15, , 
2023/7/13, 16, 15, , 
2023/7/14, 19, 9, , 
2023/7/15, 19, 10, , 
2023/7/16, 20, 15, , 
2023/7/17, 19, 16, , 
2023/7/18, 20, 20, , 
2023/7/19, 26, 16, , 
2023/7/20, 21, 10, , 
2023/7/21, 18, 11, , 
2023/7/22, 15, 8, , 
2023/7/23, 20, 13, , 
2023/7/24, 20, 13, , 
2023/7/25, 15, 14, , 
2023/7/26, 14, 11, , 
2023/7/27, 14, 10, , 
2023/7/28, 12, 8, , 
2023/7/29, 13, 5, , 
2023/7/30, 10, 9, , 
2023/7/31, 14, 7, , 
2023/8/1, 14, 7, , 
2023/8/2, 11, 8, , 
2023/8/3, 12, 10, , 
2023/8/4, 14, 13, , 
2023/8/5, 20, 5, , 
2023/8/6, 10, 10, , 
2023/8/7, 10, 7, , 
2023/8/8, 11, 11, , 
2023/8/9, 11, 16, , 
2023/8/10, 19, 19, , 
2023/8/11, 27, 13, , 
2023/8/12, 27, 11, , 
2023/8/13, 18, 14, , 
2023/8/14, 22, 12, , 
2023/8/15, 28, 14, , 
2023/8/16, 31, 17, , 
2023/8/17, 29, 16, , 
2023/8/18, 23, 14, , 
2023/8/19, 25, 16, , 
2023/8/20, 27, 19, , 
2023/8/21, 25, 15, , 
2023/8/22, 25, 18, , 
2023/8/23, 20, 20, , 
2023/8/24, 30, 17, , 
2023/8/25, 30, 13, , 
2023/8/26, 18, 9, , 
2023/8/27, 16, 13, , 
2023/8/28, 14, 12, , 
2023/8/29, 20, 12, , 
2023/8/30, 13, 13, , 
2023/8/31, 15, 13, , 
2023/9/1, 16, 14, , 
2023/9/2, 17, 12, , 
2023/9/3, 19, 17, , 
2023/9/4, 18, 15, , 
2023/9/5, 29, 18, , 
2023/9/6, 30, 18, , 
2023/9/7, 30, 19, , 
2023/9/8, 29, 13, , 
2023/9/9, 32, 16, , 
2023/9/10, 30, 23, , 
2023/9/11, 38, 24, , 
2023/9/12, 41, 20, , 
2023/9/13, 38, 16, , 
2023/9/14, 15, 16, , 
2023/9/15, 17, 7, , 
2023/9/16, 18, 9, , 
2023/9/17, 17, 12, , 
2023/9/18, 26, 18, , 
2023/9/19, 21, 15, , 
2023/9/20, 18, 12, , 
2023/9/21, 22, 14, , 
2023/9/22, 23, 14, , 
2023/9/23, 13, 10, , 
2023/9/24, 13, 13, , 
2023/9/25, 16, 12, , 
2023/9/26, 23, 17, , 
2023/9/27, 39, 20, , 
2023/9/28, 41, 22, , 
2023/9/29, 44, 17, , 
2023/9/30, 26, 12, , 
2023/4/1, 16, 8, , 
2023/4/2, 16, 13, , 
2023/4/3, 20, 18, , 
2023/4/4, 25, 21, , 
2023/4/5, 40, 22, , 
2023/4/6, 39, 14, , 
2023/4/7, 21, 9, , 
2023/4/8, 27, 11, , 
2023/4/9, 31, 9, , 
2023/4/10, 34, 13, , 
2023/4/11, 29, 12, , 
2023/4/12, 22, 15, , 
2023/4/13, 32, 9, , 
2023/4/14, 27, 10, , 
2023/4/15, 18, 11, , 
2023/4/16, 25, 13, , 
2023/4/17, 27, 11, , 
2023/4/18, 23, 17, , 
2023/4/19, 27, 17, , 
2023/4/20, 46, 24, , 
2023/4/21, 47, 17, , 
2023/4/22, 40, 16, , 
2023/4/23, 36, 17, , 
2023/4/24, 36, 14, , 
2023/4/25, 18, 13, , 
2023/4/26, 21, 20, , 
2023/4/27, 30, 14, , 
2023/4/28, 43, 11, , 
2023/4/29, 25, 11, , 
2023/4/30, 18, 9, , 
2023/5/1, 27, 14, , 
2023/5/2, 23, 9, , 
2023/5/3, 19, 16, , 
2023/5/4, 29, 15, , 
2023/5/5, 25, 9, , 
2023/5/6, 20, 6, , 
2023/5/7, 11, 9, , 
2023/5/8, 16, 7, , 
2023/5/9, 26, 8, , 
2023/5/10, 22, 11, , 
2023/5/11, 23, 10, , 
2023/5/12, 28, 8, , 
2023/5/13, 26, 6, , 
2023/5/14, 20, 9, , 
2023/5/15, 11, 17, , 
2023/5/16, 21, 14, , 
2023/5/17, 18, 14, , 
2023/5/18, 20, 11, , 
2023/5/19, 18, 8, , 
2023/5/20, 25, 6, , 
2023/5/21, 22, 11, , 
2023/5/22, 26, 15, , 
2023/5/23, 32, 12, , 
2023/5/24, 22, 15, , 
2023/5/25, 26, 19, , 
2023/5/26, 32, 13, , 
2023/5/27, 23, 8, , 
2023/5/28, 20, 18, , 
2023/5/29, 32, 18, , 
2023/5/30, 32, 21, , 
2023/5/31, 31, 22, , 
2023/6/1, 38, 14, , 
2023/6/2, 28, 9, , 
2023/6/3, 15, 7, , 
2023/6/4, 17, 13, , 
2023/6/5, 24, 13, , 
2023/6/6, 24, 16, , 
2023/6/7, 23, 7, , 
2023/6/8, 18, 12, , 
2023/6/9, 22, 9, , 
2023/6/10, 18, 6, , 
2023/6/11, 18, 10, , 
2023/6/12, 17, 10, , 
2023/6/13, 18, 13, , 
2023/6/14, 18, 16, , 
2023/6/15, 20, 17, , 
2023/6/16, 26, 11, , 
2023/6/17, 19, 11, , 
2023/6/18, 17, 18, , 
2023/6/19, 24, 12, , 
2023/6/20, 29, 10, , 
2023/6/21, 29, 16, , 
2023/6/22, 23, 17, , 
2023/6/23, 22, 12, , 
2023/6/24, 20, 13, , 
2023/6/25, 19, 15, , 
2023/6/26, 20, 10, , 
2023/6/27, 17, 8, , 
2023/6/28, 14, 15, , 
2023/6/29, 21, 17, , 
2023/6/30, 24, 10, , 
2023/1/2, 18, 16, , 
2023/1/3, 28, 13, , 
2023/1/4, 38, 8, , 
2023/1/5, 11, 6, , 
2023/1/6, 17, 14, , 
2023/1/7, 40, 10, , 
2023/1/8, 46, 15, , 
2023/1/9, 35, 17, , 
2023/1/10, 29, 12, , 
2023/1/11, 30, 11, , 
2023/1/12, 19, 9, , 
2023/1/13, 16, 8, , 
2023/1/14, 19, 5, , 
2023/1/15, 12, 11, , 
2023/1/16, 26, 15, , 
2023/1/17, 31, 15, , 
2023/1/18, 30, 17, , 
2023/1/19, 48, 17, , 
2023/1/20, 41, 12, , 
2023/1/21, 25, 7, , 
2023/1/22, 24, 10, , 
2023/1/23, 31, 12, , 
2023/1/24, 33, 14, , 
2023/1/25, 30, 11, , 
2023/1/26, 37, 13, , 
2023/1/27, 41, 12, , 
2023/1/28, 33, 6, , 
2023/1/29, 23, 8, , 
2023/1/30, 19, 10, , 
2023/1/31, 17, 9, , 
2023/2/1, 14, 9, , 
2023/2/2, 13, 11, , 
2023/2/3, 16, 9, , 
2023/2/4, 15, 10, , 
2023/2/5, 22, 20, , 
2023/2/6, 54, 22, , 
2023/2/7, 67, 16, , 
2023/2/8, 48, 17, , 
2023/2/9, 52, 12, , 
2023/2/10, 41, 9, , 
2023/2/11, 35, 11, , 
2023/2/12, 27, 14, , 
2023/2/13, 24, 18, , 
2023/2/14, 30, 15, , 
2023/2/15, 45, 15, , 
2023/2/16, 41, 13, , 
2023/2/17, 33, 6, , 
2023/2/18, 12, 7, , 
2023/2/19, 12, 8, , 
2023/2/20, 18, 10, , 
2023/2/21, 16, 19, , 
2023/2/22, 42, 15, , 
2023/2/23, 38, 14, , 
2023/2/24, 30, 8, , 
2023/2/25, 13, 9, , 
2023/2/26, 15, 15, , 
2023/2/27, 23, 21, , 
2023/2/28, 43, 28, , 
2023/3/1, 85, 23, , 
2023/3/2, 60, 17, , 
2023/3/3, 44, 9, , 
2023/3/4, 23, 8, , 
2023/3/5, 17, 12, , 
2023/3/6, 25, 11, , 
2023/3/7, 29, 13, , 
2023/3/8, 25, 19, , 
2023/3/9, 31, 16, , 
2023/3/10, 28, 9, , 
2023/3/11, 15, 7, , 
2023/3/12, 21, 8, , 
2023/3/13, 20, 16, , 
2023/3/14, 26, 15, , 
2023/3/15, 26, 23, , 
2023/3/16, 45, 13, , 
2023/3/17, 47, 20, , 
2023/3/18, 50, 21, , 
2023/3/19, 53, 22, , 
2023/3/20, 47, 19, , 
2023/3/21, 34, 16, , 
2023/3/22, 45, 13, , 
2023/3/23, 27, 12, , 
2023/3/24, 21, 9, , 
2023/3/25, 16, 8, , 
2023/3/26, 15, 15, , 
2023/3/27, 23, 13, , 
2023/3/28, 21, 15, , 
2023/3/29, 27, 10, , 
2023/3/30, 20, 11, , 
2023/3/31, 18, 10, , 
2022/10/1, 23, 6, , 
2022/10/2, 12, 8, , 
2022/10/3, 14, 13, , 
2022/10/4, 23, 10, , 
2022/10/5, 26, 14, , 
2022/10/6, 24, 15, , 
2022/10/7, 42, 13, , 
2022/10/8, 33, 10, , 
2022/10/9, 22, 10, , 
2022/10/10, 25, 18, , 
2022/10/11, 35, 17, , 
2022/10/12, 55, 15, , 
2022/10/13, 49, 17, , 
2022/10/14, 47, 11, , 
2022/10/15, 34, 6, , 
2022/10/16, 23, 14, , 
2022/10/17, 33, 11, , 
2022/10/18, 26, 12, , 
2022/10/19, 17, 12, , 
2022/10/20, 30, 14, , 
2022/10/21, 31, 10, , 
2022/10/22, 27, 8, , 
2022/10/23, 25, 11, , 
2022/10/24, 24, 13, , 
2022/10/25, 22, 19, , 
2022/10/26, 40, 17, , 
2022/10/27, 50, 14, , 
2022/10/28, 36, 9, , 
2022/10/29, 22, 13, , 
2022/10/30, 37, 21, , 
2022/10/31, 53, 7, , 
2022/11/1, 34, 14, , 
2022/11/2, 25, 13, , 
2022/11/3, 29, 16, , 
2022/11/4, 38, 13, , 
2022/11/5, 19, 11, , 
2022/11/6, 30, 13, , 
2022/11/7, 26, 18, , 
2022/11/8, 37, 11, , 
2022/11/9, 27, 15, , 
2022/11/10, 30, 11, , 
2022/11/11, 26, 17, , 
2022/11/12, 38, 9, , 
2022/11/13, 39, 11, , 
2022/11/14, 28, 16, , 
2022/11/15, 44, 11, , 
2022/11/16, 32, 7, , 
2022/11/17, 17, 11, , 
2022/11/18, 22, 13, , 
2022/11/19, 35, 13, , 
2022/11/20, 66, 15, , 
2022/11/21, 40, 12, , 
2022/11/22, 36, 11, , 
2022/11/23, 37, 15, , 
2022/11/24, 33, 16, , 
2022/11/25, 52, 15, , 
2022/11/26, 42, 11, , 
2022/11/27, 49, 14, , 
2022/11/28, 43, 10, , 
2022/11/29, 37, 9, , 
2022/11/30, 34, 11, , 
2022/12/1, 26, 9, , 
2022/12/2, 23, 8, , 
2022/12/3, 43, 5, , 
2022/12/4, 32, 9, , 
2022/12/5, 41, 14, , 
2022/12/6, 32, 10, , 
2022/12/7, 16, 13, , 
2022/12/8, 26, 18, , 
2022/12/9, 39, 12, , 
2022/12/10, 27, 9, , 
2022/12/11, 27, 12, , 
2022/12/12, 24, 15, , 
2022/12/13, 33, 22, , 
2022/12/14, 68, 21, , 
2022/12/15, 53, 17, , 
2022/12/16, 46, 13, , 
2022/12/17, 49, 14, , 
2022/12/18, 39, 21, , 
2022/12/19, 55, 9, , 
2022/12/20, 26, 10, , 
2022/12/21, 25, 11, , 
2022/12/22, 25, 12, , 
2022/12/23, 23, 9, , 
2022/12/24, 19, 10, , 
2022/12/25, 34, 5, , 
2022/12/26, 21, 8, , 
2022/12/27, 16, 11, , 
2022/12/28, 21, 7, , 
2022/12/29, 18, 14, , 
2022/12/30, 34, 6, , 
2022/12/31, 19, 5, , 
2023/1/1, 18, 8, , 
2022/9/26, 29, 11, , 
2022/9/27, 24, 10, , 
2022/9/28, 15, 14, , 
2022/9/29, 22, 13, , 
2022/9/30, 29, 9, , 
2021/7/1, 22, 14, , 3
2021/7/2, 19, 14, , 3
2021/7/3, 26, 11, , 3
2021/7/4, 17, 18, , 3
2021/7/5, 27, 12, , 3
2021/7/6, 23, 15, , 3
2021/7/7, 31, 13, , 3
2021/7/8, 32, 14, , 3
2021/7/9, 26, 12, , 3
2021/7/10, 14, 7, , 3
2021/7/11, 18, 12, , 3
2021/7/12, 19, 11, , 3
2021/7/13, 28, 17, , 3
2021/7/14, 46, 14, , 3
2021/7/15, 21, 14, , 3
2021/7/16, 34, , , 
2021/7/18, 24, 9, , 2
2021/7/19, 25, 9, , 2
2021/7/20, 25, 11, , 2
2021/7/21, 24, 16, , 3
2021/7/22, 29, 19, , 4
2021/7/23, 32, 11, , 4
2021/7/24, 31, 11, , 3
2021/7/25, 30, 13, , 3
2021/7/26, 22, 15, , 3
2021/7/27, 25, 12, , 3
2021/7/28, 28, 11, , 2
2021/7/29, 18, 19, , 3
2021/7/30, 28, 14, , 3
2021/7/31, 28, 8, , 3
2021/8/1, 21, 9, , 2
2021/8/2, 17, 14, , 3
2021/8/3, 18, 16, , 3
2021/8/4, 21, 11, , 3
2021/8/5, 14, 17, , 4
2021/8/6, 28, 12, , 3
2021/8/7, 27, 6, , 2
2021/8/8, 13, 13, , 3
2021/8/9, 19, 13, , 3
2021/8/10, 29, 18, , 3
2021/8/11, 29, 20, , 4
2021/8/12, 33, 16, , 4
2021/8/13, 38, 21, , 4
2021/8/14, 41, 15, , 4
2021/8/15, 34, 14, , 3
2021/8/16, 31, 11, , 2
2021/8/17, 19, 11, , 2
2021/8/18, 21, 11, , 2
2021/8/19, 21, 13, , 3
2021/8/20, 24, 16, , 3
2021/8/21, 31, 8, , 3
2021/8/22, 20, 15, , 3
2021/8/23, 17, 14, , 3
2021/8/24, 17, 16, , 3
2021/8/25, 25, 13, , 3
2021/8/26, 16, 14, , 4
2021/8/27, 24, 11, , 4
2021/8/28, 26, 11, , 5
2021/8/29, 22, 16, , 4
2021/8/30, 20, 13, , 4
2021/8/31, 10, 13, , 3
2021/9/1, 21, 18, , 4
2021/9/2, 33, 17, , 4
2021/9/3, 31, 11, , 4
2021/9/4, 25, 8, , 3
2021/9/5, 14, 15, , 3
2021/9/6, 24, 22, , 5
2021/9/7, 39, 17, , 6
2021/9/8, 42, 16, , 5
2021/9/9, 42, 21, , 4
2021/9/10, 42, 21, , 5
2021/9/11, 40, 13, , 5
2021/9/12, 27, 19, , 5
2021/9/13, 30, 18, , 5
2021/9/14, 35, 14, , 4
2021/9/15, 33, 16, , 4
2021/9/16, 26, 15, , 3
2021/9/17, 16, 8, , 3
2021/9/18, 11, 7, , 3
2021/9/19, 16, 17, , 4
2021/9/20, 21, 18, , 4
2021/9/21, 23, 15, , 4
2021/9/22, 20, 8, , 3
2021/9/23, 21, 12, , 5
2021/9/24, 20, 12, , 3
2021/9/25, 20, 11, , 4
2021/9/26, 25, 10, , 3
2021/9/27, 25, 13, , 3
2021/9/28, 26, 8, , 3
2021/9/29, 22, , , 
2021/4/1, 55, 19, , 3
2021/4/2, 30, 12, , 3
2021/4/3, 21, 8, , 2
2021/4/4, 20, 5, , 2
2021/4/5, 21, 12, , 2
2021/4/6, 20, 14, , 3
2021/4/7, 25, 14, , 3
2021/4/8, 25, 14, , 3
2021/4/9, 36, 20, , 4
2021/4/10, 40, 10, , 5
2021/4/11, 37, 15, , 3
2021/4/12, 34, 21, , 3
2021/4/13, 25, 19, , 4
2021/4/14, 18, 17, , 3
2021/4/15, 17, 16, , 4
2021/4/16, 19, 15, , 4
2021/4/17, 24, 13, , 4
2021/4/18, 33, 22, , 6
2021/4/19, 52, 25, , 9
2021/4/20, 64, 17, , 4
2021/4/21, 41, 17, , 3
2021/4/22, 33, 17, , 3
2021/4/23, 28, 17, , 3
2021/4/24, 30, 15, , 4
2021/4/25, 28, 21, , 4
2021/4/26, 27, 17, , 5
2021/4/27, 40, 17, , 4
2021/4/28, 37, 20, , 5
2021/4/29, 48, 18, , 3
2021/4/30, 26, 13, , 3
2021/5/1, 32, 6, , 3
2021/5/2, 19, 8, , 2
2021/5/3, 16, 10, , 3
2021/5/4, 27, 15, , 3
2021/5/5, 17, 11, , 2
2021/5/6, 18, 14, , 3
2021/5/7, 17, 16, , 3
2021/5/8, 28, 8, , 4
2021/5/9, 23, 16, , 3
2021/5/10, 29, 11, , 3
2021/5/11, 36, 14, , 2
2021/5/12, 32, 16, , 3
2021/5/13, 34, 15, , 3
2021/5/14, 29, 9, , 2
2021/5/15, 17, 7, , 2
2021/5/16, 17, 17, , 4
2021/5/17, 17, 19, , 3
2021/5/18, 17, 19, , 3
2021/5/19, 23, 19, , 4
2021/5/20, 27, 9, , 3
2021/5/21, 21, 10, , 3
2021/5/22, 14, 9, , 3
2021/5/23, 16, 7, , 3
2021/5/24, 16, 14, , 3
2021/5/25, 17, 9, , 2
2021/5/26, 19, 15, , 3
2021/5/27, 19, 19, , 4
2021/5/28, 21, 13, , 3
2021/5/29, 16, 11, , 3
2021/5/30, 18, 22, , 4
2021/5/31, 28, 22, , 5
2021/6/1, 35, 19, , 3
2021/6/2, 29, 15, , 3
2021/6/3, 25, 18, , 4
2021/6/4, 33, 16, , 3
2021/6/5, 22, 16, , 4
2021/6/6, 24, 26, , 5
2021/6/7, 35, 22, , 5
2021/6/8, 35, 19, , 4
2021/6/9, 31, 22, , 4
2021/6/10, 33, 20, , 4
2021/6/11, 31, 12, , 4
2021/6/12, 20, 5, , 2
2021/6/13, 19, 18, , 3
2021/6/14, 23, 21, , 4
2021/6/15, 36, 22, , 5
2021/6/16, 45, 13, , 3
2021/6/17, 34, 16, , 3
2021/6/18, 31, 9, , 3
2021/6/19, 25, 7, , 3
2021/6/20, 18, 10, , 3
2021/6/21, 33, 16, , 4
2021/6/22, 37, 13, , 4
2021/6/23, 28, 14, , 3
2021/6/24, 29, 18, , 4
2021/6/25, 25, 14, , 4
2021/6/26, 29, 17, , 4
2021/6/27, 26, 21, , 4
2021/6/28, 30, 16, , 4
2021/6/29, 29, 13, , 3
2021/6/30, 19, 16, , 3
2021/1/4, 57, 13, , 6
2021/1/5, 22, 9, , 6
2021/1/6, 40, 13, , 7
2021/1/7, 34, 15, , 6
2021/1/8, 37, 12, , 5
2021/1/9, 27, 11, , 6
2021/1/10, 47, 15, , 8
2021/1/11, 62, 12, , 6
2021/1/12, 35, 16, , 5
2021/1/13, 23, 18, , 5
2021/1/14, 28, 18, , 5
2021/1/15, 30, 10, , 3
2021/1/16, 23, 12, , 3
2021/1/17, 41, 20, , 6
2021/1/18, 65, 17, , 5
2021/1/19, 39, 14, , 3
2021/1/20, 23, 22, , 6
2021/1/21, 47, 19, , 4
2021/1/22, 36, 13, , 4
2021/1/23, 25, 10, , 3
2021/1/24, 24, 19, , 5
2021/1/25, 29, 16, , 3
2021/1/26, 26, 19, , 3
2021/1/27, 28, 19, , 5
2021/1/28, 47, 18, , 4
2021/1/29, 34, 16, , 5
2021/1/30, 45, 21, , 7
2021/1/31, 67, 17, , 11
2021/2/1, 71, 18, , 5
2021/2/2, 50, 13, , 4
2021/2/3, 27, 15, , 4
2021/2/4, 22, 14, , 4
2021/2/5, 36, 10, , 3
2021/2/6, 30, 4, , 3
2021/2/7, 31, 16, , 4
2021/2/8, 37, 22, , 6
2021/2/9, 56, 26, , 8
2021/2/10, 72, 21, , 6
2021/2/11, 48, 25, , 5
2021/2/12, 46, 16, , 4
2021/2/13, 31, 9, , 3
2021/2/14, 28, 26, , 7
2021/2/15, 62, 22, , 9
2021/2/16, 55, 19, , 5
2021/2/17, 32, 21, , 6
2021/2/18, 42, 21, , 6
2021/2/19, 49, 22, , 8
2021/2/20, 66, 14, , 6
2021/2/21, 44, 20, , 7
2021/2/22, 55, 22, , 7
2021/2/23, 63, 31, , 14
2021/2/24, 98, 28, , 13
2021/2/25, 79, 22, , 7
2021/2/26, 56, 12, , 3
2021/2/27, 27, 6, , 3
2021/2/28, 23, 15, , 4
2021/3/1, 34, 21, , 5
2021/3/2, 56, 21, , 10
2021/3/3, 67, 17, , 5
2021/3/4, 52, 23, , 4
2021/3/5, 35, 15, , 4
2021/3/6, 33, 7, , 3
2021/3/7, 24, 27, , 5
2021/3/8, 46, 21, , 10
2021/3/9, 72, 22, , 6
2021/3/10, 61, 14, , 4
2021/3/11, 45, 18, , 3
2021/3/12, 23, 8, , 2
2021/3/13, 18, 7, , 2
2021/3/14, 16, 24, , 6
2021/3/15, 60, 23, , 9
2021/3/16, 50, 19, , 4
2021/3/17, 33, 25, , 4
2021/3/18, 47, 22, , 7
2021/3/19, 48, , , 
2021/3/21, 23, 25, , 4
2021/3/22, 36, 18, , 4
2021/3/23, 38, 21, , 4
2021/3/24, 42, 29, , 8
2021/3/25, 80, 26, , 11
2021/3/26, 86, 14, , 4
2021/3/27, 40, 11, , 2
2021/3/28, 25, 18, , 4
2021/3/29, 39, 25, , 6
2021/3/30, 57, 26, , 9
2021/3/31, 65, 24, , 6
2020/10/1, 29, 9, , 3
2020/10/2, 22, 6, , 2
2020/10/3, 23, 7, , 2
2020/10/4, 16, 11, , 2
2020/10/5, 14, 14, , 2
2020/10/6, 20, 17, , 4
2020/10/7, 30, 18, , 4
2020/10/8, 29, 16, , 4
2020/10/9, 34, 11, , 4
2020/10/10, 26, 11, , 2
2020/10/11, 22, 20, , 3
2020/10/12, 19, 16, , 3
2020/10/13, 13, 10, , 2
2020/10/14, 16, 18, , 5
2020/10/15, 32, 15, , 5
2020/10/16, 29, 12, , 3
2020/10/17, 15, 5, , 2
2020/10/18, 15, 17, , 3
2020/10/19, 28, 14, , 8
2020/10/20, 45, 10, , 3
2020/10/21, 22, 14, , 3
2020/10/22, 26, 17, , 4
2020/10/23, 42, 15, , 5
2020/10/24, 40, 9, , 6
2020/10/25, 39, 11, , 4
2020/10/26, 29, 15, , 4
2020/10/27, 35, 11, , 3
2020/10/28, 28, 11, , 3
2020/10/29, 21, 12, , 3
2020/10/30, 21, 13, , 3
2020/10/31, 24, 6, , 3
2020/11/1, 25, 9, , 3
2020/11/2, 18, 16, , 5
2020/11/3, 32, 18, , 4
2020/11/4, 25, 16, , 5
2020/11/5, 42, 15, , 4
2020/11/6, 30, 10, , 4
2020/11/7, 41, 17, , 8
2020/11/8, 55, 9, , 5
2020/11/9, 42, 9, , 3
2020/11/10, 39, 9, , 4
2020/11/11, 40, 11, , 4
2020/11/12, 32, 12, , 4
2020/11/13, 36, 8, , 3
2020/11/14, 24, 8, , 3
2020/11/15, 29, 13, , 5
2020/11/16, 38, 15, , 5
2020/11/17, 41, 14, , 4
2020/11/18, 38, 8, , 2
2020/11/19, 20, 21, , 4
2020/11/20, 35, 14, , 5
2020/11/21, 41, 5, , 2
2020/11/22, 17, 11, , 3
2020/11/23, 23, 12, , 3
2020/11/24, 27, 14, , 4
2020/11/25, 36, 12, , 4
2020/11/26, 44, 13, , 5
2020/11/27, 41, 15, , 5
2020/11/28, 28, 9, , 4
2020/11/29, 22, 12, , 6
2020/11/30, 44, 16, , 7
2020/12/1, 60, 12, , 6
2020/12/2, 56, 16, , 6
2020/12/3, 62, 15, , 6
2020/12/4, 36, 13, , 5
2020/12/5, 35, 7, , 4
2020/12/6, 25, 8, , 3
2020/12/7, 28, 8, , 4
2020/12/8, 35, 7, , 4
2020/12/9, 31, 13, , 8
2020/12/10, 52, 12, , 9
2020/12/11, 60, 9, , 5
2020/12/12, 35, 11, , 6
2020/12/13, 44, 16, , 7
2020/12/14, 54, 15, , 6
2020/12/15, 47, 13, , 5
2020/12/16, 32, 14, , 7
2020/12/17, 53, 14, , 6
2020/12/18, 46, 10, , 5
2020/12/19, 28, 9, , 4
2020/12/20, 34, 14, , 7
2020/12/21, 39, 12, , 6
2020/12/22, 28, 19, , 7
2020/12/23, 36, 8, , 4
2020/12/24, 16, 7, , 3
2020/12/25, 10, 6, , 3
2020/12/26, 19, 10, , 5
2020/12/27, 41, 12, , 6
2020/12/28, 26, 14, , 5
2020/12/29, 27, 25, , 9
2020/12/30, 48, 18, , 9
2020/12/31, 63, 13, , 8
2021/1/1, 55, 13, , 9
2021/1/2, 62, 11, , 7
2021/1/3, 53, 15, , 10
2020/7/1, 19, 13, , 2
2020/7/2, 15, 15, , 2
2020/7/3, 22, 11, , 2
2020/7/4, 18, 6, , 1
2020/7/5, 16, 11, , 1
2020/7/6, 15, 12, , 1
2020/7/7, 19, 12, , 2
2020/7/8, 17, 9, , 1
2020/7/9, 18, 9, , 1
2020/7/10, 21, 12, , 2
2020/7/11, 15, 11, , 1
2020/7/12, 13, 17, , 3
2020/7/13, 20, 12, , 2
2020/7/14, 22, 12, , 2
2020/7/15, 25, 15, , 2
2020/7/16, 18, 16, , 2
2020/7/17, 19, 13, , 2
2020/7/18, 22, 10, , 1
2020/7/19, 17, 15, , 2
2020/7/20, 21, 16, , 2
2020/7/21, 22, 19, , 2
2020/7/22, 23, 17, , 2
2020/7/23, 26, 13, , 1
2020/7/24, 25, 15, , 1
2020/7/25, 20, 8, , 1
2020/7/26, 17, 17, , 2
2020/7/27, 20, 11, , 1
2020/7/28, 24, 19, , 2
2020/7/29, 28, 22, , 3
2020/7/30, 33, 20, , 2
2020/7/31, 33, 13, , 2
2020/8/1, 23, 6, , 1
2020/8/2, 21, 20, , 2
2020/8/3, 27, 15, , 2
2020/8/4, 12, 14, , 1
2020/8/5, 18, 18, , 1
2020/8/6, 28, 17, , 2
2020/8/7, 37, 17, , 2
2020/8/8, 36, 13, , 2
2020/8/9, 28, 16, , 1
2020/8/10, 22, 21, , 2
2020/8/11, 33, 15, , 1
2020/8/12, 21, 22, , 1
2020/8/13, 30, 19, , 2
2020/8/14, 30, 11, , 1
2020/8/15, 23, 7, , 1
2020/8/16, 18, 13, , 1
2020/8/17, 21, 17, , 2
2020/8/18, 26, 18, , 2
2020/8/19, 25, 21, , 3
2020/8/20, 27, 14, , 2
2020/8/21, 27, 10, , 1
2020/8/22, 19, 10, , 1
2020/8/23, 15, 16, , 1
2020/8/24, 18, 17, , 2
2020/8/25, 20, 12, , 1
2020/8/26, 20, 12, , 1
2020/8/27, 16, 11, , 1
2020/8/28, 21, 15, , 2
2020/8/29, 19, 10, , 1
2020/8/30, 18, 15, , 2
2020/8/31, 19, 16, , 2
2020/9/1, 10, 14, , 1
2020/9/2, 13, 18, , 2
2020/9/3, 27, 15, , 2
2020/9/4, 23, 9, , 1
2020/9/5, 15, 12, , 1
2020/9/6, 17, 22, , 3
2020/9/7, 37, 14, , 2
2020/9/8, 21, 13, , 1
2020/9/9, 21, 19, , 2
2020/9/10, 26, 17, , 4
2020/9/11, 34, 15, , 4
2020/9/12, 33, 17, , 3
2020/9/13, 34, 24, , 5
2020/9/14, 40, 19, , 4
2020/9/15, 39, 15, , 2
2020/9/16, 40, 17, , 2
2020/9/17, 27, 23, , 4
2020/9/18, 34, 17, , 5
2020/9/19, 38, 12, , 2
2020/9/20, 28, 21, , 4
2020/9/21, 47, 22, , 6
2020/9/22, 51, 18, , 5
2020/9/23, 44, 16, , 3
2020/9/24, 33, 16, , 3
2020/9/25, 26, 8, , 2
2020/9/26, 14, 6, , 2
2020/9/27, 8, 16, , 4
2020/9/28, 21, 13, , 4
2020/9/29, 24, 14, , 3
2020/9/30, 28, 14, , 3
2020/4/1, 32, 13, , 4
2020/4/2, 30, 15, , 3
2020/4/3, 28, 17, , 5
2020/4/4, 42, 9, , 7
2020/4/5, 43, 19, , 4
2020/4/6, 40, 18, , 6
2020/4/7, 46, 27, , 7
2020/4/8, 54, 17, , 6
2020/4/9, 43, 18, , 4
2020/4/10, 28, 13, , 7
2020/4/11, 42, 7, , 3
2020/4/12, 21, 6, , 3
2020/4/13, 23, 10, , 3
2020/4/14, 18, 9, , 3
2020/4/15, 22, 16, , 3
2020/4/16, 26, 24, , 5
2020/4/17, 37, 9, , 4
2020/4/18, 23, 6, , 3
2020/4/19, 17, 17, , 4
2020/4/20, 30, 15, , 4
2020/4/21, 30, 21, , 6
2020/4/22, 42, 24, , 7
2020/4/23, 47, 16, , 6
2020/4/24, 41, 10, , 3
2020/4/25, 28, 14, , 5
2020/4/26, 29, 18, , 6
2020/4/27, 35, 14, , 4
2020/4/28, 27, 16, , 4
2020/4/29, 29, 11, , 3
2020/4/30, 24, 10, , 3
2020/5/1, 21, 9, , 4
2020/5/2, 15, 9, , 3
2020/5/3, 15, 17, , 5
2020/5/4, 32, 14, , 4
2020/5/5, 17, 12, , 3
2020/5/6, 18, 15, , 2
2020/5/7, 25, 20, , 3
2020/5/8, 33, 20, , 5
2020/5/9, 38, 13, , 2
2020/5/10, 26, 12, , 3
2020/5/11, 25, 11, , 2
2020/5/12, 15, 11, , 3
2020/5/13, 28, 19, , 3
2020/5/14, 27, 19, , 4
2020/5/15, 37, 16, , 2
2020/5/16, 29, 16, , 5
2020/5/17, 40, 19, , 3
2020/5/18, 28, 16, , 3
2020/5/19, 28, 18, , 2
2020/5/20, 28, 17, , 3
2020/5/21, 27, 19, , 4
2020/5/22, 33, 11, , 3
2020/5/23, 27, 6, , 1
2020/5/24, 16, 16, , 2
2020/5/25, 15, 13, , 2
2020/5/26, 24, 18, , 2
2020/5/27, 26, 20, , 4
2020/5/28, 35, 14, , 2
2020/5/29, 19, 12, , 2
2020/5/30, 18, 11, , 2
2020/5/31, 22, 15, , 3
2020/6/1, 28, 18, , 2
2020/6/2, 21, 16, , 3
2020/6/3, 29, 11, , 2
2020/6/4, 28, 11, , 2
2020/6/5, 16, 7, , 1
2020/6/6, 15, 7, , 1
2020/6/7, 15, 14, , 2
2020/6/8, 15, 17, , 3
2020/6/9, 27, 16, , 3
2020/6/10, 29, 8, , 2
2020/6/11, 25, 16, , 2
2020/6/12, 28, 12, , 3
2020/6/13, 36, 7, , 1
2020/6/14, 16, 17, , 2
2020/6/15, 22, 18, , 2
2020/6/16, 30, 18, , 2
2020/6/17, 29, 17, , 2
2020/6/18, 27, 15, , 3
2020/6/19, 16, 10, , 2
2020/6/20, 15, 6, , 1
2020/6/21, 15, 11, , 2
2020/6/22, 17, 13, , 2
2020/6/23, 20, 12, , 3
2020/6/24, 14, 10, , 2
2020/6/25, 19, 16, , 2
2020/6/26, 23, 9, , 2
2020/6/27, 16, 9, , 2
2020/6/28, 14, 14, , 3
2020/6/29, 18, 13, , 2
2020/6/30, 20, 10, , 2
2020/1/1, 25, 24, 15, 8
2020/1/2, 61, 16, 6, 6
2020/1/3, 37, 9, 2, 3
2020/1/4, 14, 11, 2, 3
2020/1/5, 21, 13, 5, 6
2020/1/6, 39, 17, 6, 5
2020/1/7, 38, 14, 3, 5
2020/1/8, 32, 13, 3, 4
2020/1/9, 27, 13, 3, 5
2020/1/10, 35, 12, 2, 4
2020/1/11, 16, 8, 4, 4
2020/1/12, 18, 15, 6, 4
2020/1/13, 32, 14, 7, 5
2020/1/14, 34, 12, 6, 5
2020/1/15, 27, 24, 6, 12
2020/1/16, 80, 19, 12, 19
2020/1/17, 91, 14, , 6
2020/1/18, 36, 15, , 6
2020/1/19, 34, 20, , 5
2020/1/20, 37, 14, , 4
2020/1/21, 28, 14, , 4
2020/1/22, 25, 20, , 5
2020/1/23, 34, 14, , 6
2020/1/24, 33, 19, , 8
2020/1/25, 57, 13, , 7
2020/1/26, 52, 19, , 8
2020/1/27, 56, 16, , 7
2020/1/28, 35, 11, , 4
2020/1/29, 17, 12, , 3
2020/1/30, 17, 13, , 4
2020/1/31, 18, 9, , 4
2020/2/1, 14, 7, , 3
2020/2/2, 12, 16, , 5
2020/2/3, 15, 17, , 4
2020/2/4, 16, 17, , 4
2020/2/5, 21, 17, , 5
2020/2/6, 24, 22, , 6
2020/2/7, 36, 16, , 8
2020/2/8, 42, 8, , 4
2020/2/9, 24, 9, , 4
2020/2/10, 13, 10, , 3
2020/2/11, 12, 10, , 3
2020/2/12, 13, 13, , 4
2020/2/13, 28, 22, , 6
2020/2/14, 29, 13, , 5
2020/2/15, 33, 6, , 4
2020/2/16, 16, 13, , 4
2020/2/17, 25, 14, , 4
2020/2/18, 18, 11, , 4
2020/2/19, 15, 18, , 4
2020/2/20, 27, 17, , 5
2020/2/21, 22, 9, , 4
2020/2/22, 20, 5, , 3
2020/2/23, 7, 16, , 4
2020/2/24, 22, 8, , 4
2020/2/25, 15, 15, , 4
2020/2/26, 18, 16, , 3
2020/2/27, 24, 21, , 5
2020/2/28, 36, 10, , 3
2020/2/29, 20, 8, , 2
2020/3/1, 18, 22, , 5
2020/3/2, 30, 14, , 4
2020/3/3, 21, 24, , 4
2020/3/4, 36, 19, , 8
2020/3/5, 54, 17, , 4
2020/3/6, 28, 13, , 4
2020/3/7, 18, 14, , 4
2020/3/8, 33, 23, , 7
2020/3/9, 49, 14, , 5
2020/3/10, 25, 12, , 2
2020/3/11, 15, 9, , 2
2020/3/12, 12, 13, , 3
2020/3/13, 16, 13, , 3
2020/3/14, 22, 10, , 5
2020/3/15, 33, 10, , 4
2020/3/16, 27, 25, , 6
2020/3/17, 51, 21, , 9
2020/3/18, 58, 24, , 6
2020/3/19, 57, 16, , 9
2020/3/20, 70, 7, , 2
2020/3/21, 15, 5, , 2
2020/3/22, 19, 11, , 3
2020/3/23, 24, 14, , 3
2020/3/24, 30, 9, , 3
2020/3/25, 30, 16, , 3
2020/3/26, 39, 20, , 4
2020/3/27, 48, 24, , 6
2020/3/28, 65, 12, , 15
2020/3/29, 75, , , 
2019/10/1, 13, 16, 1, 3
2019/10/2, 15, 15, 2, 3
2019/10/3, 14, 18, 2, 3
2019/10/4, 21, 14, 2, 3
2019/10/5, 20, 14, 4, 3
2019/10/6, 24, 24, 4, 10
2019/10/7, 56, 14, 4, 6
2019/10/8, 33, 11, 3, 2
2019/10/9, 17, 11, 2, 2
2019/10/10, 10, 12, 2, 2
2019/10/11, 14, 7, 2, 2
2019/10/12, 13, 8, 1, 2
2019/10/13, 14, 19, 2, 4
2019/10/14, 32, 21, 2, 7
2019/10/15, 44, 16, 2, 3
2019/10/16, 21, 19, 4, 3
2019/10/17, 25, 21, 5, 5
2019/10/18, 36, 19, 4, 5
2019/10/19, 45, 18, 3, 7
2019/10/20, 36, 29, 5, 10
2019/10/21, 56, 29, 3, 11
2019/10/22, 74, 19, 2, 9
2019/10/23, 54, 25, 3, 6
2019/10/24, 49, 30, 4, 9
2019/10/25, 59, 18, 4, 7
2019/10/26, 48, 11, 2, 3
2019/10/27, 18, 21, 1, 3
2019/10/28, 26, 21, 3, 6
2019/10/29, 33, 27, 3, 7
2019/10/30, 57, 23, 7, 13
2019/10/31, 77, 14, 7, 11
2019/11/1, 62, 8, 7, 3
2019/11/2, 23, 10, 6, 3
2019/11/3, 23, 15, 3, 4
2019/11/4, 18, 16, 3, 3
2019/11/5, 23, 16, 4, 4
2019/11/6, 26, 21, 10, 6
2019/11/7, 50, 16, 5, 8
2019/11/8, 41, 12, 5, 4
2019/11/9, 26, 14, 4, 6
2019/11/10, 29, 10, 4, 4
2019/11/11, 35, 20, 4, 5
2019/11/12, 30, 19, 4, 8
2019/11/13, 39, 11, 2, 3
2019/11/14, 18, 10, 2, 4
2019/11/15, 29, 17, 6, 8
2019/11/16, 40, 15, 4, 8
2019/11/17, 36, 17, 3, 5
2019/11/18, 35, 23, 6, 6
2019/11/19, 42, 15, 4, 6
2019/11/20, 41, 8, 3, 3
2019/11/21, 22, 9, 2, 3
2019/11/22, 24, 8, 2, 3
2019/11/23, 29, 7, 2, 4
2019/11/24, 22, 10, 2, 5
2019/11/25, 36, 13, 6, 6
2019/11/26, 44, 16, 7, 7
2019/11/27, 44, 13, 4, 4
2019/11/28, 26, 14, 2, 3
2019/11/29, 14, 16, 3, 4
2019/11/30, 23, 16, 8, 6
2019/12/1, 48, 20, 6, 8
2019/12/2, 40, 22, 2, 5
2019/12/3, 32, 18, 6, 5
2019/12/4, 35, 12, 3, 4
2019/12/5, 26, 10, 3, 4
2019/12/6, 29, 10, 3, 4
2019/12/7, 20, 7, 4, 3
2019/12/8, 13, 14, 3, 4
2019/12/9, 25, 24, 3, 6
2019/12/10, 32, 20, 11, 8
2019/12/11, 59, 21, 12, 7
2019/12/12, 51, 18, 7, 8
2019/12/13, 43, 11, 5, 4
2019/12/14, 17, 9, 3, 3
2019/12/15, 14, 22, 9, 7
2019/12/16, 47, 22, 11, 8
2019/12/17, 49, 21, 5, 6
2019/12/18, 49, 19, 6, 16
2019/12/19, 78, 15, 7, 5
2019/12/20, 31, 17, 4, 5
2019/12/21, 34, 14, 2, 5
2019/12/22, 25, 18, 2, 6
2019/12/23, 26, 13, 2, 4
2019/12/24, 19, 13, 5, 6
2019/12/25, 38, 9, 2, 4
2019/12/26, 14, 16, 2, 5
2019/12/27, 14, 12, 2, 4
2019/12/28, 14, 15, 4, 4
2019/12/29, 24, , , 
2019/7/1, 24, 19, 1, 2
2019/7/2, 22, 19, 1, 2
2019/7/3, 18, 21, 2, 2
2019/7/4, 18, 18, 2, 3
2019/7/5, 21, 18, 2, 2
2019/7/6, 20, 11, 1, 2
2019/7/7, 15, 18, 1, 2
2019/7/8, 15, 17, , 2
2019/7/9, 14, 14, 1, 2
2019/7/10, 14, 17, 1, 3
2019/7/11, 18, 19, 2, 3
2019/7/12, 24, 20, 1, 3
2019/7/13, 19, 14, 1, 2
2019/7/14, 16, 25, 1, 3
2019/7/15, 17, 16, 1, 2
2019/7/16, 18, 19, 1, 2
2019/7/17, 17, 22, 2, 3
2019/7/18, 25, 20, 3, 3
2019/7/19, 26, 18, 1, 2
2019/7/20, 22, 11, 1, 3
2019/7/21, 18, 23, 1, 3
2019/7/22, 21, 23, , 4
2019/7/23, 15, 19, 1, 3
2019/7/24, 21, 22, 2, 3
2019/7/25, 25, 21, 2, 3
2019/7/26, 23, 15, 1, 2
2019/7/27, 19, 14, 1, 2
2019/7/28, 18, 12, 1, 2
2019/7/29, 20, 20, , 4
2019/7/30, 23, 20, , 3
2019/7/31, 26, 22, 1, 3
2019/8/1, 19, 24, 1, 3
2019/8/2, 20, 19, 1, 3
2019/8/3, 18, 14, 1, 3
2019/8/4, 14, 20, 2, 3
2019/8/5, 19, 16, 2, 2
2019/8/6, 16, 17, 1, 2
2019/8/7, 11, 18, 1, 2
2019/8/8, 16, 25, 3, 3
2019/8/9, 21, 14, 1, 4
2019/8/10, 17, 13, 2, 2
2019/8/11, 14, 22, 2, 3
2019/8/12, 22, 22, 1, 3
2019/8/13, 17, 30, 2, 5
2019/8/14, 22, 12, 2, 3
2019/8/15, 18, 17, 2, 3
2019/8/16, 17, 10, 2, 2
2019/8/17, 15, 9, 3, 2
2019/8/18, 13, 24, 2, 3
2019/8/19, 21, 14, , 2
2019/8/20, 15, 20, 1, 3
2019/8/21, 15, 18, 1, 2
2019/8/22, 20, 18, 2, 2
2019/8/23, 20, 13, 1, 2
2019/8/24, 20, 15, 2, 2
2019/8/25, 20, 23, 2, 3
2019/8/26, 28, 27, 2, 4
2019/8/27, 36, 13, 2, 3
2019/8/28, 30, 21, 2, 3
2019/8/29, 31, 28, 1, 3
2019/8/30, 28, 14, , 3
2019/8/31, 22, 11, 1, 2
2019/9/1, 21, 20, 1, 3
2019/9/2, 14, 22, 1, 3
2019/9/3, 18, 20, 1, 3
2019/9/4, 20, 20, 2, 3
2019/9/5, 20, 24, 1, 3
2019/9/6, 21, 14, 1, 3
2019/9/7, 19, 11, , 3
2019/9/8, 14, 13, , 2
2019/9/9, 13, 15, 1, 2
2019/9/10, 14, 24, 2, 5
2019/9/11, 31, 26, 2, 5
2019/9/12, 29, 20, 2, 4
2019/9/13, 20, 20, 1, 3
2019/9/14, 23, 10, 1, 3
2019/9/15, 18, 18, 2, 3
2019/9/16, 15, 14, 1, 2
2019/9/17, 16, 13, 1, 2
2019/9/18, 14, 19, 2, 3
2019/9/19, 19, 22, 2, 4
2019/9/20, 25, 17, 2, 4
2019/9/21, 31, 17, 4, 6
2019/9/22, 33, 19, 2, 6
2019/9/23, 35, 14, 3, 2
2019/9/24, 33, 18, 2, 4
2019/9/25, 38, 18, 2, 3
2019/9/26, 22, 12, 2, 4
2019/9/27, 23, 11, 1, 2
2019/9/28, 11, 7, 2, 2
2019/9/29, 11, 9, 1, 2
2019/9/30, 13, 10, 1, 2
2019/4/1, 24, 10, 3, 2
2019/4/2, 34, 18, 4, 3
2019/4/3, 43, 15, 5, 3
2019/4/4, 42, 24, 3, 4
2019/4/5, 42, 16, 3, 4
2019/4/6, 43, 17, 2, 5
2019/4/7, 38, 31, 4, 7
2019/4/8, 50, 24, 5, 6
2019/4/9, 45, 19, 3, 3
2019/4/10, 28, 19, 2, 4
2019/4/11, 28, 19, 2, 4
2019/4/12, 27, 16, 1, 4
2019/4/13, 27, 14, 3, 3
2019/4/14, 22, 27, 5, 4
2019/4/15, 34, 23, 3, 5
2019/4/16, 33, 25, 3, 4
2019/4/17, 32, 32, 3, 6
2019/4/18, 46, 32, 3, 8
2019/4/19, 49, 22, 3, 7
2019/4/20, 40, 13, 3, 3
2019/4/21, 20, 5, 2, 2
2019/4/22, 21, 6, 2, 2
2019/4/23, 31, 8, 2, 2
2019/4/24, 24, 26, 2, 4
2019/4/25, 39, 25, 2, 5
2019/4/26, 42, 14, , 3
2019/4/27, 22, 11, , 3
2019/4/28, 14, 22, 1, 5
2019/4/29, 18, 23, 1, 4
2019/4/30, 32, 11, 1, 3
2019/5/1, 23, 16, 1, 3
2019/5/2, 26, 11, 2, 3
2019/5/3, 19, 9, 2, 3
2019/5/4, 18, 10, 3, 2
2019/5/5, 13, 22, 2, 4
2019/5/6, 23, 24, 2, 4
2019/5/7, 27, 13, 4, 4
2019/5/8, 32, 15, 2, 3
2019/5/9, 24, 17, 1, 4
2019/5/10, 25, 19, 2, 4
2019/5/11, 22, 11, 1, 3
2019/5/12, 21, 24, 1, 4
2019/5/13, 22, 17, 3, 4
2019/5/14, 18, 17, 1, 4
2019/5/15, 16, 17, 2, 4
2019/5/16, 24, 22, 3, 5
2019/5/17, 28, 17, 2, 4
2019/5/18, 23, 13, 1, 3
2019/5/19, 18, 15, 1, 2
2019/5/20, 20, 25, 1, 5
2019/5/21, 23, 19, , 4
2019/5/22, 18, 16, , 4
2019/5/23, 18, 26, 1, 5
2019/5/24, 32, 24, 1, 6
2019/5/25, 30, 16, , 3
2019/5/26, 20, 15, 1, 3
2019/5/27, 22, 12, 1, 2
2019/5/28, 15, 19, 1, 3
2019/5/29, 22, 20, 4, 3
2019/5/30, 20, 24, 1, 4
2019/5/31, 28, 22, 1, 4
2019/6/1, 27, 14, 1, 4
2019/6/2, 24, 17, 1, 3
2019/6/3, 23, 17, 1, 2
2019/6/4, 20, 15, 1, 2
2019/6/5, 25, 12, , 2
2019/6/6, 18, 21, , 3
2019/6/7, 26, 18, 1, 4
2019/6/8, 30, 12, 1, 3
2019/6/9, 15, 12, 1, 2
2019/6/10, 21, 12, 1, 2
2019/6/11, 26, 13, 1, 2
2019/6/12, 27, 16, 1, 2
2019/6/13, 31, 22, 1, 4
2019/6/14, 34, 11, 1, 2
2019/6/15, 32, 13, 1, 2
2019/6/16, 20, 21, 1, 3
2019/6/17, 17, 19, 1, 2
2019/6/18, 17, 14, 1, 2
2019/6/19, 24, 8, 2, 2
2019/6/20, 20, 23, 1, 3
2019/6/21, 21, 13, 1, 2
2019/6/22, 19, 10, 1, 2
2019/6/23, 12, 20, 2, 2
2019/6/24, 19, 14, 1, 2
2019/6/25, 25, 12, 1, 2
2019/6/26, 27, 20, 1, 2
2019/6/27, 29, 20, 2, 3
2019/6/28, 21, 20, 2, 2
2019/6/29, 20, 8, 2, 2
2019/6/30, 16, 19, 1, 2
2019/1/1, 17, 12, 2, 3
2019/1/2, 12, 17, 3, 4
2019/1/3, 19, 17, 3, 4
2019/1/4, 23, 14, 3, 4
2019/1/5, 13, 9, 4, 3
2019/1/6, 15, 25, 20, 12
2019/1/7, 83, 16, 8, 6
2019/1/8, 29, 18, 6, 5
2019/1/9, 34, 22, 4, 7
2019/1/10, 52, 18, 4, 6
2019/1/11, 46, 16, 4, 4
2019/1/12, 24, 9, 4, 3
2019/1/13, 12, 14, 2, 3
2019/1/14, 12, 15, 2, 4
2019/1/15, 13, 16, 3, 4
2019/1/16, 18, 15, 5, 4
2019/1/17, 22, 19, 2, 4
2019/1/18, 19, 23, 9, 8
2019/1/19, 63, 27, 16, 18
2019/1/20, 108, 20, 7, 12
2019/1/21, 67, 24, 13, 13
2019/1/22, 91, 12, 5, 4
2019/1/23, 37, 15, 4, 5
2019/1/24, 34, 20, 5, 6
2019/1/25, 43, 16, 12, 7
2019/1/26, 56, 16, 17, 7
2019/1/27, 48, 25, 14, 9
2019/1/28, 56, 22, 8, 8
2019/1/29, 46, 22, 9, 11
2019/1/30, 70, 25, 18, 15
2019/1/31, 91, 24, 12, 14
2019/2/1, 74, 23, 11, 8
2019/2/2, 44, 14, 5, 11
2019/2/3, 43, 20, 4, 7
2019/2/4, 27, 21, 11, 7
2019/2/5, 48, 23, 9, 7
2019/2/6, 46, 23, 15, 9
2019/2/7, 54, 21, 7, 6
2019/2/8, 41, 15, 9, 6
2019/2/9, 37, 10, 7, 5
2019/2/10, 29, 15, 2, 5
2019/2/11, 14, 17, 2, 4
2019/2/12, 22, 15, 3, 5
2019/2/13, 21, 20, 2, 5
2019/2/14, 25, 25, 4, 6
2019/2/15, 42, 26, 9, 10
2019/2/16, 56, 29, 10, 12
2019/2/17, 78, 36, 17, 19
2019/2/18, 91, 19, 9, 8
2019/2/19, 46, 18, 3, 5
2019/2/20, 25, 17, 3, 5
2019/2/21, 29, 15, 2, 4
2019/2/22, 19, 20, 7, 6
2019/2/23, 43, 18, 8, 7
2019/2/24, 44, 24, 5, 7
2019/2/25, 46, 20, 3, 5
2019/2/26, 35, 21, 4, 6
2019/2/27, 40, 19, 5, 5
2019/2/28, 45, 22, 2, 6
2019/3/1, 46, 22, 6, 7
2019/3/2, 49, 9, 4, 5
2019/3/3, 28, 12, 3, 3
2019/3/4, 18, 14, 2, 3
2019/3/5, 14, 14, 4, 3
2019/3/6, 24, 15, 5, 3
2019/3/7, 27, 12, 2, 2
2019/3/8, 15, 9, 2, 2
2019/3/9, 12, 6, 2, 2
2019/3/10, 11, 17, 1, 3
2019/3/11, 14, 21, 3, 4
2019/3/12, 29, 16, 5, 4
2019/3/13, 24, 13, 3, 3
2019/3/14, 16, 14, 2, 3
2019/3/15, 13, 10, 2, 2
2019/3/16, 13, 13, 3, 3
2019/3/17, 19, 16, 2, 4
2019/3/18, 16, 23, 3, 4
2019/3/19, 35, 30, 7, 7
2019/3/20, 49, 23, 8, 6
2019/3/21, 47, 24, 3, 6
2019/3/22, 52, 22, 6, 11
2019/3/23, 51, 14, 4, 13
2019/3/24, 26, 18, 3, 8
2019/3/25, 27, 16, 1, 3
2019/3/26, 21, 25, 3, 4
2019/3/27, 30, 27, 4, 6
2019/3/28, 41, 27, 6, 12
2019/3/29, 63, 25, 9, 14
2019/3/30, 77, 19, 7, 9
2019/3/31, 45, 21, 4, 3
2018/10/1, 33, 13, 1, 2
2018/10/2, 14, 10, 1, 2
2018/10/3, 12, 17, 2, 2
2018/10/4, 21, 25, 4, 5
2018/10/5, 45, 22, 4, 5
2018/10/6, 40, 12, 4, 3
2018/10/7, 27, 17, 2, 3
2018/10/8, 28, 26, 3, 10
2018/10/9, 63, 32, 4, 11
2018/10/10, 59, 28, 2, 5
2018/10/11, 45, 34, 3, 8
2018/10/12, 57, 31, 3, 10
2018/10/13, 62, 26, 4, 9
2018/10/14, 50, 33, 4, 8
2018/10/15, 50, 37, 5, 10
2018/10/16, 66, 37, 7, 11
2018/10/17, 70, 28, 3, 10
2018/10/18, 60, 16, 1, 6
2018/10/19, 58, 11, 1, 4
2018/10/20, 37, 9, 2, 3
2018/10/21, 25, 18, 3, 7
2018/10/22, 44, 12, 1, 3
2018/10/23, 14, 7, 1, 2
2018/10/24, 10, 12, 1, 3
2018/10/25, 11, 23, 3, 4
2018/10/26, 30, 15, 3, 5
2018/10/27, 29, 10, 1, 3
2018/10/28, 14, 15, 2, 5
2018/10/29, 23, 20, 4, 4
2018/10/30, 30, 32, 6, 7
2018/10/31, 39, 23, 4, 7
2018/11/1, 40, 25, 6, 6
2018/11/2, 55, 9, 2, 4
2018/11/3, 20, 10, 1, 4
2018/11/4, 21, 18, 4, 8
2018/11/5, 49, 33, 5, 12
2018/11/6, 64, 26, 3, 12
2018/11/7, 69, 25, 5, 14
2018/11/8, 83, 22, 5, 13
2018/11/9, 76, 22, 4, 16
2018/11/10, 79, 12, 4, 9
2018/11/11, 42, 22, 8, 8
2018/11/12, 56, 20, 8, 7
2018/11/13, 41, 12, 3, 3
2018/11/14, 21, 15, 3, 4
2018/11/15, 26, 14, 1, 5
2018/11/16, 22, 13, 3, 4
2018/11/17, 33, 13, 6, 6
2018/11/18, 50, 14, 3, 5
2018/11/19, 37, 16, 2, 4
2018/11/20, 30, 15, 2, 4
2018/11/21, 30, 19, 2, 5
2018/11/22, 36, 17, 5, 7
2018/11/23, 57, 14, 5, 8
2018/11/24, 39, 13, 6, 6
2018/11/25, 31, 10, 4, 6
2018/11/26, 32, 12, 7, 5
2018/11/27, 33, 21, 5, 8
2018/11/28, 56, 21, 5, 7
2018/11/29, 49, 26, 7, 9
2018/11/30, 53, 16, 7, 8
2018/12/1, 58, 11, 7, 6
2018/12/2, 35, 12, 4, 5
2018/12/3, 23, 14, 3, 5
2018/12/4, 23, 20, 5, 6
2018/12/5, 39, 25, 10, 11
2018/12/6, 61, 12, 3, 5
2018/12/7, 21, 11, 3, 4
2018/12/8, 17, 9, 3, 4
2018/12/9, 11, 13, 2, 4
2018/12/10, 13, 16, 2, 5
2018/12/11, 23, 13, 3, 5
2018/12/12, 35, 9, 2, 5
2018/12/13, 30, 13, 3, 5
2018/12/14, 26, 10, 4, 5
2018/12/15, 24, 15, 8, 6
2018/12/16, 40, 21, 12, 11
2018/12/17, 65, 17, 11, 9
2018/12/18, 60, , , 
2018/12/27, 20, 16, 2, 4
2018/12/28, 15, 13, 2, 4
2018/12/29, 14, 10, 2, 3
2018/12/30, 14, , , 
2018/7/1, 7, 11, 1, 1
2018/7/2, 13, 17, 1, 1
2018/7/3, 19, 23, 1, 1
2018/7/4, 29, 24, 3, 2
2018/7/5, 34, 13, , 1
2018/7/6, 21, 8, , 1
2018/7/7, 19, 8, 1, 
2018/7/8, 17, 18, 2, 1
2018/7/9, 26, 19, 2, 2
2018/7/10, 30, 18, 2, 2
2018/7/11, 26, 15, 2, 2
2018/7/12, 16, 12, , 1
2018/7/13, 11, 8, 1, 
2018/7/14, 13, 5, , 
2018/7/15, 11, 8, , 
2018/7/16, 14, 11, 1, 
2018/7/17, 10, 8, 1, 1
2018/7/18, 11, 10, 1, 1
2018/7/19, 15, 11, , 1
2018/7/20, 18, 18, 1, 4
2018/7/21, 25, 11, 3, 5
2018/7/22, 26, 8, 2, 
2018/7/23, 21, 10, 2, 1
2018/7/24, 24, 9, 1, 
2018/7/25, 19, 13, 2, 1
2018/7/26, 21, 16, 1, 2
2018/7/27, 17, 14, , 2
2018/7/28, 19, 16, , 2
2018/7/29, 24, 16, , 1
2018/7/30, 19, 20, , 2
2018/7/31, 26, 16, , 1
2018/8/1, 18, 17, , 1
2018/8/2, 20, 21, 1, 2
2018/8/3, 21, 21, 2, 2
2018/8/4, 29, 9, 1, 1
2018/8/5, 15, 10, 1, 1
2018/8/6, 12, 24, 2, 2
2018/8/7, 22, 23, 2, 2
2018/8/8, 22, 25, 2, 2
2018/8/9, 32, 18, 1, 1
2018/8/10, 21, 11, , 1
2018/8/11, 8, 15, 1, 1
2018/8/12, 13, 24, 2, 2
2018/8/13, 20, 18, 1, 1
2018/8/14, 19, 9, 1, 1
2018/8/15, 9, 15, 1, 1
2018/8/16, 13, 23, 2, 2
2018/8/17, 22, 16, 1, 2
2018/8/18, 26, 19, 1, 2
2018/8/19, 28, 18, 1, 2
2018/8/20, 28, 11, , 1
2018/8/21, 20, 23, 1, 2
2018/8/22, 27, 27, 1, 2
2018/8/23, 27, 20, 1, 1
2018/8/24, 28, 12, 1, 2
2018/8/25, 14, 8, , 1
2018/8/26, 11, 19, 2, 3
2018/8/27, 20, 16, 2, 2
2018/8/28, 24, 24, 1, 3
2018/8/29, 34, 22, 1, 2
2018/8/30, 26, 19, 1, 2
2018/8/31, 18, 13, 1, 1
2018/9/1, 16, 20, 1, 2
2018/9/2, 24, 20, 2, 2
2018/9/3, 25, 12, 4, 1
2018/9/4, 23, 11, 3, 1
2018/9/5, 24, 17, 3, 1
2018/9/6, 29, 25, 2, 3
2018/9/7, 44, 14, , 1
2018/9/8, 25, 16, 1, 2
2018/9/9, 20, 28, 2, 3
2018/9/10, 36, 26, 2, 3
2018/9/11, 32, 27, 2, 2
2018/9/12, 32, 14, 1, 1
2018/9/13, 22, 12, , 1
2018/9/14, 8, 11, , 1
2018/9/15, 15, 12, 1, 2
2018/9/16, 18, 24, 1, 3
2018/9/17, 33, 24, 2, 2
2018/9/18, 34, 25, 2, 2
2018/9/19, 35, 30, 3, 2
2018/9/20, 41, 25, 3, 3
2018/9/21, 43, 12, 2, 1
2018/9/22, 12, 9, 1, 
2018/9/23, 9, 8, , 
2018/9/24, 8, 12, 1, 2
2018/9/25, 11, 13, , 3
2018/9/26, 18, 17, 2, 2
2018/9/27, 20, 15, 3, 3
2018/9/28, 20, 12, 2, 4
2018/9/29, 32, 20, 3, 7
2018/9/30, 39, 19, 4, 5
2018/4/1, 20, 11, 2, 
2018/4/2, 27, 27, 8, 
2018/4/3, 48, 29, 8, 
2018/4/4, 51, 18, 3, 
2018/4/5, 28, 11, 2, 
2018/4/6, 26, 25, 5, 
2018/4/7, 49, 18, 4, 
2018/4/8, 38, 25, 5, 
2018/4/9, 49, 29, 11, 
2018/4/10, 61, 30, 3, 
2018/4/11, 48, 23, 1, 
2018/4/12, 47, 23, 1, 
2018/4/13, 53, 20, 2, 
2018/4/14, 32, 19, 2, 
2018/4/15, 34, 24, 3, 
2018/4/16, 44, 8, , 
2018/4/17, 21, 15, 1, 
2018/4/18, 36, 11, 1, 
2018/4/19, 29, 24, 2, 
2018/4/20, 29, 14, 3, 
2018/4/21, 34, 11, 1, 
2018/4/22, 17, 24, 2, 
2018/4/23, 38, 13, 1, 
2018/4/24, 24, 16, 1, 
2018/4/25, 30, 15, 1, 
2018/4/26, 24, 20, 5, 
2018/4/27, 25, 21, 2, 
2018/4/28, 30, 19, 2, 
2018/4/29, 38, 19, 1, 
2018/4/30, 37, 10, 1, 
2018/5/1, 23, 20, 1, 
2018/5/2, 29, 10, 1, 
2018/5/3, 27, 5, 2, 
2018/5/4, 17, 5, 2, 
2018/5/5, 14, 7, 1, 
2018/5/6, 13, 16, 3, 1
2018/5/7, 24, 21, 2, 1
2018/5/8, 28, 19, , 1
2018/5/9, 33, 20, 1, 2
2018/5/10, 33, 16, , 1
2018/5/11, 20, 19, , 2
2018/5/12, 28, 12, , 2
2018/5/13, 17, 17, 1, 1
2018/5/14, 22, 19, 1, 2
2018/5/15, 19, 14, , 1
2018/5/16, 17, 14, , 1
2018/5/17, 13, 11, , 1
2018/5/18, 20, 6, , 1
2018/5/19, 16, 7, , 2
2018/5/20, 12, 21, 1, 2
2018/5/21, 20, 22, 2, 2
2018/5/22, 28, 22, 2, 2
2018/5/23, 33, 14, 3, 1
2018/5/24, 19, 17, 2, 2
2018/5/25, 19, 14, , 1
2018/5/26, 19, 14, 1, 1
2018/5/27, 21, 23, 2, 2
2018/5/28, 28, 26, 2, 2
2018/5/29, 33, 32, 1, 3
2018/5/30, 41, 16, 1, 3
2018/5/31, 26, 24, 1, 1
2018/6/1, 30, 12, , 1
2018/6/2, 21, 9, , 1
2018/6/3, 19, 14, 2, 1
2018/6/4, 25, 12, , 1
2018/6/5, 27, 11, 1, 2
2018/6/6, 15, 20, 2, 1
2018/6/7, 20, 27, 2, 2
2018/6/8, 30, 19, 1, 1
2018/6/9, 26, 14, 1, 2
2018/6/10, 24, 14, , 1
2018/6/11, 21, 18, 1, 1
2018/6/12, 22, 14, , 1
2018/6/13, 19, 7, , 1
2018/6/14, 18, 9, 1, 
2018/6/15, 17, 8, 1, 
2018/6/16, 18, 16, 1, 1
2018/6/17, 20, 14, 2, 1
2018/6/18, 30, 11, 1, 1
2018/6/19, 17, 20, 1, 1
2018/6/20, 27, 18, 1, 2
2018/6/21, 34, 11, 1, 1
2018/6/22, 13, 9, 1, 1
2018/6/23, 11, 7, , 
2018/6/24, 6, 10, 1, 1
2018/6/25, 9, 14, 1, 1
2018/6/26, 13, 9, 1, 1
2018/6/27, 15, 10, 1, 
2018/6/28, 16, 9, 1, 1
2018/6/29, 20, 4, , 1
2018/6/30, 9, 5, 1, 
2018/1/1, 33, 19, 8, 
2018/1/2, 48, 16, 5, 
2018/1/3, 25, 14, 5, 
2018/1/4, 24, 14, 4, 
2018/1/5, 21, 14, 7, 
2018/1/6, 56, 7, 4, 
2018/1/7, 31, 13, 3, 
2018/1/8, 29, 20, 3, 
2018/1/9, 39, 16, 5, 
2018/1/10, 53, 10, 4, 
2018/1/11, 52, 10, 2, 
2018/1/12, 27, 11, 2, 
2018/1/13, 21, 11, 3, 
2018/1/14, 32, 19, 9, 
2018/1/15, 60, 19, 10, 
2018/1/16, 49, 17, 6, 
2018/1/17, 26, 14, 4, 
2018/1/18, 19, 15, 4, 
2018/1/19, 26, 20, 10, 
2018/1/20, 57, 15, 10, 
2018/1/21, 60, 22, 8, 
2018/1/22, 51, 28, 13, 
2018/1/23, 70, 16, 10, 
2018/1/24, 48, 15, 7, 
2018/1/25, 38, 23, 11, 
2018/1/26, 59, 15, 8, 
2018/1/27, 63, 10, 4, 
2018/1/28, 30, 11, 3, 
2018/1/29, 15, 9, 3, 
2018/1/30, 13, 16, 8, 
2018/1/31, 40, 15, 6, 
2018/2/1, 37, 21, 7, 
2018/2/2, 54, 22, 16, 
2018/2/3, 80, 9, 5, 
2018/2/4, 45, 12, 9, 
2018/2/5, 36, 28, 16, 
2018/2/6, 84, 21, 7, 
2018/2/7, 65, 11, 8, 
2018/2/8, 65, 20, 10, 
2018/2/9, 75, 17, 10, 
2018/2/10, 70, 21, 16, 
2018/2/11, 77, 22, 14, 
2018/2/12, 64, 20, 15, 
2018/2/13, 66, 14, 4, 
2018/2/14, 48, 18, 5, 
2018/2/15, 45, 20, 7, 
2018/2/16, 52, 19, 10, 
2018/2/17, 59, 9, 8, 
2018/2/18, 36, 27, 7, 
2018/2/19, 52, 17, 5, 
2018/2/20, 47, 12, 4, 
2018/2/21, 38, 13, 4, 
2018/2/22, 36, 12, 5, 
2018/2/23, 41, 7, 6, 
2018/2/24, 37, 7, 4, 
2018/2/25, 33, 16, 5, 
2018/2/26, 49, 11, 4, 
2018/2/27, 40, 11, 3, 
2018/2/28, 36, 22, 4, 
2018/3/1, 60, 21, 6, 
2018/3/2, 59, 16, 9, 
2018/3/3, 53, 27, 27, 
2018/3/4, 95, 41, 23, 
2018/3/5, 112, 33, 15, 
2018/3/6, 89, 24, 8, 
2018/3/7, 62, 23, 7, 
2018/3/8, 46, 24, 9, 
2018/3/9, 44, 28, 15, 
2018/3/10, 73, 23, 9, 
2018/3/11, 51, 18, 6, 
2018/3/12, 36, 17, 3, 
2018/3/13, 25, 14, 3, 
2018/3/14, 24, 16, 2, 
2018/3/15, 33, 10, 1, 
2018/3/16, 24, 7, 1, 
2018/3/17, 16, 5, 2, 
2018/3/18, 17, 20, 4, 
2018/3/19, 32, 16, 8, 
2018/3/20, 39, 13, 8, 
2018/3/21, 33, 24, 11, 
2018/3/22, 65, 20, 12, 
2018/3/23, 68, 27, 7, 
2018/3/24, 65, 15, 6, 
2018/3/25, 40, 24, 7, 
2018/3/26, 52, 11, 2, 
2018/3/27, 30, 24, 6, 
2018/3/28, 53, 20, 5, 
2018/3/29, 39, 25, 7, 
2018/3/30, 49, 15, 4, 
2018/3/31, 32, 4, 1, 
2017/10/1, 46, 20, 3, 
2017/10/2, 54, 15, , 
2017/10/3, 26, 15, 1, 
2017/10/4, 23, 12, 2, 
2017/10/5, 18, 15, , 
2017/10/6, 13, 13, 1, 
2017/10/7, 22, 8, , 
2017/10/8, 16, 16, 1, 
2017/10/9, 22, 14, 2, 
2017/10/10, 22, 13, 3, 
2017/10/11, 21, 13, 2, 
2017/10/12, 22, 14, 2, 
2017/10/13, 27, 14, 2, 
2017/10/14, 33, 14, 2, 
2017/10/15, 38, 22, 1, 
2017/10/16, 43, 26, 2, 
2017/10/17, 52, 31, 3, 
2017/10/18, 71, 23, 2, 
2017/10/19, 75, 21, 1, 
2017/10/20, 61, 17, 1, 
2017/10/21, 54, 14, 2, 
2017/10/22, 53, 7, 2, 
2017/10/23, 24, 14, 2, 
2017/10/24, 39, 16, 3, 
2017/10/25, 38, 17, 3, 
2017/10/26, 29, 12, 2, 
2017/10/27, 18, 10, 1, 
2017/10/28, 15, 4, 1, 
2017/10/29, 10, 8, 1, 
2017/10/30, 18, 15, 5, 
2017/10/31, 35, 9, 5, 
2017/11/1, 19, 13, 2, 
2017/11/2, 26, 14, 3, 
2017/11/3, 31, 22, 6, 
2017/11/4, 45, 21, 9, 
2017/11/5, 48, 16, 6, 
2017/11/6, 42, 14, 2, 
2017/11/7, 36, 18, 2, 
2017/11/8, 40, 18, 7, 
2017/11/9, 56, 12, 3, 
2017/11/10, 36, 8, 3, 
2017/11/11, 15, 15, 4, 
2017/11/12, 27, 10, 3, 
2017/11/13, 24, 15, 5, 
2017/11/14, 38, 20, 10, 
2017/11/15, 63, 28, 15, 
2017/11/16, 85, 16, 8, 
2017/11/17, 47, 14, 4, 
2017/11/18, 37, 9, 4, 
2017/11/19, 18, 12, 3, 
2017/11/20, 21, 19, 5, 
2017/11/21, 37, 17, 5, 
2017/11/22, 48, 18, 8, 
2017/11/23, 49, 17, 8, 
2017/11/24, 42, 16, 7, 
2017/11/25, 41, 9, 6, 
2017/11/26, 36, 18, 11, 
2017/11/27, 48, 20, 9, 
2017/11/28, 43, 21, 8, 
2017/11/29, 51, 15, 6, 
2017/11/30, 41, 18, 7, 
2017/12/1, 47, 14, 10, 
2017/12/2, 61, 13, 11, 
2017/12/3, 56, 13, 7, 
2017/12/4, 35, 16, 3, 
2017/12/5, 22, 13, 3, 
2017/12/6, 22, 12, 4, 
2017/12/7, 25, 15, 3, 
2017/12/8, 32, 16, 7, 
2017/12/9, 36, 12, 6, 
2017/12/10, 27, 19, 7, 
2017/12/11, 23, 13, 4, 
2017/12/12, 21, 22, 8, 
2017/12/13, 47, 13, 5, 
2017/12/14, 22, 22, 8, 
2017/12/15, 34, 19, 11, 
2017/12/16, 60, 15, 9, 
2017/12/17, 50, 12, 9, 
2017/12/18, 47, 13, 5, 
2017/12/19, 39, 14, 6, 
2017/12/20, 53, 15, 4, 
2017/12/21, 37, 10, 4, 
2017/12/22, 17, 8, 3, 
2017/12/23, 15, 5, 2, 
2017/12/24, 10, 8, 3, 
2017/12/25, 17, 6, 3, 
2017/12/26, 22, 23, 9, 
2017/12/27, 48, 22, 7, 
2017/12/28, 35, 13, 3, 
2017/12/29, 32, 16, 9, 
2017/12/30, 47, , , 
2017/12/31, 25, 9, 5, 
2017/7/1, 14, 7, 1, 
2017/7/2, 8, 10, 1, 
2017/7/3, 15, 16, 2, 
2017/7/4, 22, 16, 2, 
2017/7/5, 24, 9, , 
2017/7/6, 16, 23, 2, 
2017/7/7, 31, 10, , 
2017/7/8, 20, 15, 1, 
2017/7/9, 16, 22, 1, 
2017/7/10, 23, 17, , 
2017/7/11, 21, 15, 2, 
2017/7/12, 17, 7, , 
2017/7/13, 12, 12, , 
2017/7/14, 17, 15, 1, 
2017/7/15, 17, 10, 1, 
2017/7/16, 15, 16, 1, 
2017/7/17, 18, 13, 1, 
2017/7/18, 18, 25, 2, 
2017/7/19, 31, 20, 2, 
2017/7/20, 34, 14, , 
2017/7/21, 23, 20, 2, 
2017/7/22, 26, 10, 1, 
2017/7/23, 17, 16, 2, 
2017/7/24, 21, 15, 2, 
2017/7/25, 15, 12, 1, 
2017/7/26, 13, 12, 2, 
2017/7/27, 13, 11, 1, 
2017/7/28, 14, 14, 2, 
2017/7/29, 19, 13, 4, 
2017/7/30, 22, 21, 3, 
2017/7/31, 30, 26, 3, 
2017/8/1, 36, 19, 2, 
2017/8/2, 34, 21, 2, 
2017/8/3, 34, 18, 2, 
2017/8/4, 29, 15, 1, 
2017/8/5, 27, 6, 1, 
2017/8/6, 15, 14, 1, 
2017/8/7, 18, 19, 1, 
2017/8/8, 30, 24, 2, 
2017/8/9, 33, 21, 1, 
2017/8/10, 34, 20, , 
2017/8/11, 27, 9, 1, 
2017/8/12, 7, 6, 1, 
2017/8/13, 8, 13, 1, 
2017/8/14, 14, 15, 1, 
2017/8/15, 17, 18, 2, 
2017/8/16, 23, 15, 1, 
2017/8/17, 18, 27, 4, 
2017/8/18, 31, 15, 1, 
2017/8/19, 18, 9, 1, 
2017/8/20, 13, 11, 2, 
2017/8/21, 12, 10, 1, 
2017/8/22, 11, 12, 1, 
2017/8/23, 14, 22, 2, 
2017/8/24, 26, 22, 1, 
2017/8/25, 33, 24, 1, 
2017/8/26, 36, 10, 2, 
2017/8/27, 20, 12, 1, 
2017/8/28, 19, 24, 2, 
2017/8/29, 32, 30, 4, 
2017/8/30, 33, 32, 3, 
2017/8/31, 40, 7, 1, 
2017/9/1, 13, 8, 1, 
2017/9/2, 7, 5, 1, 
2017/9/3, 7, 11, 1, 
2017/9/4, 9, 14, 1, 
2017/9/5, 11, , , 
2017/9/10, 14, 18, 1, 
2017/9/11, 21, 15, 1, 
2017/9/12, 14, 9, 1, 
2017/9/13, 13, 12, 2, 
2017/9/14, 8, 17, 1, 
2017/9/15, 18, 19, 2, 
2017/9/16, 28, 6, 1, 
2017/9/17, 12, 19, 1, 
2017/9/18, 23, 19, 1, 
2017/9/19, 33, 7, 13, 
2017/9/20, 18, 8, 1, 
2017/9/21, 21, 11, 1, 
2017/9/22, 18, 9, 1, 
2017/9/23, 20, 9, 1, 
2017/9/24, 18, 17, 2, 
2017/9/25, 24, 18, 1, 
2017/9/26, 34, 21, 2, 
2017/9/27, 35, 24, , 
2017/9/28, 39, 21, , 
2017/9/29, 48, 22, 1, 
2017/9/30, 48, 21, 1, 
2017/4/1, 54, 14, 4, 
2017/4/2, 36, 9, 3, 
2017/4/3, 23, 19, 1, 
2017/4/4, 32, 12, 3, 
2017/4/5, 40, 8, 1, 
2017/4/6, 17, 13, 1, 
2017/4/7, 13, 6, 1, 
2017/4/8, 18, 15, 4, 
2017/4/9, 39, 19, 5, 
2017/4/10, 39, 9, 1, 
2017/4/11, 19, 14, 2, 
2017/4/12, 21, 12, 3, 
2017/4/13, 15, 13, 4, 
2017/4/14, 24, 15, 5, 
2017/4/15, 34, 7, 2, 
2017/4/16, 20, 11, 2, 
2017/4/17, 21, 6, 2, 
2017/4/18, 12, 6, 1, 
2017/4/19, 12, 9, 4, 
2017/4/20, 20, 19, 7, 
2017/4/21, 39, 9, 2, 
2017/4/22, 21, 7, 2, 
2017/4/23, 11, 17, 4, 
2017/4/24, 25, 17, 6, 
2017/4/25, 39, 13, 1, 
2017/4/26, 14, 15, 3, 
2017/4/27, 17, 10, 2, 
2017/4/28, 12, 12, 3, 
2017/4/29, 22, 10, 5, 
2017/4/30, 28, 10, 1, 
2017/5/1, 18, 17, 1, 
2017/5/2, 27, 6, 2, 
2017/5/3, 25, 16, 3, 
2017/5/4, 35, 12, 2, 
2017/5/5, 28, 9, 3, 
2017/5/6, 36, 7, 1, 
2017/5/7, 20, 6, 2, 
2017/5/8, 15, 7, 4, 
2017/5/9, 18, 20, 6, 
2017/5/10, 38, 20, 5, 
2017/5/11, 32, 23, 2, 
2017/5/12, 32, 17, 1, 
2017/5/13, 32, 21, 3, 
2017/5/14, 44, 21, 3, 
2017/5/15, 35, 13, 2, 
2017/5/16, 24, 27, 2, 
2017/5/17, 42, 29, 2, 
2017/5/18, 37, 32, 2, 
2017/5/19, 41, 15, 1, 
2017/5/20, 39, 3, 1, 
2017/5/21, 19, 8, 2, 
2017/5/22, 21, 20, 2, 
2017/5/23, 42, 16, , 
2017/5/24, 19, 7, , 
2017/5/25, 18, 12, 1, 
2017/5/26, 19, 9, 2, 
2017/5/27, 19, 16, 2, 
2017/5/28, 29, 17, 1, 
2017/5/29, 23, 17, 2, 
2017/5/30, 26, 13, 1, 
2017/5/31, 19, 12, , 
2017/6/1, 19, 15, 2, 
2017/6/2, 28, 18, 1, 
2017/6/3, 28, 12, 1, 
2017/6/4, 22, 15, , 
2017/6/5, 13, 21, 1, 
2017/6/6, 23, 15, , 
2017/6/7, 13, 12, 1, 
2017/6/8, 17, 26, 2, 
2017/6/9, 31, 14, 1, 
2017/6/10, 17, 10, 1, 
2017/6/11, 16, 18, 2, 
2017/6/12, 25, 13, 1, 
2017/6/13, 22, 11, 1, 
2017/6/14, 21, 10, , 
2017/6/15, 21, 17, 1, 
2017/6/16, 20, 6, , 
2017/6/17, 8, 5, , 
2017/6/18, 13, 12, 1, 
2017/6/19, 18, 17, 1, 
2017/6/20, 29, 8, 1, 
2017/6/21, 20, 23, 1, 
2017/6/22, 37, 12, , 
2017/6/23, 17, 15, 1, 
2017/6/24, 25, 12, 1, 
2017/6/25, 22, 15, 1, 
2017/6/26, 16, 17, 1, 
2017/6/27, 18, 21, 1, 
2017/6/28, 26, 13, 1, 
2017/6/29, 23, 13, 1, 
2017/6/30, 15, 11, 2, 
2017/1/2, 41, 14, 6, 
2017/1/3, 23, 9, 3, 
2017/1/4, 12, 5, 8, 
2017/1/5, 16, 8, 22, 
2017/1/6, 31, 20, 32, 
2017/1/7, 100, 35, 50, 
2017/1/8, 234, 47, 61, 
2017/1/9, 370, 36, 46, 
2017/1/10, 186, 26, 38, 
2017/1/11, 100, 15, 8, 
2017/1/12, 32, 16, 9, 
2017/1/13, 30, 14, 12, 
2017/1/14, 48, 13, 7, 
2017/1/15, 31, 19, 11, 
2017/1/16, 55, 15, 9, 
2017/1/17, 58, 19, 4, 
2017/1/18, 54, 21, 15, 
2017/1/19, 70, 26, 15, 
2017/1/20, 74, 18, 9, 
2017/1/21, 44, 20, 17, 
2017/1/22, 66, 29, 22, 
2017/1/23, 74, 21, 12, 
2017/1/24, 63, 12, 8, 
2017/1/25, 58, 26, 13, 
2017/1/26, 76, 38, 29, 
2017/1/27, 100, 43, 46, 
2017/1/28, 140, 28, 32, 
2017/1/29, 94, 40, 37, 
2017/1/30, 103, 36, 25, 
2017/1/31, 86, 37, 23, 
2017/2/1, 111, 31, 18, 
2017/2/2, 94, 30, 16, 
2017/2/3, 99, 19, 6, 
2017/2/4, 55, 15, 6, 
2017/2/5, 57, 10, 4, 
2017/2/6, 46, 11, 4, 
2017/2/7, 46, 16, 5, 
2017/2/8, 42, 20, 6, 
2017/2/9, 54, 28, 8, 
2017/2/10, 59, 22, 9, 
2017/2/11, 51, 18, 7, 
2017/2/12, 49, 22, 13, 
2017/2/13, 59, 30, 24, 
2017/2/14, 109, 57, 39, 
2017/2/15, 218, 39, 27, 
2017/2/16, 134, 28, 16, 
2017/2/17, 79, 13, 7, 
2017/2/18, 42, 13, 7, 
2017/2/19, 39, 15, 7, 
2017/2/20, 38, 13, 4, 
2017/2/21, 17, 12, 3, 
2017/2/22, 18, 14, 3, 
2017/2/23, 17, 11, 3, 
2017/2/24, 18, 12, 7, 
2017/2/25, 34, 7, 4, 
2017/2/26, 20, 21, 11, 
2017/2/27, 40, 21, 12, 
2017/2/28, 52, 19, 5, 
2017/3/1, 35, 14, 4, 
2017/3/2, 21, 21, 6, 
2017/3/3, 33, 25, 11, 
2017/3/4, 47, 15, 5, 
2017/3/5, 28, 20, 5, 
2017/3/6, 56, 19, 8, 
2017/3/7, 49, 17, 5, 
2017/3/8, 40, 21, 8, 
2017/3/9, 52, 13, 9, 
2017/3/10, 46, 6, 5, 
2017/3/11, 27, 6, 4, 
2017/3/12, 23, 15, 8, 
2017/3/13, 38, 19, 13, 
2017/3/14, 69, 15, 8, 
2017/3/15, 44, 13, 7, 
2017/3/16, 36, 19, 9, 
2017/3/17, 53, 8, 2, 
2017/3/18, 14, 7, 2, 
2017/3/19, 14, 16, 5, 
2017/3/20, 29, 22, 8, 
2017/3/21, 45, 18, 4, 
2017/3/22, 28, 20, 2, 
2017/3/23, 36, 14, 7, 
2017/3/24, 48, 12, 6, 
2017/3/25, 52, 10, 6, 
2017/3/26, 29, 16, 7, 
2017/3/27, 42, 22, 11, 
2017/3/28, 54, 17, 8, 
2017/3/29, 50, 12, 3, 
2017/3/30, 31, 23, 5, 
2017/3/31, 44, 30, 7, 
2016/10/1, 39, 16, 2, 
2016/10/2, 29, 13, 1, 
2016/10/3, 9, 6, 3, 
2016/10/4, 13, 6, 2, 
2016/10/5, 7, 16, 3, 
2016/10/6, 29, 15, 6, 
2016/10/7, 59, 8, 4, 
2016/10/8, 32, 9, 3, 
2016/10/9, 23, 10, 4, 
2016/10/10, 24, 8, 3, 
2016/10/11, 22, 10, 3, 
2016/10/12, 14, 13, 3, 
2016/10/13, 30, 18, 3, 
2016/10/14, 38, 15, 3, 
2016/10/15, 28, 10, 3, 
2016/10/16, 23, 17, 4, 
2016/10/17, 33, 15, 7, 
2016/10/18, 43, 15, 8, 
2016/10/19, 36, 22, 7, 
2016/10/20, 38, 18, 7, 
2016/10/21, 44, 18, 7, 
2016/10/22, 59, 19, 5, 
2016/10/23, 38, 24, 9, 
2016/10/24, 63, 14, 4, 
2016/10/25, 30, 9, 3, 
2016/10/26, 24, 22, 8, 
2016/10/27, 58, 18, 9, 
2016/10/28, 52, 7, 2, 
2016/10/29, 15, 5, 2, 
2016/10/30, 16, 12, 4, 
2016/10/31, 25, 10, 4, 
2016/11/1, 29, 13, 3, 
2016/11/2, 16, 11, 3, 
2016/11/3, 22, 19, 10, 
2016/11/4, 47, 24, 12, 
2016/11/5, 57, 9, 5, 
2016/11/6, 31, 17, 5, 
2016/11/7, 34, 18, 7, 
2016/11/8, 43, 16, 10, 
2016/11/9, 73, 23, 15, 
2016/11/10, 71, 11, 6, 
2016/11/11, 37, 7, 3, 
2016/11/12, 20, 8, 7, 
2016/11/13, 32, 11, 9, 
2016/11/14, 41, 15, 9, 
2016/11/15, 41, 12, 4, 
2016/11/16, 22, 11, 5, 
2016/11/17, 23, 20, 11, 
2016/11/18, 48, 22, 9, 
2016/11/19, 49, 18, 9, 
2016/11/20, 40, 26, 9, 
2016/11/21, 45, 25, 7, 
2016/11/22, 48, 30, 12, 
2016/11/23, 84, 19, 11, 
2016/11/24, 76, 16, 7, 
2016/11/25, 62, 15, 10, 
2016/11/26, 60, 6, 3, 
2016/11/27, 18, 7, 5, 
2016/11/28, 16, 12, 7, 
2016/11/29, 25, 17, 7, 
2016/11/30, 32, 15, 3, 
2016/12/1, 14, 6, 4, 
2016/12/2, 12, 10, 4, 
2016/12/3, 24, 15, 10, 
2016/12/4, 54, 21, 14, 
2016/12/5, 70, 14, 6, 
2016/12/6, 43, 18, 8, 
2016/12/7, 43, 13, 4, 
2016/12/8, 35, 17, 6, 
2016/12/9, 32, 12, 5, 
2016/12/10, 22, 7, 2, 
2016/12/11, 16, 10, 7, 
2016/12/12, 22, 21, 15, 
2016/12/13, 66, 13, 5, 
2016/12/14, 36, 11, 5, 
2016/12/15, 25, 21, 11, 
2016/12/16, 53, 22, 19, 
2016/12/17, 71, 12, 7, 
2016/12/18, 49, 16, 12, 
2016/12/19, 59, 29, 27, 
2016/12/20, 104, 21, 14, 
2016/12/21, 76, 15, 9, 
2016/12/22, 47, 15, 8, 
2016/12/23, 49, 12, 9, 
2016/12/24, 30, 7, 4, 
2016/12/25, 17, 5, 4, 
2016/12/26, 10, 6, 2, 
2016/12/27, 19, 5, 4, 
2016/12/28, 16, 13, 9, 
2016/12/29, 44, 22, 13, 
2016/12/30, 71, 23, 19, 
2016/12/31, 81, 19, 19, 
2017/1/1, 70, 14, 6, 
2016/7/1, 17, 14, 1, 
2016/7/2, 19, 6, , 
2016/7/3, 7, 12, 1, 
2016/7/4, 14, 21, 1, 
2016/7/5, 23, 12, 1, 
2016/7/6, 16, 10, 1, 
2016/7/7, 11, 19, 1, 
2016/7/8, 19, 10, 1, 
2016/7/9, 11, 11, 1, 
2016/7/10, 11, 16, 1, 
2016/7/11, 20, 16, 1, 
2016/7/12, 18, 17, , 
2016/7/13, 13, 12, , 
2016/7/14, 9, 10, 1, 
2016/7/15, 8, 5, 1, 
2016/7/16, 7, 6, 1, 
2016/7/17, 12, 10, , 
2016/7/18, 12, 9, , 
2016/7/19, 11, 10, 1, 
2016/7/20, 14, 15, 1, 
2016/7/21, 22, 15, , 
2016/7/22, 20, 15, 1, 
2016/7/23, 22, 10, , 
2016/7/24, 18, 17, 1, 
2016/7/25, 25, 10, , 
2016/7/26, 16, 17, 1, 
2016/7/27, 18, 11, , 
2016/7/28, 19, 17, 1, 
2016/7/29, 23, 13, 1, 
2016/7/30, 15, 11, 2, 
2016/7/31, 23, 11, 1, 
2016/8/1, 13, 14, , 
2016/8/2, 15, 13, 1, 
2016/8/3, 16, 17, 2, 
2016/8/4, 21, 17, 2, 
2016/8/5, 26, 9, , 
2016/8/6, 15, 10, , 
2016/8/7, 11, 18, 4, 
2016/8/8, 23, 9, , 
2016/8/9, 18, 9, , 
2016/8/10, 10, 12, , 
2016/8/11, 14, 18, 2, 
2016/8/12, 24, 11, 1, 
2016/8/13, 15, 8, 1, 
2016/8/14, 11, 9, 1, 
2016/8/15, 10, 14, 1, 
2016/8/16, 17, 13, 1, 
2016/8/17, 17, 22, 3, 
2016/8/18, 31, 28, 2, 
2016/8/19, 34, 22, 2, 
2016/8/20, 31, 15, , 
2016/8/21, 21, 11, , 
2016/8/22, 15, 13, 1, 
2016/8/23, 16, 13, 2, 
2016/8/24, 18, 26, 1, 
2016/8/25, 24, 30, 2, 
2016/8/26, 27, 24, 3, 
2016/8/27, 35, 16, 3, 
2016/8/28, 30, 15, 2, 
2016/8/29, 28, 11, 1, 
2016/8/30, 22, 21, 2, 
2016/8/31, 30, 28, 2, 
2016/9/1, 39, 21, 1, 
2016/9/2, 40, 23, 2, 
2016/9/3, 42, 16, , 
2016/9/4, 28, 9, , 
2016/9/5, 11, 10, 1, 
2016/9/6, 12, 27, 1, 
2016/9/7, 35, 27, 2, 
2016/9/8, 39, 32, 4, 
2016/9/9, 44, 26, 2, 
2016/9/10, 45, 24, 1, 
2016/9/11, 45, 36, 1, 
2016/9/12, 49, 29, 2, 
2016/9/13, 48, 21, 2, 
2016/9/14, 29, 30, 1, 
2016/9/15, 38, 31, 2, 
2016/9/16, 47, 17, 1, 
2016/9/17, 31, 8, , 
2016/9/18, 31, 11, , 
2016/9/19, 27, 12, 1, 
2016/9/20, 23, 12, , 
2016/9/21, 20, 12, 1, 
2016/9/22, 21, 20, 4, 
2016/9/23, 42, 19, 2, 
2016/9/24, 53, 17, 2, 
2016/9/25, 45, 20, 2, 
2016/9/26, 39, 20, 2, 
2016/9/27, 38, 21, 5, 
2016/9/28, 51, 17, 4, 
2016/9/29, 23, 24, 3, 
2016/9/30, 32, 26, 3, 
2016/4/1, 29, 22, 6, 
2016/4/2, 41, 28, 8, 
2016/4/3, 44, 38, 10, 
2016/4/4, 65, 33, 9, 
2016/4/5, 73, 20, 7, 
2016/4/6, 42, 23, 6, 
2016/4/7, 50, 11, 4, 
2016/4/8, 26, 8, 2, 
2016/4/9, 19, 5, 4, 
2016/4/10, 26, 11, 4, 
2016/4/11, 35, 18, 7, 
2016/4/12, 68, 24, 5, 
2016/4/13, 54, 17, 4, 
2016/4/14, 44, 19, 3, 
2016/4/15, 32, 24, 6, 
2016/4/16, 42, 11, 4, 
2016/4/17, 33, 12, 3, 
2016/4/18, 23, 19, 4, 
2016/4/19, 37, 10, 2, 
2016/4/20, 20, 18, 4, 
2016/4/21, 30, 15, 4, 
2016/4/22, 38, 15, 6, 
2016/4/23, 46, 6, 2, 
2016/4/24, 17, 11, 4, 
2016/4/25, 23, 20, 6, 
2016/4/26, 43, 20, 3, 
2016/4/27, 25, 15, 6, 
2016/4/28, 20, 27, 5, 
2016/4/29, 35, 20, 3, 
2016/4/30, 27, 7, 1, 
2016/5/1, 19, 8, 2, 
2016/5/2, 18, 8, 3, 
2016/5/3, 17, 10, 3, 
2016/5/4, 19, 9, 4, 
2016/5/5, 20, 21, 2, 
2016/5/6, 27, 19, 2, 
2016/5/7, 28, 12, , 
2016/5/8, 14, 21, 1, 
2016/5/9, 20, 26, 1, 
2016/5/10, 24, 27, 1, 
2016/5/11, 33, 27, 1, 
2016/5/12, 28, 20, 1, 
2016/5/13, 25, 7, , 
2016/5/14, 22, 8, 1, 
2016/5/15, 14, 14, 2, 
2016/5/16, 17, 18, 3, 
2016/5/17, 23, 17, 3, 
2016/5/18, 59, 30, 5, 
2016/5/19, 40, 22, 3, 
2016/5/20, 41, 16, 2, 
2016/5/21, 25, 20, 2, 
2016/5/22, 30, 30, 1, 
2016/5/23, 33, 19, 2, 
2016/5/24, 27, 17, 2, 
2016/5/25, 32, 10, 1, 
2016/5/26, 25, 20, 2, 
2016/5/27, 36, 22, 2, 
2016/5/28, 30, 15, 1, 
2016/5/29, 24, 20, 1, 
2016/5/30, 23, 19, , 
2016/5/31, 21, 21, 1, 
2016/6/1, 18, 18, 1, 
2016/6/2, 21, 20, , 
2016/6/3, 23, 18, , 
2016/6/4, 26, 10, , 
2016/6/5, 23, 9, , 
2016/6/6, 12, 20, 1, 
2016/6/7, 20, 21, 3, 
2016/6/8, 32, 12, , 
2016/6/9, 21, 16, 1, 
2016/6/10, 25, 14, , 
2016/6/11, 18, 14, 1, 
2016/6/12, 18, 20, 2, 
2016/6/13, 24, 19, 2, 
2016/6/14, 26, 17, 1, 
2016/6/15, 24, 18, 1, 
2016/6/16, 18, 16, , 
2016/6/17, 27, 14, 1, 
2016/6/18, 10, 12, 1, 
2016/6/19, 19, 10, , 
2016/6/20, 14, 17, 1, 
2016/6/21, 21, 17, 1, 
2016/6/22, 21, 20, 1, 
2016/6/23, 23, 27, 1, 
2016/6/24, 36, 21, , 
2016/6/25, 36, 10, , 
2016/6/26, 18, 7, 1, 
2016/6/27, 12, 14, 1, 
2016/6/28, 17, 23, 2, 
2016/6/29, 31, 21, 1, 
2016/6/30, 25, 18, 1, 
2016/1/4, 69, 20, 15, 
2016/1/5, 90, 22, 32, 
2016/1/6, 99, 14, 9, 
2016/1/7, 82, 19, 10, 
2016/1/8, 48, 28, 21, 
2016/1/9, 75, 20, 17, 
2016/1/10, 80, 23, 14, 
2016/1/11, 60, 17, 6, 
2016/1/12, 41, 15, 8, 
2016/1/13, 22, 18, 11, 
2016/1/14, 45, 19, 10, 
2016/1/15, 54, 11, 9, 
2016/1/16, 42, 13, 11, 
2016/1/17, 49, 16, 14, 
2016/1/18, 64, 27, 37, 
2016/1/19, 151, 21, 14, 
2016/1/20, 64, 14, 8, 
2016/1/21, 43, 23, 21, 
2016/1/22, 89, 20, 22, 
2016/1/23, 79, 14, 9, 
2016/1/24, 49, 16, 7, 
2016/1/25, 45, 18, 9, 
2016/1/26, 45, 15, 6, 
2016/1/27, 31, 15, 5, 
2016/1/28, 30, 19, 11, 
2016/1/29, 47, 9, 4, 
2016/1/30, 23, 9, 2, 
2016/1/31, 17, 17, 4, 
2016/2/1, 27, 10, 3, 
2016/2/2, 15, 16, 3, 
2016/2/3, 28, 14, 3, 
2016/2/4, 26, 18, 5, 
2016/2/5, 39, 16, 10, 
2016/2/6, 43, 16, 12, 
2016/2/7, 46, 14, 7, 
2016/2/8, 32, 13, 3, 
2016/2/9, 21, 13, 5, 
2016/2/10, 21, 17, 7, 
2016/2/11, 25, 22, 9, 
2016/2/12, 42, 19, 6, 
2016/2/13, 48, 24, 12, 
2016/2/14, 71, 18, 7, 
2016/2/15, 55, 9, 4, 
2016/2/16, 25, 17, 4, 
2016/2/17, 40, 15, 7, 
2016/2/18, 56, 10, 3, 
2016/2/19, 24, 12, 6, 
2016/2/20, 37, 9, 3, 
2016/2/21, 13, 11, 3, 
2016/2/22, 17, 17, 3, 
2016/2/23, 28, 17, 6, 
2016/2/24, 32, 26, 12, 
2016/2/25, 62, 22, 12, 
2016/2/26, 56, 24, 13, 
2016/2/27, 78, 19, 9, 
2016/2/28, 47, 12, 3, 
2016/2/29, 42, 11, 4, 
2016/3/1, 22, 20, 8, 
2016/3/2, 45, 23, 10, 
2016/3/3, 59, 14, 7, 
2016/3/4, 54, 22, 7, 
2016/3/5, 56, 14, 7, 
2016/3/6, 34, 20, 13, 
2016/3/7, 63, 16, 8, 
2016/3/8, 48, 21, 7, 
2016/3/9, 59, 12, 4, 
2016/3/10, 34, 8, 2, 
2016/3/11, 29, 7, 3, 
2016/3/12, 27, 9, 3, 
2016/3/13, 31, 12, 7, 
2016/3/14, 43, 12, 4, 
2016/3/15, 28, 23, 8, 
2016/3/16, 64, 19, 15, 
2016/3/17, 82, 12, 5, 
2016/3/18, 80, 11, 4, 
2016/3/19, 18, 13, 5, 
2016/3/20, 28, 18, 4, 
2016/3/21, 35, 13, 2, 
2016/3/22, 17, 22, 6, 
2016/3/23, 51, 20, 9, 
2016/3/24, 60, 23, 15, 
2016/3/25, 73, 10, 6, 
2016/3/26, 35, 13, 5, 
2016/3/27, 35, 17, 9, 
2016/3/28, 39, 17, 5, 
2016/3/29, 33, 19, 5, 
2016/3/30, 31, 21, 5, 
2016/3/31, 34, 11, 3, 
2015/10/1, 61, 30, 10, 
2015/10/2, 74, 27, 9, 
2015/10/3, 55, 18, 4, 
2015/10/4, 28, 23, 3, 
2015/10/5, 48, 27, 4, 
2015/10/6, 57, 18, 1, 
2015/10/7, 38, 23, 4, 
2015/10/8, 36, 20, 3, 
2015/10/9, 37, 15, 2, 
2015/10/10, 29, 8, 3, 
2015/10/11, 27, 13, 2, 
2015/10/12, 26, 21, 8, 
2015/10/13, 56, 17, 4, 
2015/10/14, 46, 20, 9, 
2015/10/15, 38, 19, 5, 
2015/10/16, 45, 18, 4, 
2015/10/17, 37, 14, 5, 
2015/10/18, 46, 17, 9, 
2015/10/19, 66, 13, 5, 
2015/10/20, 44, 13, 2, 
2015/10/21, 28, 18, 6, 
2015/10/22, 37, 14, 4, 
2015/10/23, 30, 19, 5, 
2015/10/24, 48, 13, 6, 
2015/10/25, 33, 17, 5, 
2015/10/26, 59, 26, 9, 
2015/10/27, 78, 23, 5, 
2015/10/28, 49, 24, 9, 
2015/10/29, 65, 25, 10, 
2015/10/30, 86, 17, 4, 
2015/10/31, 71, 11, 7, 
2015/11/1, 41, 26, 11, 
2015/11/2, 49, 43, 29, 
2015/11/3, 95, 38, 28, 
2015/11/4, 160, 20, 13, 
2015/11/5, 113, 29, 13, 
2015/11/6, 147, 19, 14, 
2015/11/7, 65, 9, 4, 
2015/11/8, 20, 17, 7, 
2015/11/9, 36, 12, 3, 
2015/11/10, 16, 7, 4, 
2015/11/11, 12, 15, 4, 
2015/11/12, 26, 18, 6, 
2015/11/13, 43, 11, 3, 
2015/11/14, 16, 7, 2, 
2015/11/15, 8, 17, 5, 
2015/11/16, 29, 16, 5, 
2015/11/17, 32, 10, 9, 
2015/11/18, 47, 13, 3, 
2015/11/19, 16, 18, 3, 
2015/11/20, 22, 17, 5, 
2015/11/21, 39, 13, 7, 
2015/11/22, 38, 18, 9, 
2015/11/23, 46, 20, 14, 
2015/11/24, 51, 21, 15, 
2015/11/25, 50, 18, 13, 
2015/11/26, 64, 15, 9, 
2015/11/27, 64, 16, 12, 
2015/11/28, 54, 8, 4, 
2015/11/29, 18, 13, 4, 
2015/11/30, 20, 8, 4, 
2015/12/1, 18, 17, 4, 
2015/12/2, 28, 22, 12, 
2015/12/3, 60, 16, 10, 
2015/12/4, 46, 11, 5, 
2015/12/5, 28, 6, 3, 
2015/12/6, 17, 15, 8, 
2015/12/7, 39, 21, 17, 
2015/12/8, 67, 15, 5, 
2015/12/9, 33, 19, 8, 
2015/12/10, 54, 14, 6, 
2015/12/11, 27, 14, 5, 
2015/12/12, 29, 7, 4, 
2015/12/13, 17, 21, 10, 
2015/12/14, 43, 20, 18, 
2015/12/15, 59, 18, 14, 
2015/12/16, 62, 10, 4, 
2015/12/17, 19, 13, 7, 
2015/12/18, 35, 14, 5, 
2015/12/19, 37, 9, 8, 
2015/12/20, 22, 10, 2, 
2015/12/21, 20, 13, 4, 
2015/12/22, 19, 15, 4, 
2015/12/23, 26, 22, 13, 
2015/12/24, 72, 8, 5, 
2015/12/25, 27, 7, 4, 
2015/12/26, 14, 11, 5, 
2015/12/27, 24, 10, 4, 
2015/12/28, 28, 16, 2, 
2015/12/29, 25, 19, 4, 
2015/12/30, 41, , , 
2016/1/3, 39, 18, 7, 
2015/7/1, 26, 20, 2, 
2015/7/2, 58, 25, 1, 
2015/7/3, 29, 24, 3, 
2015/7/4, 31, 17, 4, 
2015/7/5, 34, 20, 2, 
2015/7/6, 37, 24, 2, 
2015/7/7, 30, 18, 1, 
2015/7/8, 23, 16, , 
2015/7/9, 16, 14, 1, 
2015/7/10, 18, 13, 1, 
2015/7/11, 14, 13, 2, 
2015/7/12, 18, 16, 1, 
2015/7/13, 9, 15, 1, 
2015/7/14, 18, 13, 1, 
2015/7/15, 15, 16, 2, 
2015/7/16, 782, 22, 2, 
2015/7/17, 28, 19, 2, 
2015/7/18, 28, 14, 2, 
2015/7/19, 21, 15, , 
2015/7/20, 16, 22, 3, 
2015/7/21, 24, 24, 2, 
2015/7/22, 23, 14, 1, 
2015/7/23, 27, 18, 1, 
2015/7/24, 24, 13, 1, 
2015/7/25, 27, 6, , 
2015/7/26, 9, 19, 3, 
2015/7/27, 19, 13, 1, 
2015/7/28, 16, 17, 1, 
2015/7/29, 16, 17, 1, 
2015/7/30, 17, 13, 1, 
2015/7/31, 22, 23, 2, 
2015/8/1, 25, 17, 2, 
2015/8/2, 22, 27, 2, 
2015/8/3, 36, 32, 3, 
2015/8/4, 37, 20, 2, 
2015/8/5, 36, 21, 3, 
2015/8/6, 31, 35, 2, 
2015/8/7, 40, 25, 4, 
2015/8/8, 33, 12, 3, 
2015/8/9, 32, 20, 1, 
2015/8/10, 31, 26, 1, 
2015/8/11, 34, 24, 2, 
2015/8/12, 36, 13, 2, 
2015/8/13, 26, 28, 1, 
2015/8/14, 36, 18, 2, 
2015/8/15, 28, 15, , 
2015/8/16, 21, 20, 1, 
2015/8/17, 36, 17, 1, 
2015/8/18, 33, 19, , 
2015/8/19, 32, 21, 1, 
2015/8/20, 39, 22, 2, 
2015/8/21, 37, 16, 1, 
2015/8/22, 29, 19, 2, 
2015/8/23, 24, 26, 2, 
2015/8/24, 32, 19, 2, 
2015/8/25, 23, 25, 7, 
2015/8/26, 25, 26, 4, 
2015/8/27, 27, 17, 3, 
2015/8/28, 31, 12, 1, 
2015/8/29, 14, 23, 2, 
2015/8/30, 25, 32, 4, 
2015/8/31, 40, 33, 3, 
2015/9/1, 37, 13, , 
2015/9/2, 14, 24, 2, 
2015/9/3, 22, 21, 1, 
2015/9/4, 22, 19, 1, 
2015/9/5, 24, 10, 1, 
2015/9/6, 8, 11, 1, 
2015/9/7, 12, 15, 1, 
2015/9/8, 11, 14, , 
2015/9/9, 16, 20, 2, 
2015/9/10, 25, 25, 3, 
2015/9/11, 33, 22, 2, 
2015/9/12, 26, 17, 1, 
2015/9/13, 20, 25, 2, 
2015/9/14, 29, 25, 2, 
2015/9/15, 25, 28, 3, 
2015/9/16, 140, 26, 7, 
2015/9/17, 101, 12, , 
2015/9/18, 15, 18, 1, 
2015/9/19, 18, 11, 1, 
2015/9/20, 18, 19, 2, 
2015/9/21, 20, 27, 3, 
2015/9/22, 35, 36, 4, 
2015/9/23, 44, 11, 2, 
2015/9/24, 25, 8, 2, 
2015/9/25, 21, 11, 1, 
2015/9/26, 18, , , 
2015/9/28, 19, 13, 3, 
2015/9/29, 18, 19, 2, 
2015/9/30, 27, 24, 3, 
2015/4/1, 16, 13, 4, 
2015/4/2, 16, 10, 6, 
2015/4/3, 23, 13, 5, 
2015/4/4, 24, 5, 3, 
2015/4/5, 16, 7, 6, 
2015/4/6, 21, 8, 7, 
2015/4/7, 26, 8, 3, 
2015/4/8, 23, 22, 8, 
2015/4/9, 32, 30, 10, 
2015/4/10, 50, 24, 9, 
2015/4/11, 59, 11, 4, 
2015/4/12, 21, 14, 4, 
2015/4/13, 31, 12, 9, 
2015/4/14, 26, 17, 5, 
2015/4/15, 26, 16, 7, 
2015/4/16, 32, 10, 4, 
2015/4/17, 27, 6, 3, 
2015/4/18, 16, 8, 4, 
2015/4/19, 18, 8, 4, 
2015/4/20, 51, 7, 5, 
2015/4/21, 27, 18, 8, 
2015/4/22, 33, 23, 6, 
2015/4/23, 47, 26, 7, 
2015/4/24, 47, 20, 4, 
2015/4/25, 37, 21, 4, 
2015/4/26, 20, 28, 3, 
2015/4/27, 37, 18, 3, 
2015/4/28, 30, 11, 1, 
2015/4/29, 24, 25, 4, 
2015/4/30, 41, 13, 2, 
2015/5/1, 27, 9, 3, 
2015/5/2, 23, 17, 5, 
2015/5/3, 33, 24, 4, 
2015/5/4, 32, 23, 3, 
2015/5/5, 37, 15, 1, 
2015/5/6, 17, 12, 1, 
2015/5/7, 18, 18, 2, 
2015/5/8, 20, 20, 2, 
2015/5/9, 29, 7, 1, 
2015/5/10, 13, 14, 1, 
2015/5/11, 17, 19, 3, 
2015/5/12, 30, 14, 3, 
2015/5/13, 22, 21, 2, 
2015/5/14, 29, 14, 2, 
2015/5/15, 17, 17, 2, 
2015/5/16, 29, 8, 1, 
2015/5/17, 16, 22, 4, 
2015/5/18, 61, 23, 2, 
2015/5/19, 32, 19, 2, 
2015/5/20, 29, 13, 5, 
2015/5/21, 19, 16, 1, 
2015/5/22, 21, 10, 2, 
2015/5/23, 16, 13, , 
2015/5/24, 16, 21, 1, 
2015/5/25, 29, 10, 1, 
2015/5/26, 21, 10, 1, 
2015/5/27, 48, 17, 1, 
2015/5/28, 20, 23, 3, 
2015/5/29, 31, 16, 2, 
2015/5/30, 23, 14, 2, 
2015/5/31, 14, 22, 2, 
2015/6/1, 23, 20, 2, 
2015/6/2, 23, 19, 4, 
2015/6/3, 25, 5, 1, 
2015/6/4, 15, 25, 2, 
2015/6/5, 24, 23, 4, 
2015/6/6, 26, 10, 2, 
2015/6/7, 31, 14, 2, 
2015/6/8, 21, 10, 1, 
2015/6/9, 15, 13, 2, 
2015/6/10, 18, 23, 2, 
2015/6/11, 31, 29, 2, 
2015/6/12, 34, 16, 1, 
2015/6/13, 28, 12, 1, 
2015/6/14, 16, 10, 1, 
2015/6/15, 20, 7, 1, 
2015/6/16, 16, 10, 2, 
2015/6/17, 20, 21, 2, 
2015/6/18, 25, 10, 1, 
2015/6/19, 16, 12, 1, 
2015/6/20, 116, 11, 1, 
2015/6/21, 11, 14, 2, 
2015/6/22, 82, 15, 6, 
2015/6/23, 13, 14, 2, 
2015/6/24, 13, 10, 1, 
2015/6/25, 14, 17, 2, 
2015/6/26, 25, 15, 2, 
2015/6/27, 30, 9, , 
2015/6/28, 14, 12, 1, 
2015/6/29, 16, 19, 2, 
2015/6/30, 22, 13, 7, 
2015/1/1, 53, 12, 7, 
2015/1/2, 34, 8, 4, 
2015/1/3, 24, 4, 4, 
2015/1/4, 15, 9, 5, 
2015/1/5, 28, 12, 14, 
2015/1/6, 49, 20, 16, 
2015/1/7, 77, 14, 12, 
2015/1/8, 46, 10, 4, 
2015/1/9, 59, , 5, 
2015/1/10, 16, , 3, 
2015/1/11, 17, 13, 3, 
2015/1/12, 19, 11, 4, 
2015/1/13, 20, 17, 7, 
2015/1/14, 37, 20, 6, 
2015/1/15, 131, 22, 14, 
2015/1/16, 50, 16, 9, 
2015/1/17, 46, 17, 9, 
2015/1/18, 50, 18, 3, 
2015/1/19, 38, 17, 9, 
2015/1/20, 48, 17, 13, 
2015/1/21, 73, 15, 5, 
2015/1/22, 41, 8, 10, 
2015/1/23, 32, 8, 10, 
2015/1/24, 38, 7, 5, 
2015/1/25, 39, 20, 9, 
2015/1/26, 47, 22, 12, 
2015/1/27, 41, 21, 9, 
2015/1/28, 35, 18, 10, 
2015/1/29, 34, 27, 15, 
2015/1/30, 53, 13, 8, 
2015/1/31, 28, 17, 13, 
2015/2/1, 46, 29, 27, 
2015/2/2, 94, 21, 15, 
2015/2/3, 61, 22, 21, 
2015/2/4, 64, 21, 18, 
2015/2/5, 74, 14, 6, 
2015/2/6, 44, 15, 12, 
2015/2/7, 52, 6, 3, 
2015/2/8, 11, 13, 6, 
2015/2/9, 26, 9, 2, 
2015/2/10, 23, , , 
2015/2/12, 46, 31, 23, 
2015/2/13, 68, 39, 28, 
2015/2/14, 108, 22, 20, 
2015/2/15, 121, 18, 6, 
2015/2/16, 45, 26, 14, 
2015/2/17, 56, 23, 12, 
2015/2/18, 60, 22, 16, 
2015/2/19, 67, 23, 16, 
2015/2/20, 59, 29, 21, 
2015/2/21, 68, 22, 19, 
2015/2/22, 67, 26, 16, 
2015/2/23, 66, 19, 10, 
2015/2/24, 46, 14, 13, 
2015/2/25, 59, 13, 9, 
2015/2/26, 38, 27, 9, 
2015/2/27, 61, 18, 17, 
2015/2/28, 83, 12, 10, 
2015/3/1, 44, 19, 7, 
2015/3/2, 26, 19, 8, 
2015/3/3, 37, 17, 8, 
2015/3/4, 31, 16, 9, 
2015/3/5, 39, 20, 11, 
2015/3/6, 49, 21, 13, 
2015/3/7, 56, 19, 14, 
2015/3/8, 49, 21, 9, 
2015/3/9, 44, 31, 23, 
2015/3/10, 94, 11, 10, 
2015/3/11, 44, 7, 12, 
2015/3/12, 25, 10, 2, 
2015/3/13, 16, 12, 2, 
2015/3/14, 26, 15, 4, 
2015/3/15, 31, 20, 4, 
2015/3/16, 49, 25, 3, 
2015/3/17, 76, 32, 4, 
2015/3/18, 49, 33, 9, 
2015/3/19, 67, 28, 20, 
2015/3/20, 86, 19, 9, 
2015/3/21, 57, 9, 6, 
2015/3/22, 23, 30, 12, 
2015/3/23, 52, 30, 19, 
2015/3/24, 71, 36, 13, 
2015/3/25, 68, 25, 11, 
2015/3/26, 53, 15, 5, 
2015/3/27, 47, 8, 3, 
2015/3/28, 29, 11, 6, 
2015/3/29, 36, 14, 2, 
2015/3/30, 16, 16, 3, 
2015/3/31, 16, 11, 3, 
2014/10/1, 38, 12, 1, 
2014/10/2, 37, 17, 1, 
2014/10/3, 41, 21, 3, 
2014/10/4, 50, 21, 3, 
2014/10/5, 46, 22, 3, 
2014/10/6, 56, 22, 4, 
2014/10/7, 52, 25, 7, 
2014/10/8, 52, 21, 5, 
2014/10/9, 44, 25, 4, 
2014/10/10, 47, 23, 3, 
2014/10/11, 62, 15, 3, 
2014/10/12, 34, 18, 2, 
2014/10/13, 49, 17, 3, 
2014/10/14, 48, 22, 4, 
2014/10/15, 56, 19, 3, 
2014/10/16, 46, 15, 3, 
2014/10/17, 36, 14, 1, 
2014/10/18, 42, 10, 4, 
2014/10/19, 34, 14, 3, 
2014/10/20, 19, 20, 4, 
2014/10/21, 35, 16, 3, 
2014/10/22, 27, 8, 1, 
2014/10/23, 18, 16, 2, 
2014/10/24, 36, 17, 6, 
2014/10/25, 45, 17, 9, 
2014/10/26, 71, 24, 10, 
2014/10/27, 77, 21, 9, 
2014/10/28, 79, 29, 16, 
2014/10/29, 94, 18, 9, 
2014/10/30, 66, 17, 8, 
2014/10/31, 60, 19, 17, 
2014/11/1, 87, 15, 11, 
2014/11/2, 52, 18, 12, 
2014/11/3, 51, 24, 8, 
2014/11/4, 51, 24, 7, 
2014/11/5, 43, 30, 9, 
2014/11/6, 61, 18, 7, 
2014/11/7, 71, 15, 3, 
2014/11/8, 49, 13, 3, 
2014/11/9, 39, 20, 7, 
2014/11/10, 50, 21, 7, 
2014/11/11, 54, 19, 3, 
2014/11/12, 59, 15, 2, 
2014/11/13, 56, 18, 3, 
2014/11/14, 52, 13, 2, 
2014/11/15, 49, 13, 2, 
2014/11/16, 47, 15, 1, 
2014/11/17, 49, 13, 2, 
2014/11/18, 72, 12, 2, 
2014/11/19, 33, 5, 4, 
2014/11/20, 33, 11, 11, 
2014/11/21, 31, 15, 5, 
2014/11/22, 47, 14, 8, 
2014/11/23, 53, 19, 8, 
2014/11/24, 44, 18, 6, 
2014/11/25, 41, 23, 7, 
2014/11/26, 65, 20, 3, 
2014/11/27, 52, 20, 4, 
2014/11/28, 52, 15, 4, 
2014/11/29, 46, 12, 3, 
2014/11/30, 36, 16, 4, 
2014/12/1, 40, 18, 5, 
2014/12/2, 48, 19, 8, 
2014/12/3, 65, 22, 6, 
2014/12/4, 66, 16, 7, 
2014/12/5, 59, 9, 7, 
2014/12/6, 67, 11, 10, 
2014/12/7, 83, 17, 12, 
2014/12/8, 74, 27, 23, 
2014/12/9, 102, 27, 20, 
2014/12/10, 75, 17, 11, 
2014/12/11, 51, 13, 5, 
2014/12/12, 25, 10, 5, 
2014/12/13, 32, 11, 6, 
2014/12/14, 42, 14, 7, 
2014/12/15, 39, 22, 13, 
2014/12/16, 78, 19, 9, 
2014/12/17, 50, 14, 6, 
2014/12/18, 26, 12, 4, 
2014/12/19, 15, 7, , 
2014/12/20, 9, 7, 5, 
2014/12/21, 17, 11, 3, 
2014/12/22, 15, 11, 3, 
2014/12/23, 14, 8, 4, 
2014/12/24, 16, 7, 3, 
2014/12/25, 16, 5, 7, 
2014/12/26, 18, 16, 11, 
2014/12/27, 50, 8, 9, 
2014/12/28, 40, , , 
2014/9/15, 49, 23, 1, 
2014/9/16, 40, 23, 1, 
2014/9/17, 37, 25, 4, 
2014/9/18, 50, 28, 3, 
2014/9/19, 50, 18, 3, 
2014/9/20, 39, 15, 1, 
2014/9/21, 31, 11, 1, 
2014/9/22, 19, 10, , 
2014/9/23, 15, 19, 4, 
2014/9/24, 36, 18, 4, 
2014/9/25, 36, 11, 1, 
2014/9/26, 14, 10, 1, 
2014/9/27, 21, 16, 3, 
2014/9/28, 44, 19, 3, 
2014/9/29, 39, 19, 3, 
2014/9/30, 38, 14, 1, 
2024/1/6, , 6, , 
2022/9/25, , 16, , 
2021/7/17, , 6, , 3
2021/3/20, , 9, , 3
2020/3/31, , 16, , 4
2019/12/31, , 8, 1, 3
2018/12/31, , 6, 3, 3
2018/12/25, , 8, 1, 4
2018/12/26, , 13, 2, 4
2017/9/9, , 8, 2, 
2016/1/2, , 12, 6, 
2015/9/27, , 10, 4, 
2014/12/31, , 10, 9, 
2015/2/11, , 19, 11, 
2014/9/14, , 23, 1, 