date, pm25, pm10, no2, so2
2024/5/1, 55, 25, 8, 1
2024/5/2, 47, 27, 5, 1
2024/5/3, 53, 24, 9, 2
2024/5/4, 59, 14, 4, 1
2024/5/5, 48, 11, 7, 2
2024/5/6, 40, 7, 5, 1
2024/5/7, 25, 21, 6, 1
2024/5/8, 33, 30, 9, 2
2024/5/9, 51, 12, 9, 2
2024/5/10, 40, 4, 2, 2
2024/5/11, 15, 11, 7, 2
2024/5/12, 26, 49, 7, 2
2024/5/13, 61, 61, 7, 2
2024/5/14, 71, 36, 5, 1
2024/5/15, 49, 29, 3, 1
2024/5/16, 47, 31, 1, 1
2024/5/17, 48, 27, 7, 1
2024/5/18, 51, 22, 6, 1
2024/5/19, 56, 30, 11, 1
2024/5/20, 56, 33, 7, 1
2024/5/21, 60, 12, 1, 1
2024/5/22, 47, , , 
2024/4/1, 76, 8, 7, 5
2024/4/2, 30, 5, 7, 3
2024/4/3, 19, 13, 5, 2
2024/4/4, 50, 14, 8, 1
2024/4/5, 46, 14, 4, 1
2024/4/6, 40, 15, 7, 1
2024/4/7, 52, 23, 17, 1
2024/4/8, 64, 31, 15, 1
2024/4/9, 81, 21, 6, 1
2024/4/10, 41, 17, 7, 1
2024/4/11, 36, 20, 5, 1
2024/4/12, 41, 14, 6, 2
2024/4/13, 43, 17, 5, 1
2024/4/14, 37, 31, 3, 1
2024/4/15, 41, 11, 7, 1
2024/4/16, 32, 6, 5, 1
2024/4/17, 20, 9, 6, 1
2024/4/18, 29, 16, 10, 1
2024/4/19, 46, 5, 3, 1
2024/4/20, 22, 4, 3, 1
2024/4/21, 17, 9, 5, 1
2024/4/22, 30, 13, 7, 1
2024/4/23, 44, 24, 9, 1
2024/4/24, 60, 35, 13, 1
2024/4/25, 65, 19, 9, 1
2024/4/26, 61, 20, 10, 2
2024/4/27, 63, 20, 8, 2
2024/4/28, 63, 26, 10, 2
2024/4/29, 57, 34, 13, 1
2024/4/30, 56, 25, 7, 1
2024/2/2, 30, 4, 8, 4
2024/2/3, 15, 4, 4, 2
2024/2/4, 18, 6, 3, 2
2024/2/5, 25, 12, 6, 9
2024/2/6, 47, 5, 12, 1
2024/2/7, 20, 16, 8, 1
2024/2/8, 51, 23, 14, 1
2024/2/9, 69, 14, 10, 1
2024/2/10, 55, 19, 2, 1
2024/2/11, 60, 15, 2, 1
2024/2/12, 54, 11, 8, 1
2024/2/13, 35, 17, 12, 3
2024/2/14, 62, 22, 9, 1
2024/2/15, 76, 26, 9, 1
2024/2/16, 78, 6, 7, 2
2024/2/17, 23, 18, 5, 1
2024/2/18, 56, 17, 6, 1
2024/2/19, 61, 9, 8, 2
2024/2/20, 31, 10, 13, 4
2024/2/21, 40, 18, 9, 1
2024/2/22, 65, 20, 8, 1
2024/2/23, 55, 16, 10, 1
2024/2/24, 53, 18, 9, 1
2024/2/25, 64, 21, 6, 2
2024/2/26, 70, 11, 18, 2
2024/2/27, 41, 8, 10, 1
2024/2/28, 36, 15, 9, 1
2024/2/29, 58, 25, 7, 4
2024/3/1, 79, 28, 4, 1
2024/3/2, 87, 29, 3, 1
2024/3/3, 85, 16, 2, 2
2024/3/4, 55, 16, 1, 1
2024/3/5, 61, 13, 1, 1
2024/3/6, 53, 14, 1, 1
2024/3/7, 42, 18, 10, 1
2024/3/8, 48, 17, 11, 1
2024/3/9, 59, 18, 4, 
2024/3/10, 64, 14, 1, 
2024/3/11, 53, 37, 2, 
2024/3/12, 83, 40, 6, 1
2024/3/13, 95, 33, 12, 1
2024/3/14, 93, 30, 8, 2
2024/3/15, 87, 16, 7, 2
2024/3/16, 56, 9, 5, 2
2024/3/17, 16, 5, 2, 1
2024/3/18, 14, 10, 4, 1
2024/3/19, 33, 30, 9, 2
2024/3/20, 89, 31, 11, 2
2024/3/21, 96, 18, 13, 2
2024/3/22, 60, 15, 10, 2
2024/3/23, 44, 14, 8, 2
2024/3/24, 45, 21, 5, 1
2024/3/25, 57, 30, 12, 2
2024/3/26, 87, 16, 9, 2
2024/3/27, 53, 17, 5, 2
2024/3/28, 55, 9, 6, 2
2024/3/29, 27, 10, 7, 2
2024/3/30, 38, 30, 10, 2
2024/3/31, 71, 34, 9, 2
2023/10/1, 36, 22, 10, 1
2023/10/2, 56, 24, 6, 1
2023/10/3, 47, 9, 4, 1
2023/10/4, 22, 13, 8, 1
2023/10/5, 33, 9, 7, 1
2023/10/6, 32, 14, , 4
2023/10/7, 25, 8, , 1
2023/10/8, 18, 18, 6, 1
2023/10/9, 43, 20, 15, 1
2023/10/10, 55, 18, 7, 1
2023/10/11, 59, 9, 7, 1
2023/10/12, 27, 15, 9, 1
2023/10/13, 53, 9, 3, 1
2023/10/14, 32, 4, 1, 1
2023/10/15, 14, 7, 12, 2
2023/10/16, 25, 9, 10, 1
2023/10/17, 30, 8, 10, 1
2023/10/18, 24, 4, 1, 1
2023/10/19, 16, 5, 1, 1
2023/10/20, 21, 11, 3, 1
2023/10/21, 40, 37, 7, 1
2023/10/22, 75, 31, 11, 1
2023/10/23, 52, 44, 8, 1
2023/10/24, 76, 7, 1, 1
2023/10/25, 31, 6, 3, 1
2023/10/26, 26, 5, 5, 1
2023/10/27, 22, 10, 6, 1
2023/10/28, 36, 16, 5, 1
2023/10/29, 60, 15, 11, 1
2023/10/30, 43, 19, 9, 1
2023/10/31, 54, 9, 4, 1
2023/11/1, 32, 14, 6, 1
2023/11/2, 54, 11, 6, 1
2023/11/3, 47, 10, 6, 1
2023/11/4, 42, 16, 5, 1
2023/11/5, 60, 10, 8, 1
2023/11/6, 40, 10, 9, 1
2023/11/7, 38, 12, 9, 1
2023/11/8, 45, 16, 9, 1
2023/11/9, 56, 20, 12, 1
2023/11/10, 65, 54, 11, 3
2023/11/11, 87, 16, 10, 6
2023/11/12, 46, 22, 13, 3
2023/11/13, 62, 17, 11, 1
2023/11/14, 62, 6, 8, 1
2023/11/15, 23, 19, 10, 2
2023/11/16, 58, 13, 3, 1
2023/11/17, 53, 22, 9, 1
2023/11/18, 73, 19, 4, 2
2023/11/19, 69, 14, 2, 2
2023/11/20, 57, 8, 3, 1
2023/11/21, 34, 24, 13, 2
2023/11/22, 61, 6, 5, 2
2023/11/23, 23, 7, 10, 3
2023/11/24, 23, 11, 4, 2
2023/11/25, 20, 20, 9, 5
2023/11/26, 35, 21, 16, 4
2023/11/27, 55, 22, 16, 3
2023/11/28, 49, 24, 12, 2
2023/11/29, 79, 39, 12, 2
2023/11/30, 113, 17, 11, 2
2023/12/1, 53, 19, 15, 2
2023/12/2, 63, 17, 8, 4
2023/12/3, 56, 23, 11, 2
2023/12/4, 67, 30, 7, 3
2023/12/5, 88, 24, 4, 3
2023/12/6, 81, 26, 8, 3
2023/12/7, 85, 30, 5, 2
2023/12/8, 94, 35, 6, 2
2023/12/9, 107, 34, 5, 2
2023/12/10, 100, 63, 13, 2
2023/12/11, 114, 18, 16, 2
2023/12/12, 60, 13, 6, 2
2023/12/13, 43, 10, 6, 2
2023/12/14, 35, 11, 11, 2
2023/12/15, 44, 7, 3, 2
2023/12/16, 29, 6, 1, 2
2023/12/17, 23, 4, 4, 2
2023/12/18, 17, 5, 7, 1
2023/12/19, 21, , 6, 2
2023/7/1, 37, 14, 2, 
2023/7/2, 41, 16, 5, 1
2023/7/3, 39, 17, 6, 1
2023/7/4, 38, 14, 6, 1
2023/7/5, 41, 13, 6, 1
2023/7/6, 36, 13, 7, 1
2023/7/7, 37, 13, 7, 1
2023/7/8, 37, 13, 7, 1
2023/7/9, 37, 13, 7, 1
2023/7/10, 34, 13, 8, 1
2023/7/11, 42, 23, 8, 1
2023/7/12, 61, 15, 7, 1
2023/7/13, 45, 12, 5, 
2023/7/14, 38, 15, 4, 
2023/7/15, 46, 16, 5, 
2023/7/16, 46, 19, 8, 
2023/7/17, 50, 15, 5, 
2023/7/18, 34, 17, 11, 1
2023/7/19, 39, 14, 8, 1
2023/7/20, 34, 10, 4, 1
2023/7/21, 29, 11, 5, 1
2023/7/22, 37, 13, 3, 1
2023/7/23, 48, 16, 5, 1
2023/7/24, 47, 10, 2, 1
2023/7/25, 31, 13, 6, 1
2023/7/26, 38, 12, 2, 1
2023/7/27, 34, 19, 2, 1
2023/7/28, 57, 15, 2, 1
2023/7/29, 50, 12, 2, 1
2023/7/30, 43, 12, 4, 1
2023/7/31, 37, 12, 5, 1
2023/8/1, 47, 13, 4, 1
2023/8/2, 38, 12, 4, 1
2023/8/3, 32, 11, 5, 1
2023/8/4, 36, 13, 5, 2
2023/8/5, 45, 14, 6, 1
2023/8/6, 52, 7, 2, 1
2023/8/7, 23, 8, 3, 1
2023/8/8, 27, 9, 5, 2
2023/8/9, 30, 13, 6, 1
2023/8/10, 38, 16, 3, 2
2023/8/11, 44, 23, 3, 2
2023/8/12, 50, 22, , 2
2023/8/13, 48, 15, 3, 2
2023/8/14, 45, 28, 9, 2
2023/8/15, 64, 21, 8, 2
2023/8/16, 54, 11, 7, 2
2023/8/17, 40, 20, 8, 2
2023/8/18, 62, 36, 10, 2
2023/8/19, 102, 34, 9, 2
2023/8/20, 99, 23, 6, 3
2023/8/21, 47, 17, 5, 2
2023/8/22, 40, 26, 6, 2
2023/8/23, 46, 23, 7, 1
2023/8/24, 43, 25, 10, 
2023/8/25, 62, 36, 8, 
2023/8/26, 95, 15, 4, 
2023/8/27, 46, 9, 6, 
2023/8/28, 33, 9, 6, 
2023/8/29, 38, 11, 9, 
2023/8/30, 40, 13, 9, 1
2023/8/31, 43, 10, 5, 
2023/9/1, 39, 14, 5, 1
2023/9/2, 43, 11, 5, 1
2023/9/3, 40, 17, 7, 1
2023/9/4, 48, 19, 10, 
2023/9/5, 51, 17, 10, 1
2023/9/6, 53, 18, 4, 
2023/9/7, 51, 30, 10, 1
2023/9/8, 61, 26, 8, 1
2023/9/9, 71, 30, 9, 1
2023/9/10, 75, 45, 15, 
2023/9/11, 96, 44, 17, 1
2023/9/12, 98, 40, 16, 1
2023/9/13, 91, 6, 6, 1
2023/9/14, 24, 22, 7, 1
2023/9/15, 45, 17, 5, 
2023/9/16, 44, 20, 6, 1
2023/9/17, 60, 26, 5, 1
2023/9/18, 64, 22, 11, 1
2023/9/19, 59, 17, 9, 1
2023/9/20, 44, 19, 9, 1
2023/9/21, 48, 18, 7, 1
2023/9/22, 47, 10, 5, 
2023/9/23, 42, 10, 4, 
2023/9/24, 33, 16, 9, 
2023/9/25, 43, 21, 10, 1
2023/9/26, 58, 34, 10, 1
2023/9/27, 83, 45, 15, 1
2023/9/28, 85, 48, 16, 1
2023/9/29, 81, 17, 5, 1
2023/9/30, 49, 11, 5, 1
2023/4/1, 28, 6, 5, 2
2023/4/2, 21, 6, 3, 2
2023/4/3, 20, 8, 3, 1
2023/4/4, 24, 12, 7, 2
2023/4/5, 33, 20, 10, 2
2023/4/6, 46, 14, 8, 2
2023/4/7, 56, 28, 11, 2
2023/4/8, 78, 14, 7, 2
2023/4/9, 49, 16, 12, 2
2023/4/10, 50, 33, 10, 2
2023/4/11, 79, 18, 11, 1
2023/4/12, 62, 29, 10, 1
2023/4/13, 80, 23, 9, 
2023/4/14, 72, 18, 1, 1
2023/4/15, 64, 11, 3, 1
2023/4/16, 48, 16, 5, 1
2023/4/17, 58, 20, 6, 1
2023/4/18, 59, 15, 6, 1
2023/4/19, 46, 23, 10, 1
2023/4/20, 61, 20, 11, 1
2023/4/21, 48, 37, 17, 1
2023/4/22, 57, 41, 10, 1
2023/4/23, 86, 20, 6, 1
2023/4/24, 61, 15, 10, 2
2023/4/25, 48, 13, 6, 1
2023/4/26, 36, 17, 7, 2
2023/4/27, 37, 12, 7, 1
2023/4/28, 40, 28, 7, 2
2023/4/29, 73, 15, 4, 3
2023/4/30, 41, 23, 4, 1
2023/5/1, 62, 23, 8, 1
2023/5/2, 57, 20, 7, 2
2023/5/3, 50, 39, 10, 1
2023/5/4, 56, 29, 2, 1
2023/5/5, 40, 15, 2, 1
2023/5/6, 37, 19, 5, 1
2023/5/7, 46, 33, 13, 3
2023/5/8, 59, 41, 11, 8
2023/5/9, 69, 34, 7, 2
2023/5/10, 55, 30, 8, 1
2023/5/11, 52, 45, 15, 1
2023/5/12, 69, 38, 17, 
2023/5/13, 70, 30, 15, 
2023/5/14, 65, 26, 13, 
2023/5/15, 67, 15, 5, 
2023/5/16, 53, 15, 7, 
2023/5/17, 41, 13, 12, 
2023/5/18, 29, 10, 15, 
2023/5/19, 35, 12, 11, 
2023/5/20, 39, 16, 12, 
2023/5/21, 47, 27, 18, 
2023/5/22, 53, 29, 11, 
2023/5/23, 55, 38, 16, 
2023/5/24, 72, 37, 9, 2
2023/5/25, 61, 32, 7, 3
2023/5/26, 51, 24, 5, 
2023/5/27, 44, 17, 6, 
2023/5/28, 38, 25, 8, 
2023/5/29, 46, 37, 11, 1
2023/5/30, 47, 31, 10, 4
2023/5/31, 40, 32, 7, 3
2023/6/1, 49, 8, 3, 
2023/6/2, 21, 13, 6, 
2023/6/3, 24, 17, 8, 
2023/6/4, 36, 32, 11, 
2023/6/5, 42, 34, 14, 
2023/6/6, 54, 35, 18, 
2023/6/7, 56, 24, 11, 
2023/6/8, 56, 24, 6, 
2023/6/9, 55, 30, 3, 
2023/6/10, 43, 23, 1, 
2023/6/11, 41, 24, 5, 
2023/6/12, 45, 25, , 
2023/6/13, 44, 26, , 
2023/6/14, 55, 17, , 
2023/6/15, 53, 17, , 
2023/6/16, 57, 24, , 
2023/6/17, 64, 19, , 
2023/6/18, 58, 32, , 
2023/6/19, 67, 24, , 
2023/6/20, 63, 34, , 
2023/6/21, 64, 31, , 1
2023/6/22, 52, 28, , 
2023/6/23, 51, 21, , 1
2023/6/24, 45, 21, , 
2023/6/25, 45, 21, , 
2023/6/26, 46, 13, 7, 
2023/6/27, 39, 14, 5, 
2023/6/28, 36, 25, 7, 1
2023/6/29, 45, 18, 12, 
2023/6/30, 49, 15, 4, 
2023/1/2, 64, 8, 10, 1
2023/1/3, 22, 15, 9, 1
2023/1/4, 54, 5, 8, 1
2023/1/5, 17, , , 
2023/1/8, 89, 35, 7, 1
2023/1/9, 107, 28, 19, 2
2023/1/10, 81, 25, 9, 1
2023/1/11, 67, 12, 7, 1
2023/1/12, 48, 8, 6, 1
2023/1/13, 37, 7, 1, 1
2023/1/14, 32, 7, 1, 1
2023/1/15, 31, 12, 6, 1
2023/1/16, 45, 17, 5, 2
2023/1/17, 62, 20, 11, 2
2023/1/18, 67, 29, 12, 2
2023/1/19, 88, 25, 9, 2
2023/1/20, 78, 7, 4, 2
2023/1/21, 26, 7, 1, 2
2023/1/22, 34, 8, , 2
2023/1/23, 38, 23, , 3
2023/1/24, 68, 27, , 3
2023/1/25, 85, 31, , 2
2023/1/26, 92, 14, , 2
2023/1/27, 43, 20, , 2
2023/1/28, 63, 10, , 2
2023/1/29, 43, 8, , 2
2023/1/30, 33, 8, , 5
2023/1/31, 27, 7, , 3
2023/2/1, 24, 5, , 2
2023/2/2, 22, 19, 3, 3
2023/2/3, 57, 19, 2, 2
2023/2/4, 19, 20, 8, 3
2023/2/5, 52, 14, 1, 5
2023/2/6, 51, 21, 7, 5
2023/2/7, 64, 27, , 3
2023/2/8, 87, 35, , 4
2023/2/9, 102, 15, , 4
2023/2/10, 54, 10, , 4
2023/2/11, 39, 11, , 3
2023/2/12, 40, 13, , 6
2023/2/13, 35, 17, , 8
2023/2/14, 53, 27, , 4
2023/2/15, 83, 42, 16, 4
2023/2/16, 115, 23, 7, 2
2023/2/17, 72, 7, 5, 3
2023/2/18, 22, 7, 8, 3
2023/2/19, 22, 6, 7, 4
2023/2/20, 22, 9, 7, 6
2023/2/21, 32, 8, 5, 1
2023/2/22, 30, 21, 6, 2
2023/2/23, 69, 13, 5, 1
2023/2/24, 47, 9, 4, 1
2023/2/25, 32, 3, 3, 1
2023/2/26, 13, 9, 9, 1
2023/2/27, 19, 39, 17, 3
2023/2/28, 93, 17, 12, 4
2023/3/1, 50, 28, 19, 2
2023/3/2, 66, 17, 9, 3
2023/3/3, 46, 20, 6, 3
2023/3/4, 39, 11, 5, 2
2023/3/5, 25, 16, 8, 1
2023/3/6, 45, 22, 8, 1
2023/3/7, 71, 15, 8, 1
2023/3/8, 29, 16, 12, 1
2023/3/9, 50, 11, 1, 1
2023/3/10, 43, 7, 4, 1
2023/3/11, 30, 14, 7, 3
2023/3/12, 37, 19, 8, 2
2023/3/13, 67, 12, 8, 2
2023/3/14, 45, 15, 9, 1
2023/3/15, 39, 12, 10, 1
2023/3/16, 43, 26, 9, 1
2023/3/17, 83, 24, 4, 2
2023/3/18, 74, 37, 11, 2
2023/3/19, 105, 31, 15, 2
2023/3/20, 89, 12, 8, 3
2023/3/21, 39, 24, 9, 2
2023/3/22, 75, 16, 8, 1
2023/3/23, 52, 15, 8, 1
2023/3/24, 54, 13, 5, 1
2023/3/25, 47, 7, 4, 2
2023/3/26, 27, 12, 9, 2
2023/3/27, 30, 13, 10, 3
2023/3/28, 35, 15, 12, 2
2023/3/29, 43, 28, 12, 2
2023/3/30, 82, 21, 15, 2
2023/3/31, 45, 8, 4, 1
2022/10/1, 76, 7, 2, 1
2022/10/2, 29, 10, 7, 1
2022/10/3, 39, 13, 11, 1
2022/10/4, 36, 19, 10, 1
2022/10/5, 58, 27, 9, 1
2022/10/6, 50, 19, 11, 1
2022/10/7, 52, 20, 8, 1
2022/10/8, 61, 13, 6, 2
2022/10/9, 35, 25, 7, 1
2022/10/10, 66, 23, 9, 2
2022/10/11, 43, 20, 11, 2
2022/10/12, 42, 30, 9, 1
2022/10/13, 70, 51, 11, 1
2022/10/14, 113, 51, 8, 1
2022/10/15, 116, 26, 6, 1
2022/10/16, 81, 51, 9, 1
2022/10/17, 67, 16, 12, 1
2022/10/18, 46, 6, 8, 1
2022/10/19, 20, 16, 14, 1
2022/10/20, 43, 24, 10, 1
2022/10/21, 75, 30, 9, 1
2022/10/22, 88, 22, 8, 1
2022/10/23, 66, 30, 8, 
2022/10/24, 84, 20, 11, 
2022/10/25, 61, 21, 13, 
2022/10/26, 60, 39, 12, 
2022/10/27, 92, 33, 9, 
2022/10/28, 94, 18, 7, 
2022/10/29, 52, 25, 9, 
2022/10/30, 73, 68, 10, 
2022/10/31, 110, 9, 8, 
2022/11/1, 40, 19, 11, 
2022/11/2, 61, 14, 10, 
2022/11/3, 45, 15, 6, 
2022/11/4, 54, 20, 9, 
2022/11/5, 65, 14, 5, 
2022/11/6, 52, 22, 8, 
2022/11/7, 69, 20, 11, 1
2022/11/8, 61, 23, 9, 
2022/11/9, 71, 19, 12, 1
2022/11/10, 57, 15, 5, 1
2022/11/11, 50, 9, 6, 2
2022/11/12, 38, 11, 7, 1
2022/11/13, 44, 15, 5, 1
2022/11/14, 56, 25, 10, 
2022/11/15, 79, 6, 2, 
2022/11/16, 25, 11, 2, 
2022/11/17, 42, 7, 1, 
2022/11/18, 29, 20, 4, 
2022/11/19, 66, 31, 6, 1
2022/11/20, 94, 37, 9, 1
2022/11/21, 111, 39, 9, 1
2022/11/22, 117, 23, 4, 1
2022/11/23, 77, 26, 7, 
2022/11/24, 83, 33, 10, 1
2022/11/25, 95, 45, 7, 1
2022/11/26, 131, 30, 10, 2
2022/11/27, 89, 45, 8, 
2022/11/28, 79, 22, 4, 1
2022/11/29, 74, 23, 5, 1
2022/11/30, 78, 17, 9, 1
2022/12/1, 58, 20, 4, 1
2022/12/2, 68, 30, 4, 1
2022/12/3, 90, 27, 4, 1
2022/12/4, 86, 19, 4, 1
2022/12/5, 68, 36, 7, 1
2022/12/6, 100, 12, 9, 1
2022/12/7, 43, 16, 12, 1
2022/12/8, 51, 42, 21, 1
2022/12/9, 118, 44, 22, 2
2022/12/10, 120, 20, 8, 1
2022/12/11, 61, 7, 8, 1
2022/12/12, 24, 9, 11, 2
2022/12/13, 35, 27, 12, 1
2022/12/14, 87, 53, 16, 2
2022/12/15, 150, 35, 8, 2
2022/12/16, 104, 27, 16, 2
2022/12/17, 77, 24, 9, 1
2022/12/18, 78, 31, 9, 2
2022/12/19, 91, 26, 12, 2
2022/12/20, 83, 28, 12, 2
2022/12/21, 90, 24, 11, 2
2022/12/22, 80, 16, 13, 1
2022/12/23, 57, 50, 9, 1
2022/12/24, 65, 28, 4, 1
2022/12/25, 82, 16, 5, 2
2022/12/26, 59, 6, 6, 1
2022/12/27, 24, 13, 8, 1
2022/12/28, 54, 13, 9, 1
2022/12/29, 53, 12, 8, 1
2022/12/30, 42, 12, 4, 2
2022/12/31, 50, 14, 3, 2
2023/1/1, 43, 20, 10, 1
2022/7/1, 55, 11, 5, 
2022/7/2, 34, 11, 2, 
2022/7/3, 37, 21, 8, 
2022/7/4, 50, 17, 8, 
2022/7/5, 39, 16, 8, 
2022/7/6, 34, 11, 3, 
2022/7/7, 27, 20, 5, 
2022/7/8, 40, 24, 3, 
2022/7/9, 37, 9, 3, 
2022/7/10, 25, 10, 5, 
2022/7/11, 26, 22, 4, 
2022/7/12, 30, 38, 4, 1
2022/7/13, 43, 41, 5, 3
2022/7/14, 44, 31, 4, 1
2022/7/15, 34, 7, 5, 1
2022/7/16, 25, 11, 5, 2
2022/7/17, 30, 14, 7, 2
2022/7/18, 40, 21, 10, 1
2022/7/19, 50, 25, 8, 
2022/7/20, 57, 32, 8, 
2022/7/21, 58, 32, 11, 
2022/7/22, 72, 16, 5, 
2022/7/23, 47, 11, 4, 
2022/7/24, 35, 21, 6, 
2022/7/25, 45, 14, 7, 1
2022/7/26, 39, 21, 4, 
2022/7/27, 29, 15, 4, 
2022/7/28, 32, 11, 6, 
2022/7/29, 28, 9, 2, 
2022/7/30, 22, 11, 4, 
2022/7/31, 25, 17, 8, 
2022/8/1, 33, 25, 6, 1
2022/8/2, 42, 33, 10, 
2022/8/3, 54, 46, 7, 
2022/8/4, 60, 44, 5, 
2022/8/5, 60, 14, 4, 2
2022/8/6, 29, 11, 4, 
2022/8/7, 31, 22, 8, 
2022/8/8, 40, 23, 6, 
2022/8/9, 42, 18, 7, 
2022/8/10, 36, 20, 7, 
2022/8/11, 37, 27, 8, 
2022/8/12, 43, 21, 7, 
2022/8/13, 47, 26, 5, 
2022/8/14, 54, 22, 7, 
2022/8/15, 59, 24, 11, 
2022/8/16, 60, 20, 11, 
2022/8/17, 59, 29, 6, 
2022/8/18, 69, 39, 9, 
2022/8/19, 66, 24, 4, 
2022/8/20, 64, 11, 5, 
2022/8/21, 38, 9, 9, 
2022/8/22, 32, 15, 5, 1
2022/8/23, 48, 17, 6, 1
2022/8/24, 52, 22, 5, 1
2022/8/25, 61, 26, 4, 
2022/8/26, 59, 23, 4, 1
2022/8/27, 59, 26, 8, 1
2022/8/28, 63, 35, 7, 1
2022/8/29, 47, 7, 5, 1
2022/8/30, 23, 10, 7, 1
2022/8/31, 22, 6, 9, 
2022/9/1, 20, 10, 9, 
2022/9/2, 25, 4, 2, 
2022/9/3, 18, 5, 1, 
2022/9/4, 18, 8, 9, 
2022/9/5, 24, 9, , 
2022/9/6, 26, 13, 1, 
2022/9/7, 33, 14, 3, 
2022/9/8, 30, 14, 3, 
2022/9/9, 47, 18, 2, 
2022/9/10, 62, 19, 5, 
2022/9/11, 45, 13, 10, 
2022/9/12, 34, 22, 11, 
2022/9/13, 63, 16, 7, 
2022/9/14, 35, 21, 5, 
2022/9/15, 34, 21, 3, 
2022/9/16, 27, 8, 5, 
2022/9/17, 28, 8, 4, 
2022/9/18, 29, 11, 9, 1
2022/9/19, 28, 9, 10, 
2022/9/20, 28, 6, 8, 
2022/9/21, 22, 8, 12, 
2022/9/22, 28, 17, 11, 1
2022/9/23, 42, 24, 7, 
2022/9/24, 68, 31, 7, 1
2022/9/25, 87, 33, 10, 
2022/9/26, 85, 26, 6, 
2022/9/27, 79, 17, 11, 
2022/9/28, 53, 23, 11, 
2022/9/29, 63, 26, 14, 1
2022/9/30, 70, 26, 6, 1
2022/4/1, 43, 32, 3, 
2022/4/2, 36, 21, 6, 
2022/4/3, 42, 48, 4, 
2022/4/4, 54, 11, 8, 1
2022/4/5, 33, 17, 9, 
2022/4/6, 56, 20, 5, 
2022/4/7, 49, 20, 4, 
2022/4/8, 32, 13, 4, 
2022/4/9, 38, 41, 2, 
2022/4/10, 42, 25, 8, 
2022/4/11, 47, 28, 14, 
2022/4/12, 59, 42, 14, 
2022/4/13, 85, 54, 17, 1
2022/4/14, 115, 19, 9, 
2022/4/15, 58, 7, 3, 
2022/4/16, 27, 8, 8, 
2022/4/17, 31, 10, 7, 
2022/4/18, 39, 12, 7, 
2022/4/19, 39, 18, 7, 
2022/4/20, 45, 22, 8, 
2022/4/21, 49, 18, 5, 
2022/4/22, 46, 19, 5, 
2022/4/23, 47, 16, 4, 
2022/4/24, 47, 10, 5, 
2022/4/25, 42, 14, 11, 
2022/4/26, 41, 19, 6, 
2022/4/27, 40, 16, 6, 
2022/4/28, 35, 45, 15, 
2022/4/29, 78, 30, 9, 
2022/4/30, 60, 28, 6, 
2022/5/1, 53, 23, 7, 
2022/5/2, 50, 15, 6, 
2022/5/3, 44, 16, 4, 
2022/5/4, 32, 34, 14, 1
2022/5/5, 64, 31, 9, 1
2022/5/6, 72, 37, 9, 
2022/5/7, 63, 15, 4, 
2022/5/8, 44, 27, 5, 
2022/5/9, 31, 39, 11, 1
2022/5/10, 59, 36, 12, 1
2022/5/11, 62, 107, 12, 1
2022/5/12, 74, 39, 8, 1
2022/5/13, 46, 27, 4, 1
2022/5/14, 47, 13, 5, 1
2022/5/15, 34, 26, 10, 1
2022/5/16, 49, 19, 3, 1
2022/5/17, 26, 20, 6, 1
2022/5/18, 31, 39, 12, 1
2022/5/19, 49, 69, 9, 1
2022/5/20, 74, 17, 7, 1
2022/5/21, 48, 10, 3, 1
2022/5/22, 34, 14, 6, 1
2022/5/23, 41, 24, 6, 1
2022/5/24, 58, 18, 9, 1
2022/5/25, 56, 33, 6, 
2022/5/26, 45, 29, 4, 
2022/5/27, 33, 6, 2, 
2022/5/28, 23, 10, 5, 1
2022/5/29, 39, 16, 7, 
2022/5/30, 53, 16, 5, 
2022/5/31, 39, 14, 8, 
2022/6/1, 48, 17, 8, 
2022/6/2, 44, 16, 5, 
2022/6/3, 48, 18, 7, 
2022/6/4, 55, 13, 6, 
2022/6/5, 42, 28, 9, 
2022/6/6, 59, 29, 9, 
2022/6/7, 73, 28, 8, 
2022/6/8, 67, 28, 11, 
2022/6/9, 73, 20, 9, 
2022/6/10, 52, 18, 8, 
2022/6/11, 46, 16, 5, 
2022/6/12, 47, 17, 9, 
2022/6/13, 45, 27, 4, 
2022/6/14, 38, 19, 5, 
2022/6/15, 40, 14, 5, 
2022/6/16, 37, 22, 7, 
2022/6/17, 40, 23, 5, 
2022/6/18, 46, 18, 3, 
2022/6/19, 42, 10, 7, 
2022/6/20, 33, 12, 6, 
2022/6/21, 34, 15, 5, 
2022/6/22, 45, 19, 7, 
2022/6/23, 52, 24, 7, 
2022/6/24, 48, 22, 4, 
2022/6/25, 51, 29, 4, 
2022/6/26, 60, 36, 7, 
2022/6/27, 62, 27, 10, 
2022/6/28, 61, 16, 6, 
2022/6/29, 47, 16, 6, 
2022/6/30, 49, 27, 5, 
2022/1/3, 26, 19, 10, 
2022/1/4, 66, 12, 8, 
2022/1/5, 44, 7, 4, 2
2022/1/6, 28, 19, 9, 1
2022/1/7, 64, 22, 6, 
2022/1/8, 76, 41, 7, 1
2022/1/9, 122, 39, 13, 1
2022/1/10, 115, 46, 21, 3
2022/1/11, 123, 40, 14, 2
2022/1/12, 115, 7, 11, 4
2022/1/13, 29, 5, 6, 2
2022/1/14, 18, 11, 11, 6
2022/1/15, 34, 18, 4, 
2022/1/16, 64, 5, 4, 
2022/1/17, 19, 13, 16, 4
2022/1/18, 40, 17, 8, 
2022/1/19, 60, 9, 8, 2
2022/1/20, 26, 5, 5, 1
2022/1/21, 18, 7, 3, 1
2022/1/22, 22, 28, 12, 2
2022/1/23, 82, 12, 9, 1
2022/1/24, 48, 10, 16, 5
2022/1/25, 41, 10, 13, 3
2022/1/26, 38, 8, 6, 1
2022/1/27, 35, 5, 5, 2
2022/1/28, 19, 10, 6, 2
2022/1/29, 38, 4, 2, 1
2022/1/30, 15, 17, 11, 7
2022/1/31, 29, 19, 11, 3
2022/2/1, 53, 9, 7, 1
2022/2/2, 38, 18, 12, 1
2022/2/3, 63, 24, 5, 1
2022/2/4, 78, 7, , 2
2022/2/5, 30, 7, , 1
2022/2/6, 30, 12, , 8
2022/2/7, 31, 10, 6, 5
2022/2/8, 33, 10, 14, 3
2022/2/9, 36, 11, 12, 1
2022/2/10, 41, 10, 13, 1
2022/2/11, 37, 10, 6, 1
2022/2/12, 40, 21, 4, 2
2022/2/13, 72, 25, 6, 2
2022/2/14, 78, 34, 9, 2
2022/2/15, 95, 18, 6, 1
2022/2/16, 63, 4, 5, 1
2022/2/17, 19, 8, 6, 1
2022/2/18, 30, 4, 2, 1
2022/2/19, 16, 9, 1, 1
2022/2/20, 37, 5, 2, 1
2022/2/21, 20, 9, 7, 3
2022/2/22, 27, 12, 9, 2
2022/2/23, 42, 21, 10, 1
2022/2/24, 64, 19, 6, 1
2022/2/25, 39, 15, 8, 1
2022/2/26, 48, 3, 2, 
2022/2/27, 14, 30, 16, 2
2022/2/28, 78, 46, 17, 3
2022/3/1, 108, 55, 19, 3
2022/3/2, 124, 14, 6, 1
2022/3/3, 46, 3, 7, 
2022/3/4, 15, 5, 3, 
2022/3/5, 20, 22, 12, 2
2022/3/6, 63, 13, 10, 1
2022/3/7, 38, 23, 16, 1
2022/3/8, 55, 19, 12, 1
2022/3/9, 55, 16, 3, 1
2022/3/10, 53, 36, 13, 2
2022/3/11, 83, 47, 10, 3
2022/3/12, 113, 54, 15, 3
2022/3/13, 131, 50, 12, 3
2022/3/14, 115, 58, 17, 3
2022/3/15, 143, 28, 7, 
2022/3/16, 85, 43, 8, 1
2022/3/17, 106, 41, 10, 1
2022/3/18, 95, 9, 3, 
2022/3/19, 35, 31, 9, 8
2022/3/20, 86, 62, 16, 1
2022/3/21, 126, 68, 19, 2
2022/3/22, 136, 61, 19, 2
2022/3/23, 124, 58, 18, 2
2022/3/24, 114, 63, 16, 1
2022/3/25, 115, 36, 5, 
2022/3/26, 45, 18, 6, 
2022/3/27, 42, 105, 7, 1
2022/3/28, 77, 19, 6, 1
2022/3/29, 39, 7, 3, 
2022/3/30, 20, 15, 1, 
2022/3/31, 23, 37, 3, 
2021/10/11, 82, 37, 10, 2
2021/10/12, 32, 16, 8, 2
2021/10/13, 35, 13, 10, 3
2021/10/14, 56, 19, 9, 2
2021/10/15, 40, 12, 5, 2
2021/10/16, 37, 12, 5, 2
2021/10/17, 33, 9, 2, 2
2021/10/18, 24, 8, 9, 3
2021/10/19, 78, 27, 10, 2
2021/10/20, 55, 16, 4, 
2021/10/21, 31, 12, 3, 
2021/10/22, 18, 5, 3, 
2021/10/23, 22, 7, 4, 1
2021/10/24, 74, 25, 8, 
2021/10/25, 87, 31, 10, 
2021/10/26, 83, 30, 10, 1
2021/10/27, 62, 20, 7, 
2021/10/28, 66, 22, 9, 
2021/10/29, 120, 47, 12, 
2021/10/30, 122, 46, 10, 1
2021/10/31, 104, 39, 7, 1
2021/11/1, 98, 36, 5, 1
2021/11/2, 110, 39, 10, 1
2021/11/3, 76, 24, 9, 
2021/11/4, 72, 24, 5, 
2021/11/5, 27, 7, 7, 
2021/11/6, 36, 9, 2, 
2021/11/7, 38, 9, 2, 
2021/11/8, 16, 4, 5, 
2021/11/9, 52, 15, 8, 
2021/11/10, 98, 36, 9, 
2021/11/11, 87, 28, 7, 1
2021/11/12, 66, 29, 11, 1
2021/11/13, 93, 31, 5, 1
2021/11/14, 77, 23, 1, 1
2021/11/15, 70, 21, 2, 
2021/11/16, 91, 31, 6, 
2021/11/17, 101, 33, 8, 1
2021/11/18, 31, 8, 8, 
2021/11/19, 20, 5, 7, 1
2021/11/20, 29, 8, 5, 1
2021/11/21, 20, 5, 3, 1
2021/11/22, 31, 8, 12, 1
2021/11/23, 60, 22, 14, 1
2021/11/24, 48, 12, 13, 1
2021/11/25, 61, 18, 8, 1
2021/11/26, 84, 28, 10, 3
2021/11/27, 98, 33, 16, 
2021/11/28, 94, 30, 5, 
2021/11/29, 42, 12, 8, 
2021/11/30, 47, 13, 10, 
2021/12/1, 57, 16, 11, 
2021/12/2, 25, 6, 6, 
2021/12/3, 42, 11, 13, 
2021/12/4, 63, 17, 6, 
2021/12/5, 75, 22, 3, 
2021/12/6, 29, 7, 3, 3
2021/12/7, 74, 22, 8, 2
2021/12/8, 85, 27, 6, 1
2021/12/9, 73, 21, 5, 1
2021/12/10, 88, 27, 7, 
2021/12/11, 121, 42, 12, 1
2021/12/12, 124, 41, 10, 
2021/12/13, 123, 41, 11, 1
2021/12/14, 86, 28, 13, 3
2021/12/15, 55, 15, 9, 2
2021/12/16, 38, 10, 12, 3
2021/12/17, 28, 8, 8, 1
2021/12/18, 37, 9, 9, 2
2021/12/19, 22, 6, 3, 1
2021/12/20, 14, 5, 2, 
2021/12/21, 37, 11, 16, 3
2021/12/22, 82, 29, 19, 3
2021/12/23, 107, 36, 13, 2
2021/12/24, 81, 26, 8, 2
2021/12/25, 29, 7, 4, 1
2021/12/26, 73, 23, 10, 
2021/12/27, 127, 48, 17, 1
2021/12/28, 117, 39, 10, 1
2021/12/29, 115, 39, 8, 2
2021/12/30, 124, 42, 12, 1
2021/12/31, 31, 8, 7, 3
2022/1/1, 21, 5, 4, 2
2022/1/2, 52, 13, 3, 
2024/2/1, , 7, 6, 2
2023/1/7, , 34, 3, 1
2021/10/1, , 22, 6, 
2021/10/2, , 33, 4, 
2021/10/3, , 34, 4, 
2021/10/4, , 33, 8, 1
2021/10/5, , 29, 5, 3
2021/10/6, , 34, 6, 2
2021/10/7, , 31, 5, 2
2021/10/8, , 41, 9, 2
2021/10/9, , 37, 8, 2
2021/10/10, , 43, 9, 2
2021/7/1, , 15, 8, 1
2021/7/2, , 13, 4, 2
2021/7/3, , 14, 3, 2
2021/7/4, , 17, 5, 2
2021/7/5, , 14, 6, 2
2021/7/6, , 20, 8, 2
2021/7/7, , 26, 5, 2
2021/7/8, , 11, 4, 1
2021/7/9, , 15, 2, 1
2021/7/10, , 16, 2, 2
2021/7/11, , 21, 4, 1
2021/7/12, , 17, 6, 1
2021/7/13, , 27, 4, 1
2021/7/14, , 24, 5, 1
2021/7/15, , 29, 8, 1
2021/7/16, , 57, 2, 1
2021/7/17, , 18, 4, 2
2021/7/18, , 25, 4, 2
2021/7/19, , 25, 8, 5
2021/7/20, , 27, 4, 2
2021/7/21, , 26, 6, 1
2021/7/22, , 28, 6, 
2021/7/23, , 30, 5, 
2021/7/24, , 23, 2, 
2021/7/25, , 29, 6, 
2021/7/26, , 37, , 1
2021/7/27, , 31, , 1
2021/7/28, , 22, , 
2021/7/29, , 24, , 
2021/7/30, , 28, , 
2021/7/31, , 27, , 
2021/8/1, , 15, , 
2021/8/2, , 22, 13, 
2021/8/3, , 16, 8, 
2021/8/4, , 20, 1, 
2021/8/5, , 20, 1, 
2021/8/6, , 18, 3, 
2021/8/7, , 18, 5, 
2021/8/8, , 19, 7, 1
2021/8/9, , 20, 8, 1
2021/8/10, , 24, 8, 3
2021/8/11, , 20, 5, 2
2021/8/12, , 15, 9, 2
2021/8/13, , 30, 2, 3
2021/8/14, , 25, , 2
2021/8/15, , 17, 2, 2
2021/8/16, , 21, 3, 3
2021/8/17, , 13, 2, 3
2021/8/18, , 19, 4, 3
2021/8/19, , 14, 8, 2
2021/8/20, , 20, 4, 1
2021/8/21, , 12, 5, 1
2021/8/22, , 17, 1, 1
2021/8/23, , 14, 1, 2
2021/8/24, , 12, 8, 2
2021/8/25, , 21, 7, 3
2021/8/26, , 13, 10, 2
2021/8/27, , 13, 7, 2
2021/8/28, , 19, 5, 2
2021/8/29, , 13, 5, 2
2021/8/30, , 11, 3, 1
2021/8/31, , 13, 3, 
2021/9/1, , 14, 6, 1
2021/9/2, , 21, 5, 
2021/9/3, , 24, 6, 
2021/9/4, , 18, 5, 1
2021/9/5, , 21, 9, 1
2021/9/6, , 22, 11, 2
2021/9/7, , 25, 13, 2
2021/9/8, , 36, 13, 2
2021/9/9, , 36, 15, 3
2021/9/10, , 48, 9, 4
2021/9/11, , 34, 5, 4
2021/9/12, , 16, 8, 11
2021/9/13, , 17, 8, 5
2021/9/14, , 14, 5, 2
2021/9/15, , 19, 8, 1
2021/9/16, , 20, 6, 
2021/9/17, , 17, 1, 
2021/9/18, , 7, 1, 1
2021/9/19, , 11, 2, 1
2021/9/20, , 12, 10, 2
2021/9/21, , 19, 13, 3
2021/9/22, , 26, 7, 1
2021/9/23, , 23, 6, 3
2021/9/24, , 16, 4, 
2021/9/25, , 16, 4, 
2021/9/26, , 22, 5, 4
2021/9/27, , 15, 4, 4
2021/9/28, , 20, 3, 4
2021/9/29, , 26, 7, 2
2021/9/30, , 27, 7, 1
2021/4/1, , 34, 8, 1
2021/4/2, , 16, 3, 1
2021/4/3, , 13, 3, 1
2021/4/4, , 11, 2, 1
2021/4/5, , 15, 3, 
2021/4/6, , 13, 6, 1
2021/4/7, , 18, 6, 2
2021/4/8, , 16, 6, 1
2021/4/9, , 33, 8, 2
2021/4/10, , 19, 3, 1
2021/4/11, , 19, 10, 1
2021/4/12, , 23, 10, 4
2021/4/13, , 17, 8, 2
2021/4/14, , 21, 2, 
2021/4/15, , 13, 4, 
2021/4/16, , 15, 6, 
2021/4/17, , 21, 10, 1
2021/4/18, , 26, 10, 
2021/4/19, , 28, 17, 
2021/4/20, , 37, 15, 1
2021/4/21, , 41, 5, 
2021/4/22, , 24, 5, 
2021/4/23, , 24, 6, 1
2021/4/24, , 19, 9, 1
2021/4/25, , 17, 9, 
2021/4/26, , 15, 7, 
2021/4/27, , 16, 9, 
2021/4/28, , 24, 11, 
2021/4/29, , 32, 8, 
2021/4/30, , 18, 4, 
2021/5/1, , 12, 3, 
2021/5/2, , 10, 3, 1
2021/5/3, , 13, 5, 
2021/5/4, , 15, 4, 
2021/5/5, , 17, 4, 
2021/5/6, , 17, 9, 1
2021/5/7, , 24, 5, 1
2021/5/8, , 18, 3, 
2021/5/9, , 15, 7, 1
2021/5/10, , 23, 8, 3
2021/5/11, , 29, 3, 
2021/5/12, , 31, 8, 
2021/5/13, , 35, 5, 
2021/5/14, , 23, 5, 
2021/5/15, , 16, 4, 
2021/5/16, , 14, 7, 
2021/5/17, , 19, 11, 1
2021/5/18, , 17, 9, 10
2021/5/19, , 22, 7, 7
2021/5/20, , 18, 7, 
2021/5/21, , 17, 4, 
2021/5/22, , 14, 3, 
2021/5/23, , 10, 5, 
2021/5/24, , 14, 6, 
2021/5/25, , 16, 4, 
2021/5/26, , 22, 5, 
2021/5/27, , 11, 8, 
2021/5/28, , 16, 5, 
2021/5/29, , 10, 2, 
2021/5/30, , 12, 4, 
2021/5/31, , 12, 6, 
2021/6/1, , 20, 4, 
2021/6/2, , 18, 6, 
2021/6/3, , 21, 7, 
2021/6/4, , 23, 6, 
2021/6/5, , 18, 6, 
2021/6/6, , 21, 9, 
2021/6/7, , 33, 7, 
2021/6/8, , 30, 7, 
2021/6/9, , 25, 7, 
2021/6/10, , 33, 8, 
2021/6/11, , 30, 7, 
2021/6/12, , 20, 4, 
2021/6/13, , 18, 7, 
2021/6/14, , 15, 9, 
2021/6/15, , 18, 5, 
2021/6/16, , 13, 6, 
2021/6/17, , 22, 7, 
2021/6/18, , 27, 5, 
2021/6/19, , 21, 5, 
2021/6/20, , 20, 5, 
2021/6/21, , 29, 9, 
2021/6/22, , 29, 6, 
2021/6/23, , 12, 5, 
2021/6/24, , 12, 6, 
2021/6/25, , 13, 6, 
2021/6/26, , 17, 4, 
2021/6/27, , 18, 4, 
2021/6/28, , 14, 5, 
2021/6/29, , 21, 4, 
2021/6/30, , 24, 4, 
2021/1/4, , 6, 1, 
2021/1/5, , 6, 2, 
2021/1/6, , 11, 12, 3
2021/1/7, , 21, 8, 1
2021/1/8, , 24, 6, 9
2021/1/9, , 13, 7, 6
2021/1/10, , 15, 6, 
2021/1/11, , 9, 9, 2
2021/1/12, , 17, 13, 1
2021/1/13, , 16, 4, 
2021/1/14, , 13, 6, 
2021/1/15, , 9, 3, 3
2021/1/16, , 8, 11, 3
2021/1/17, , 39, 18, 3
2021/1/18, , 40, 16, 4
2021/1/19, , 56, 12, 2
2021/1/20, , 17, 11, 1
2021/1/21, , 13, 13, 1
2021/1/22, , 20, 10, 1
2021/1/23, , 13, 8, 7
2021/1/24, , 6, 14, 18
2021/1/25, , 10, 11, 29
2021/1/26, , 10, 13, 27
2021/1/27, , 16, 8, 3
2021/1/28, , 8, 12, 10
2021/1/29, , 21, 10, 17
2021/1/30, , 13, 4, 1
2021/1/31, , 9, 12, 2
2021/2/1, , 31, 11, 2
2021/2/2, , 31, 15, 2
2021/2/3, , 30, 4, 
2021/2/4, , 8, 17, 11
2021/2/5, , 18, 7, 1
2021/2/6, , 17, 4, 1
2021/2/7, , 16, , 
2021/2/8, , 9, 5, 
2021/2/9, , 13, 15, 2
2021/2/10, , 23, 11, 1
2021/2/11, , 16, 7, 
2021/2/12, , 7, 4, 4
2021/2/13, , 7, 6, 22
2021/2/14, , 14, 18, 14
2021/2/15, , 31, 11, 3
2021/2/16, , 37, 8, 3
2021/2/17, , 36, 10, 2
2021/2/18, , 27, 13, 4
2021/2/19, , 33, 11, 1
2021/2/20, , 24, 7, 2
2021/2/21, , 38, 19, 1
2021/2/22, , 47, 23, 2
2021/2/23, , 51, 18, 2
2021/2/24, , 38, 15, 1
2021/2/25, , 41, 8, 1
2021/2/26, , 13, 7, 3
2021/2/27, , 12, 6, 2
2021/2/28, , 10, 7, 
2021/3/1, , 12, 9, 2
2021/3/2, , 14, 11, 1
2021/3/3, , 23, 7, 1
2021/3/4, , 17, 8, 1
2021/3/5, , 15, 6, 
2021/3/6, , 14, 4, 
2021/3/7, , 8, 8, 2
2021/3/8, , 10, 15, 1
2021/3/9, , 22, 14, 1
2021/3/10, , 32, 7, 1
2021/3/11, , 25, 5, 
2021/3/12, , 12, 4, 
2021/3/13, , 10, 3, 
2021/3/14, , 7, 7, 
2021/3/15, , 14, 13, 
2021/3/16, , 23, 4, 
2021/3/17, , 11, 6, 
2021/3/18, , 10, 5, 
2021/3/19, , 10, 3, 1
2021/3/20, , 7, 5, 1
2021/3/21, , 11, 9, 6
2021/3/22, , 20, 13, 6
2021/3/23, , 20, 8, 1
2021/3/24, , 23, 10, 1
2021/3/25, , 30, 14, 1
2021/3/26, , 39, 6, 1
2021/3/27, , 28, 2, 
2021/3/28, , 9, 9, 1
2021/3/29, , 15, 6, 2
2021/3/30, , 10, 12, 2
2021/3/31, , 27, 18, 2
2020/10/1, , 52, 1, 
2020/10/2, , 39, 1, 
2020/10/3, , 22, 3, 1
2020/10/4, , 14, 6, 
2020/10/5, , 14, 6, 
2020/10/6, , 13, 9, 
2020/10/7, , 18, 8, 
2020/10/8, , 18, 9, 2
2020/10/9, , 18, 6, 
2020/10/10, , 14, 6, 
2020/10/11, , 17, 12, 
2020/10/12, , 24, 7, 
2020/10/13, , 24, , 
2020/10/14, , 10, 6, 
2020/10/15, , 14, 2, 
2020/10/16, , 9, 3, 2
2020/10/17, , 10, 4, 5
2020/10/18, , 10, 6, 
2020/10/19, , 14, 7, 
2020/10/20, , 18, 9, 
2020/10/21, , 27, 8, 
2020/10/22, , 22, 8, 
2020/10/23, , 19, 8, 
2020/10/24, , 24, 3, 
2020/10/25, , 20, 8, 
2020/10/26, , 36, 9, 
2020/10/27, , 23, 8, 
2020/10/28, , 15, 8, 
2020/10/29, , 16, 7, 
2020/10/30, , 21, 6, 
2020/10/31, , 22, 2, 
2020/11/1, , 15, 5, 
2020/11/2, , 18, 9, 2
2020/11/3, , 18, 9, 
2020/11/4, , 20, 4, 
2020/11/5, , 11, 7, 5
2020/11/6, , 9, 2, 
2020/11/7, , 6, 7, 1
2020/11/8, , 19, 9, 
2020/11/9, , 21, 3, 
2020/11/10, , 10, 3, 
2020/11/11, , 19, 7, 
2020/11/12, , 25, 7, 
2020/11/13, , 21, 6, 
2020/11/14, , 22, 5, 
2020/11/15, , 16, 7, 
2020/11/16, , 15, 9, 
2020/11/17, , 13, 6, 
2020/11/18, , 8, 6, 
2020/11/19, , 13, 7, 1
2020/11/20, , 11, 3, 
2020/11/21, , 11, 2, 
2020/11/22, , 6, 5, 
2020/11/23, , 10, 7, 
2020/11/24, , 12, 10, 
2020/11/25, , 24, 9, 
2020/11/26, , 23, 10, 24
2020/11/27, , 16, 2, 
2020/11/28, , 4, 4, 
2020/11/29, , 17, 8, 4
2020/11/30, , 11, 8, 
2020/12/1, , 27, 6, 
2020/12/2, , 23, 5, 1
2020/12/3, , 19, 5, 1
2020/12/4, , 15, 4, 1
2020/12/5, , 18, 2, 
2020/12/6, , 13, 3, 
2020/12/7, , 13, 3, 
2020/12/8, , 17, 3, 
2020/12/9, , 22, 3, 
2020/12/10, , 17, 5, 
2020/12/11, , 18, 3, 
2020/12/12, , 14, 3, 
2020/12/13, , 17, 7, 
2020/12/14, , 24, 8, 1
2020/12/15, , 23, 13, 6
2020/12/16, , 19, 8, 1
2020/12/17, , 18, 9, 
2020/12/18, , 20, 6, 
2020/12/19, , 16, 3, 
2020/12/20, , 17, 6, 
2020/12/21, , 19, 7, 
2020/12/22, , 15, 14, 3
2020/12/23, , 22, 5, 2
2020/12/24, , 9, 3, 12
2020/12/25, , 7, 5, 12
2020/12/26, , 8, 2, 
2020/12/27, , 8, 3, 2
2020/12/28, , 11, 6, 1
2020/12/29, , 12, 9, 
2020/12/30, , 24, 9, 
2020/12/31, , 28, 3, 
2021/1/1, , 14, 5, 
2021/1/2, , 21, 1, 
2021/1/3, , 10, 1, 
2020/7/1, , 18, 4, 
2020/7/2, , 18, 6, 
2020/7/3, , 17, 4, 
2020/7/4, , 20, 2, 
2020/7/5, , 15, 4, 
2020/7/6, , 17, 3, 1
2020/7/7, , 18, 5, 
2020/7/8, , 14, 6, 
2020/7/9, , 18, 4, 
2020/7/10, , 14, 3, 1
2020/7/11, , 10, 2, 1
2020/7/12, , 15, 5, 4
2020/7/13, , 13, 5, 
2020/7/14, , 27, 6, 
2020/7/15, , 28, 7, 1
2020/7/16, , 15, 5, 
2020/7/17, , 17, 6, 
2020/7/18, , 19, 5, 
2020/7/19, , 27, 10, 
2020/7/20, , 30, 4, 1
2020/7/21, , 16, 3, 2
2020/7/22, , 19, 4, 3
2020/7/23, , 19, 9, 
2020/7/24, , 28, 3, 
2020/7/25, , 16, 4, 
2020/7/26, , 21, 4, 
2020/7/27, , 18, 6, 
2020/7/28, , 24, 4, 1
2020/7/29, , 22, 3, 
2020/7/30, , 21, 5, 4
2020/7/31, , 22, 3, 3
2020/8/1, , 18, 4, 
2020/8/2, , 27, 6, 
2020/8/3, , 16, 7, 1
2020/8/4, , 17, 6, 1
2020/8/5, , 20, 7, 
2020/8/6, , 20, 9, 
2020/8/7, , 27, 8, 
2020/8/8, , 28, 7, 
2020/8/9, , 37, 5, 
2020/8/10, , 28, 2, 
2020/8/11, , 28, 3, 
2020/8/12, , 20, 7, 
2020/8/13, , 34, 7, 
2020/8/14, , 39, 6, 
2020/8/15, , 34, 5, 
2020/8/16, , 39, 9, 
2020/8/17, , 46, 4, 
2020/8/18, , 23, 4, 
2020/8/19, , 33, 7, 
2020/8/20, , 30, 9, 
2020/8/21, , 42, 6, 
2020/8/22, , 32, 5, 
2020/8/23, , 19, 8, 
2020/8/24, , 23, 6, 
2020/8/25, , 13, 8, 
2020/8/26, , 21, 5, 2
2020/8/27, , 15, 7, 1
2020/8/28, , 23, 5, 
2020/8/29, , 17, 5, 
2020/8/30, , 20, 5, 
2020/8/31, , 7, 3, 
2020/9/1, , 8, 2, 
2020/9/2, , 13, 7, 
2020/9/3, , 21, 9, 1
2020/9/4, , 19, 6, 
2020/9/5, , 17, 3, 
2020/9/6, , 17, 6, 
2020/9/7, , 15, 5, 
2020/9/8, , 22, 5, 
2020/9/9, , 16, 5, 1
2020/9/10, , 19, 10, 
2020/9/11, , 24, 6, 
2020/9/12, , 30, 3, 
2020/9/13, , 17, 8, 
2020/9/14, , 28, 13, 
2020/9/15, , 46, 11, 1
2020/9/16, , 40, 4, 2
2020/9/17, , 15, 9, 2
2020/9/18, , 20, 6, 
2020/9/19, , 15, 3, 
2020/9/20, , 13, 12, 
2020/9/21, , 33, 15, 
2020/9/22, , 46, 13, 
2020/9/23, , 48, 14, 
2020/9/24, , 43, 10, 
2020/9/25, , 36, 3, 
2020/9/26, , 18, 1, 
2020/9/27, , 27, 4, 
2020/9/28, , 12, 5, 
2020/9/29, , 22, 6, 
2020/9/30, , 26, 1, 
2020/4/1, , 10, 2, 
2020/4/2, , 9, 1, 
2020/4/3, , 23, 4, 4
2020/4/4, , 17, 6, 
2020/4/5, , 25, 11, 1
2020/4/6, , 43, 7, 5
2020/4/7, , 43, 11, 3
2020/4/8, , 36, 9, 8
2020/4/9, , 40, 7, 1
2020/4/10, , 30, 8, 
2020/4/11, , 33, 3, 1
2020/4/12, , 24, 3, 8
2020/4/13, , 20, 6, 6
2020/4/14, , 29, 4, 
2020/4/15, , 26, 4, 4
2020/4/16, , 30, 8, 3
2020/4/17, , 27, 7, 1
2020/4/18, , 28, 2, 
2020/4/19, , 21, 6, 
2020/4/20, , 23, 6, 
2020/4/21, , 17, 8, 
2020/4/22, , 25, 15, 7
2020/4/23, , 40, 8, 
2020/4/24, , 28, 2, 
2020/4/25, , 30, 3, 
2020/4/26, , 25, 9, 
2020/4/27, , 36, 10, 1
2020/4/28, , 38, 1, 
2020/4/29, , 5, 3, 
2020/4/30, , 15, 3, 
2020/5/1, , 14, 3, 
2020/5/2, , 13, 4, 2
2020/5/3, , 16, 7, 
2020/5/4, , 18, 8, 3
2020/5/5, , 12, 3, 2
2020/5/6, , 14, 8, 8
2020/5/7, , 23, 6, 
2020/5/8, , 21, 3, 1
2020/5/9, , 22, 4, 
2020/5/10, , 22, 4, 
2020/5/11, , 14, 4, 4
2020/5/12, , 15, 3, 
2020/5/13, , 15, 8, 
2020/5/14, , 19, 4, 
2020/5/15, , 26, 1, 
2020/5/16, , 15, 1, 
2020/5/17, , 11, 6, 4
2020/5/18, , 11, 6, 4
2020/5/19, , 9, 5, 10
2020/5/20, , 14, 7, 
2020/5/21, , 21, 7, 
2020/5/22, , 19, 7, 
2020/5/23, , 22, 6, 4
2020/5/24, , 15, 4, 1
2020/5/25, , 13, 3, 
2020/5/26, , 11, 9, 1
2020/5/27, , 19, 5, 1
2020/5/28, , 18, 1, 
2020/5/29, , 20, 1, 
2020/5/30, , 15, 2, 
2020/5/31, , 25, 4, 
2020/6/1, , 22, 3, 
2020/6/2, , 12, 5, 
2020/6/3, , 19, 4, 
2020/6/4, , 25, 7, 
2020/6/5, , 12, 3, 
2020/6/6, , 14, 4, 
2020/6/7, , 15, 5, 
2020/6/8, , 10, 5, 
2020/6/9, , 16, 3, 
2020/6/10, , 15, 3, 
2020/6/11, , 17, 5, 
2020/6/12, , 19, 4, 
2020/6/13, , 19, 2, 
2020/6/14, , 18, 5, 
2020/6/15, , 19, 6, 
2020/6/16, , 21, 7, 
2020/6/17, , 29, 4, 1
2020/6/18, , 18, 8, 
2020/6/19, , 20, 5, 
2020/6/20, , 16, 4, 
2020/6/21, , 18, 5, 
2020/6/22, , 18, 4, 
2020/6/23, , 16, 3, 
2020/6/24, , 20, 7, 
2020/6/25, , 24, 6, 
2020/6/26, , 28, 3, 
2020/6/27, , 23, 5, 
2020/6/28, , 29, 7, 
2020/6/29, , 12, 6, 
2020/6/30, , 22, 5, 
2020/1/1, , 14, 11, 
2020/1/2, , 24, 7, 
2020/1/3, , 12, 4, 3
2020/1/4, , 9, 6, 2
2020/1/5, , 16, 3, 
2020/1/6, , 14, 9, 
2020/1/7, , 23, 8, 
2020/1/8, , 13, 10, 1
2020/1/9, , 21, 8, 
2020/1/10, , 18, 3, 
2020/1/11, , 8, 2, 
2020/1/12, , 9, 11, 
2020/1/13, , 19, 9, 
2020/1/14, , 23, 8, 1
2020/1/15, , 19, 13, 1
2020/1/16, , 25, 11, 
2020/1/17, , 26, 7, 
2020/1/18, , 22, 6, 2
2020/1/19, , 20, 9, 
2020/1/20, , 16, 5, 
2020/1/21, , 13, 8, 5
2020/1/22, , 14, 11, 3
2020/1/23, , 17, 5, 
2020/1/24, , 8, 7, 
2020/1/25, , 8, 4, 
2020/1/26, , 7, 7, 
2020/1/27, , 22, 8, 
2020/1/28, , 27, 7, 
2020/1/29, , 8, 7, 
2020/1/30, , 10, 9, 2
2020/1/31, , 10, 5, 
2020/2/1, , 12, 2, 
2020/2/2, , 9, 14, 8
2020/2/3, , 21, 10, 4
2020/2/4, , 15, 4, 
2020/2/5, , 14, 9, 7
2020/2/6, , 13, 10, 
2020/2/7, , 10, 7, 1
2020/2/8, , 26, 4, 1
2020/2/9, , 22, 3, 
2020/2/10, , 8, 5, 
2020/2/11, , 8, 3, 
2020/2/12, , 8, 10, 
2020/2/13, , 21, 13, 1
2020/2/14, , 29, 9, 1
2020/2/15, , 24, 3, 
2020/2/16, , 7, 4, 
2020/2/17, , 12, 5, 
2020/2/18, , 8, 6, 
2020/2/19, , 9, 9, 
2020/2/20, , 13, 7, 4
2020/2/21, , 17, 2, 
2020/2/22, , 8, 1, 
2020/2/23, , 7, 8, 12
2020/2/24, , 15, 9, 
2020/2/25, , 13, 5, 
2020/2/26, , 10, 9, 1
2020/2/27, , 13, 8, 1
2020/2/28, , 13, 5, 
2020/2/29, , 9, 3, 
2020/3/1, , 10, 7, 
2020/3/2, , 14, 7, 
2020/3/3, , 16, 9, 
2020/3/4, , 16, 12, 
2020/3/5, , 17, 5, 
2020/3/6, , 14, 5, 
2020/3/7, , 15, 4, 1
2020/3/8, , 10, 10, 1
2020/3/9, , 20, 8, 
2020/3/10, , 11, 3, 
2020/3/11, , 25, 5, 
2020/3/12, , 12, 4, 
2020/3/13, , 10, 4, 2
2020/3/14, , 12, 5, 1
2020/3/15, , 17, 8, 2
2020/3/16, , 22, 10, 
2020/3/17, , 21, 7, 1
2020/3/18, , 24, 8, 8
2020/3/19, , 14, 6, 
2020/3/20, , 16, 1, 
2020/3/21, , 6, , 
2020/3/22, , 7, 3, 
2020/3/23, , 13, 12, 
2020/3/24, , 35, 16, 1
2020/3/25, , 35, , 
2020/3/26, , 35, 17, 
2020/3/27, , 47, 14, 1
2020/3/28, , 51, 3, 
2020/3/29, , 43, , 
2019/10/1, , 13, 18, 3
2019/10/2, , 20, 13, 3
2019/10/3, , 17, 12, 4
2019/10/4, , 12, 5, 
2019/10/5, , 7, 7, 2
2019/10/6, , 9, 15, 6
2019/10/7, , 24, 14, 1
2019/10/8, , 15, 14, 1
2019/10/9, , 21, 13, 
2019/10/10, , 16, 6, 
2019/10/11, , 15, 6, 1
2019/10/12, , 12, 7, 1
2019/10/13, , 19, 11, 
2019/10/14, , 21, 13, 1
2019/10/15, , 27, 13, 
2019/10/16, , 30, 9, 
2019/10/17, , 21, 11, 1
2019/10/18, , 23, 11, 
2019/10/19, , 28, 7, 
2019/10/20, , 29, 13, 1
2019/10/21, , 35, 15, 1
2019/10/22, , 30, 14, 
2019/10/23, , 26, 12, 
2019/10/24, , 28, 12, 
2019/10/25, , 36, 5, 
2019/10/26, , 19, 4, 1
2019/10/27, , 14, 14, 3
2019/10/28, , 19, 15, 6
2019/10/29, , 22, 15, 5
2019/10/30, , 25, 11, 
2019/10/31, , 17, 3, 1
2019/11/1, , 12, 4, 
2019/11/2, , 19, 7, 1
2019/11/3, , 24, 11, 
2019/11/4, , 20, 12, 1
2019/11/5, , 10, 12, 3
2019/11/6, , 12, 13, 1
2019/11/7, , 23, 10, 1
2019/11/8, , 21, 7, 1
2019/11/9, , 17, 7, 
2019/11/10, , 12, 3, 
2019/11/11, , 12, 11, 1
2019/11/12, , 20, 20, 1
2019/11/13, , 9, 11, 3
2019/11/14, , 21, 1, 1
2019/11/15, , 9, 5, 1
2019/11/16, , 23, 4, 1
2019/11/17, , 15, 5, 1
2019/11/18, , 23, 8, 1
2019/11/19, , 22, 5, 2
2019/11/20, , 31, 2, 1
2019/11/21, , 13, 3, 
2019/11/22, , 16, 3, 1
2019/11/23, , 15, 2, 1
2019/11/24, , 19, 4, 
2019/11/25, , 19, 5, 
2019/11/26, , 18, 8, 1
2019/11/27, , 29, 9, 1
2019/11/28, , 23, 5, 2
2019/11/29, , 16, 9, 23
2019/11/30, , 23, 3, 
2019/12/1, , 7, 10, 6
2019/12/2, , 15, 16, 8
2019/12/3, , 25, 7, 
2019/12/4, , 11, 9, 
2019/12/5, , 19, 9, 1
2019/12/6, , 13, 4, 
2019/12/7, , 14, 2, 
2019/12/8, , 10, 8, 
2019/12/9, , 18, 12, 2
2019/12/10, , 19, 10, 1
2019/12/11, , 20, 9, 1
2019/12/12, , 24, 7, 2
2019/12/13, , 17, 6, 1
2019/12/14, , 20, 3, 
2019/12/15, , 9, 11, 1
2019/12/16, , 20, 11, 1
2019/12/17, , 32, 10, 1
2019/12/18, , 17, 13, 1
2019/12/19, , 25, 14, 2
2019/12/20, , 28, 13, 1
2019/12/21, , 24, 7, 
2019/12/22, , 8, 9, 15
2019/12/23, , 7, 8, 8
2019/12/24, , 9, 7, 4
2019/12/25, , 12, 8, 24
2019/12/26, , 7, 3, 10
2019/12/27, , 6, 2, 
2019/12/28, , 6, 5, 6
2019/12/29, , 6, , 
2019/7/1, , 37, 3, 1
2019/7/2, , 22, 4, 4
2019/7/3, , 28, 3, 1
2019/7/4, , 23, 4, 5
2019/7/5, , 15, 4, 
2019/7/6, , 12, 4, 5
2019/7/7, , 16, 7, 4
2019/7/8, , 13, 5, 2
2019/7/9, , 13, 5, 8
2019/7/10, , 17, 8, 1
2019/7/11, , 24, 6, 
2019/7/12, , 22, 4, 
2019/7/13, , 19, 4, 
2019/7/14, , 17, 8, 
2019/7/15, , 21, 5, 1
2019/7/16, , 18, 4, 
2019/7/17, , 10, 5, 
2019/7/18, , 18, 3, 1
2019/7/19, , 16, 2, 
2019/7/20, , 16, , 1
2019/7/21, , 16, 4, 3
2019/7/22, , 21, 8, 2
2019/7/23, , 14, 6, 
2019/7/24, , 13, 5, 
2019/7/25, , 13, 7, 
2019/7/26, , 18, 1, 
2019/7/27, , 16, 1, 
2019/7/28, , 20, 6, 
2019/7/29, , 32, 3, 
2019/7/30, , 23, 2, 
2019/7/31, , 15, 6, 
2019/8/1, , 19, 3, 
2019/8/2, , 16, 1, 
2019/8/3, , 16, 3, 
2019/8/4, , 21, 6, 
2019/8/5, , 17, 7, 
2019/8/6, , 23, 5, 
2019/8/7, , 20, 4, 
2019/8/8, , 16, 3, 
2019/8/9, , 15, 5, 
2019/8/10, , 20, 2, 
2019/8/11, , 18, 5, 
2019/8/12, , 23, 5, 
2019/8/13, , 24, 4, 
2019/8/14, , 14, 3, 
2019/8/15, , 15, 4, 
2019/8/16, , 25, 4, 
2019/8/17, , 24, 3, 
2019/8/18, , 23, 4, 
2019/8/19, , 21, 6, 
2019/8/20, , 29, 7, 
2019/8/21, , 22, 5, 
2019/8/22, , 17, 8, 
2019/8/23, , 31, 7, 
2019/8/24, , 31, 4, 
2019/8/25, , 16, 3, 
2019/8/26, , 22, 6, 
2019/8/27, , 39, 5, 
2019/8/28, , 42, 6, 1
2019/8/29, , 21, 5, 
2019/8/30, , 27, 5, 
2019/8/31, , 27, 3, 
2019/9/1, , 30, 3, 2
2019/9/2, , 13, 3, 
2019/9/3, , 15, 3, 
2019/9/4, , 19, 3, 1
2019/9/5, , 22, 1, 
2019/9/6, , 17, 2, 
2019/9/7, , 27, , 
2019/9/8, , 12, 1, 
2019/9/9, , 21, , 
2019/9/10, , 8, 1, 
2019/9/11, , 19, 1, 1
2019/9/12, , 21, 1, 3
2019/9/13, , 21, , 6
2019/9/14, , 16, , 
2019/9/15, , 17, , 
2019/9/16, , 29, , 
2019/9/17, , 11, 3, 6
2019/9/18, , 15, 6, 4
2019/9/19, , 13, 7, 2
2019/9/20, , 16, 4, 
2019/9/21, , 10, 3, 
2019/9/22, , 12, 1, 
2019/9/23, , 8, 5, 1
2019/9/24, , 19, 6, 1
2019/9/25, , 30, 14, 1
2019/9/26, , 34, 9, 
2019/9/27, , 28, 5, 
2019/9/28, , 14, 4, 
2019/9/29, , 11, 9, 
2019/9/30, , 10, 10, 
2019/4/1, , 24, 6, 3
2019/4/2, , 45, 5, 2
2019/4/3, , 39, 7, 4
2019/4/4, , 45, 5, 1
2019/4/5, , 45, 10, 1
2019/4/6, , 44, 14, 1
2019/4/7, , 54, 15, 
2019/4/8, , 33, 6, 
2019/4/9, , 20, 4, 
2019/4/10, , 26, 6, 
2019/4/11, , 11, 2, 
2019/4/12, , 11, 1, 
2019/4/13, , 13, 2, 
2019/4/14, , 16, 6, 
2019/4/15, , 19, 6, 1
2019/4/16, , 24, 10, 1
2019/4/17, , 36, 16, 1
2019/4/18, , 37, 11, 
2019/4/19, , 29, 8, 
2019/4/20, , 26, 8, 
2019/4/21, , 27, 4, 
2019/4/22, , 25, 2, 1
2019/4/23, , 44, 4, 2
2019/4/24, , 49, 9, 1
2019/4/25, , 42, 20, 1
2019/4/26, , 58, 13, 1
2019/4/27, , 42, 6, 3
2019/4/28, , 10, 5, 
2019/4/29, , 21, 6, 
2019/4/30, , 24, 6, 
2019/5/1, , 21, 2, 
2019/5/2, , 21, 3, 
2019/5/3, , 13, 3, 
2019/5/4, , 11, 5, 2
2019/5/5, , 16, 11, 
2019/5/6, , 28, 7, 1
2019/5/7, , 29, 10, 1
2019/5/8, , 28, 6, 1
2019/5/9, , 32, 9, 
2019/5/10, , 25, 8, 6
2019/5/11, , 21, 6, 1
2019/5/12, , 22, 4, 3
2019/5/13, , 19, 3, 
2019/5/14, , 25, 5, 
2019/5/15, , 16, 3, 
2019/5/16, , 15, 3, 
2019/5/17, , 11, 11, 
2019/5/18, , 14, 10, 
2019/5/19, , 17, 9, 
2019/5/20, , 21, 7, 
2019/5/21, , 21, 9, 
2019/5/22, , 21, 7, 1
2019/5/23, , 24, 8, 3
2019/5/24, , 27, 6, 2
2019/5/25, , 19, 2, 
2019/5/26, , 15, 7, 
2019/5/27, , 17, 7, 
2019/5/28, , 13, 5, 2
2019/5/29, , 21, 9, 2
2019/5/30, , 25, 8, 2
2019/5/31, , 24, 5, 
2019/6/1, , 15, 4, 
2019/6/2, , 11, 6, 
2019/6/3, , 19, 8, 
2019/6/4, , 23, 7, 
2019/6/5, , 25, 5, 1
2019/6/6, , 29, 9, 
2019/6/7, , 23, 5, 
2019/6/8, , 17, 4, 
2019/6/9, , 19, 6, 
2019/6/10, , 20, 8, 
2019/6/11, , 22, 8, 
2019/6/12, , 35, 12, 1
2019/6/13, , 26, 6, 
2019/6/14, , 14, 5, 
2019/6/15, , 19, 3, 1
2019/6/16, , 12, 5, 2
2019/6/17, , 19, 7, 1
2019/6/18, , 19, 6, 
2019/6/19, , 24, 6, 
2019/6/20, , 34, 10, 1
2019/6/21, , 24, 3, 3
2019/6/22, , 18, 4, 
2019/6/23, , 15, 7, 
2019/6/24, , 21, 5, 
2019/6/25, , 31, 13, 
2019/6/26, , 43, 5, 6
2019/6/27, , 31, 6, 3
2019/6/28, , 28, 4, 2
2019/6/29, , 20, 6, 6
2019/6/30, , 31, 4, 9
2019/1/1, , 8, 2, 1
2019/1/2, , 12, 2, 1
2019/1/3, , 11, 11, 5
2019/1/4, , 10, 2, 3
2019/1/5, , 6, 5, 1
2019/1/6, , 10, 8, 2
2019/1/7, , 13, 7, 1
2019/1/8, , 13, 5, 1
2019/1/9, , 17, 6, 1
2019/1/10, , 18, 11, 2
2019/1/11, , 13, 9, 5
2019/1/12, , 11, 4, 1
2019/1/13, , 5, 5, 5
2019/1/14, , 8, 7, 14
2019/1/15, , 15, 13, 3
2019/1/16, , 13, 5, 1
2019/1/17, , 8, 10, 9
2019/1/18, , 10, 6, 1
2019/1/19, , 12, 6, 2
2019/1/20, , 8, 9, 1
2019/1/21, , 14, 9, 2
2019/1/22, , 35, 8, 3
2019/1/23, , 37, 5, 2
2019/1/24, , 21, 11, 2
2019/1/25, , 18, 7, 3
2019/1/26, , 31, 6, 4
2019/1/27, , 31, 9, 4
2019/1/28, , 32, 12, 3
2019/1/29, , 26, 8, 2
2019/1/30, , 18, 6, 2
2019/1/31, , 18, 6, 2
2019/2/1, , 22, 8, 3
2019/2/2, , 26, 6, 3
2019/2/3, , 10, 8, 3
2019/2/4, , 13, 8, 1
2019/2/5, , 15, 10, 4
2019/2/6, , 13, 9, 2
2019/2/7, , 27, 11, 1
2019/2/8, , 22, 6, 1
2019/2/9, , 18, 3, 1
2019/2/10, , 12, 9, 2
2019/2/11, , 13, 6, 12
2019/2/12, , 9, 9, 8
2019/2/13, , 19, 11, 14
2019/2/14, , 14, 11, 6
2019/2/15, , 17, 9, 2
2019/2/16, , 17, 9, 15
2019/2/17, , 18, 13, 4
2019/2/18, , 24, 10, 1
2019/2/19, , 28, 8, 21
2019/2/20, , 15, 4, 1
2019/2/21, , 8, 4, 
2019/2/22, , 10, 10, 1
2019/2/23, , 20, 10, 22
2019/2/24, , 27, 13, 25
2019/2/25, , 21, 9, 5
2019/2/26, , 20, 14, 2
2019/2/27, , 31, 10, 10
2019/2/28, , 32, 8, 2
2019/3/1, , 25, 7, 1
2019/3/2, , 20, 4, 1
2019/3/3, , 14, 6, 
2019/3/4, , 10, 6, 
2019/3/5, , 9, 7, 
2019/3/6, , 12, 10, 1
2019/3/7, , 22, 5, 
2019/3/8, , 15, 4, 
2019/3/9, , 10, 5, 
2019/3/10, , 12, 8, 4
2019/3/11, , 13, 13, 3
2019/3/12, , 17, 8, 1
2019/3/13, , 13, 7, 1
2019/3/14, , 10, 7, 1
2019/3/15, , 10, 5, 2
2019/3/16, , 13, 3, 1
2019/3/17, , 9, 4, 1
2019/3/18, , 9, 9, 9
2019/3/19, , 17, 7, 1
2019/3/20, , 16, 7, 1
2019/3/21, , 15, 6, 9
2019/3/22, , 12, 9, 11
2019/3/23, , 25, 4, 15
2019/3/24, , 15, 10, 1
2019/3/25, , 20, 6, 2
2019/3/26, , 17, 9, 1
2019/3/27, , 16, 9, 5
2019/3/28, , 19, 5, 2
2019/3/29, , 23, 7, 1
2019/3/30, , 16, 5, 5
2019/3/31, , 19, 7, 1
2018/10/1, , 27, 6, 7
2018/10/2, , 16, 8, 16
2018/10/3, , 15, 10, 3
2018/10/4, , 20, 9, 1
2018/10/5, , 16, 9, 1
2018/10/6, , 26, 8, 5
2018/10/7, , 21, 12, 5
2018/10/8, , 22, 13, 1
2018/10/9, , 24, 12, 1
2018/10/10, , 33, 12, 2
2018/10/11, , 39, 16, 1
2018/10/12, , 44, 12, 1
2018/10/13, , 49, 7, 1
2018/10/14, , 39, 11, 1
2018/10/15, , 39, 15, 1
2018/10/16, , 51, 18, 1
2018/10/17, , 59, 21, 2
2018/10/18, , 71, 13, 
2018/10/19, , 46, 12, 8
2018/10/20, , 31, 6, 1
2018/10/21, , 15, 10, 14
2018/10/22, , 18, 6, 10
2018/10/23, , 10, 6, 12
2018/10/24, , 16, 9, 19
2018/10/25, , 16, 11, 6
2018/10/26, , 16, 4, 5
2018/10/27, , 12, 3, 6
2018/10/28, , 9, , 
2018/10/29, , 6, 4, 2
2018/10/30, , 23, 9, 1
2018/10/31, , 19, 7, 1
2018/11/1, , 31, 12, 1
2018/11/2, , 36, 9, 3
2018/11/3, , 20, 4, 1
2018/11/4, , 25, 4, 
2018/11/5, , 17, 8, 1
2018/11/6, , 31, 8, 1
2018/11/7, , 28, 11, 1
2018/11/8, , 37, 9, 1
2018/11/9, , 28, 7, 1
2018/11/10, , 27, 3, 
2018/11/11, , 23, 5, 1
2018/11/12, , 28, 9, 1
2018/11/13, , 24, 14, 2
2018/11/14, , 17, 13, 1
2018/11/15, , 27, 8, 1
2018/11/16, , 16, 6, 1
2018/11/17, , 23, 3, 3
2018/11/18, , 11, , 1
2018/11/19, , 3, , 1
2018/11/20, , 4, 1, 1
2018/11/21, , 8, 3, 1
2018/11/22, , 14, 4, 1
2018/11/23, , 21, 8, 1
2018/11/24, , 43, 9, 3
2018/11/25, , 46, 11, 1
2018/11/26, , 24, 11, 3
2018/11/27, , 20, 10, 1
2018/11/28, , 16, 3, 1
2018/11/29, , 15, 4, 2
2018/11/30, , 18, 6, 3
2018/12/1, , 26, 6, 2
2018/12/2, , 31, 8, 1
2018/12/3, , 17, 9, 1
2018/12/4, , 20, 15, 5
2018/12/5, , 27, 10, 1
2018/12/6, , 24, 9, 1
2018/12/7, , 14, 3, 
2018/12/8, , 8, 4, 
2018/12/9, , 10, 9, 2
2018/12/10, , 23, 7, 1
2018/12/11, , 15, 4, 1
2018/12/12, , 8, 10, 
2018/12/13, , 15, 6, 1
2018/12/14, , 14, 2, 1
2018/12/15, , 13, 3, 1
2018/12/16, , 10, 9, 2
2018/12/17, , 33, 11, 2
2018/12/18, , 36, 8, 2
2018/12/19, , 31, 7, 2
2018/12/20, , 29, 11, 2
2018/12/21, , 30, 5, 2
2018/12/22, , 11, 6, 6
2018/12/23, , 11, 4, 7
2018/12/24, , 6, 5, 10
2018/12/25, , 10, 6, 14
2018/12/26, , 9, 8, 5
2018/12/27, , 8, 5, 5
2018/12/28, , 7, 6, 5
2018/12/29, , 9, 4, 1
2018/12/30, , 8, , 
2018/7/1, , 26, 4, 1
2018/7/2, , 36, 7, 2
2018/7/3, , 34, 7, 4
2018/7/4, , 69, 8, 2
2018/7/5, , 38, 5, 2
2018/7/6, , 36, 5, 1
2018/7/7, , 39, 3, 1
2018/7/8, , 19, 8, 1
2018/7/9, , 25, 4, 1
2018/7/10, , 17, 5, 1
2018/7/11, , 24, 7, 1
2018/7/12, , 13, 8, 1
2018/7/13, , 11, 5, 1
2018/7/14, , 14, 3, 1
2018/7/15, , 13, 8, 1
2018/7/16, , 27, 9, 1
2018/7/17, , 17, 8, 1
2018/7/18, , 19, 8, 1
2018/7/19, , 34, 7, 2
2018/7/20, , 35, 4, 1
2018/7/21, , 17, 5, 1
2018/7/22, , 22, 12, 1
2018/7/23, , 44, 10, 1
2018/7/24, , 36, 7, 1
2018/7/25, , 38, 8, 1
2018/7/26, , 37, 9, 1
2018/7/27, , 40, 6, 1
2018/7/28, , 25, 7, 1
2018/7/30, , 14, 8, 1
2018/7/31, , 24, 11, 1
2018/8/1, , 26, 13, 1
2018/8/2, , 52, , 
2018/8/16, , 25, 8, 1
2018/8/17, , 19, 8, 4
2018/8/18, , 20, 5, 1
2018/8/19, , 19, 8, 1
2018/8/20, , 29, 8, 2
2018/8/21, , 38, 7, 1
2018/8/22, , 26, 9, 2
2018/8/23, , 28, 16, 3
2018/8/24, , 35, 7, 1
2018/8/25, , 18, 4, 3
2018/8/26, , 14, 7, 1
2018/8/27, , 17, 1, 5
2018/8/28, , 33, 5, 1
2018/8/29, , 24, 9, 2
2018/8/30, , 29, 8, 1
2018/8/31, , 27, 6, 1
2018/9/1, , 21, 5, 1
2018/9/2, , 25, 6, 1
2018/9/3, , 27, 8, 1
2018/9/4, , 35, 8, 1
2018/9/5, , 35, 6, 1
2018/9/6, , 30, 6, 1
2018/9/7, , 44, 7, 7
2018/9/8, , 23, 6, 1
2018/9/9, , 25, 9, 1
2018/9/10, , 31, 8, 4
2018/9/11, , 26, 4, 9
2018/9/12, , 31, 8, 3
2018/9/13, , 30, 10, 2
2018/9/14, , 38, 7, 4
2018/9/15, , 28, 5, 3
2018/9/16, , 14, 9, 2
2018/9/17, , 36, 13, 2
2018/9/18, , 37, 11, 6
2018/9/19, , 34, 12, 1
2018/9/20, , 40, 7, 3
2018/9/21, , 41, 1, 4
2018/9/22, , 12, 4, 1
2018/9/23, , 12, 5, 7
2018/9/24, , 13, 9, 26
2018/9/25, , 20, 4, 2
2018/9/26, , 16, 5, 11
2018/9/27, , 21, 9, 16
2018/9/28, , 18, 11, 8
2018/9/29, , 15, 7, 2
2018/9/30, , 14, 14, 5
2018/4/1, , 9, 4, 16
2018/4/2, , 15, 16, 4
2018/4/3, , 33, 15, 3
2018/4/4, , 36, 14, 2
2018/4/5, , 25, 6, 8
2018/4/6, , 19, 9, 3
2018/4/7, , 27, 6, 3
2018/4/8, , 26, 20, 4
2018/4/9, , 54, 9, 2
2018/4/10, , 32, 6, 2
2018/4/11, , 14, 6, 2
2018/4/12, , 20, 7, 2
2018/4/13, , 31, 6, 2
2018/4/14, , 32, 9, 2
2018/4/15, , 25, 20, 4
2018/4/16, , 45, 6, 6
2018/4/17, , 14, 10, 18
2018/4/18, , 27, 9, 5
2018/4/19, , 16, 10, 2
2018/4/20, , 26, 4, 18
2018/4/21, , 32, 5, 15
2018/4/22, , 13, 11, 7
2018/4/23, , 24, 4, 2
2018/4/24, , 16, 8, 3
2018/4/25, , 18, 6, 1
2018/4/26, , 14, 8, 1
2018/4/27, , 19, 12, 2
2018/4/28, , 26, 14, 3
2018/4/29, , 27, 8, 2
2018/4/30, , 28, 4, 1
2018/5/1, , 17, 6, 1
2018/5/2, , 17, 5, 3
2018/5/3, , 17, 6, 1
2018/5/4, , 14, 8, 2
2018/5/5, , 18, 7, 3
2018/5/6, , 15, 8, 1
2018/5/7, , 20, 11, 1
2018/5/8, , 30, 8, 1
2018/5/9, , 27, 8, 2
2018/5/10, , 42, 10, 2
2018/5/11, , 34, 8, 1
2018/5/12, , 13, 6, 1
2018/5/13, , 23, 6, 1
2018/5/14, , 27, 6, 2
2018/5/15, , 22, 6, 1
2018/5/16, , 20, 4, 1
2018/5/17, , 17, 3, 1
2018/5/18, , 16, 2, 1
2018/5/19, , 16, 5, 1
2018/5/20, , 11, 8, 1
2018/5/21, , 14, 6, 1
2018/5/22, , 16, 9, 1
2018/5/23, , 21, 7, 1
2018/5/24, , 23, 6, 2
2018/5/25, , 30, 6, 1
2018/5/26, , 14, 3, 1
2018/5/27, , 17, 8, 1
2018/5/28, , 25, 12, 2
2018/5/29, , 39, 9, 1
2018/5/30, , 50, 3, 1
2018/5/31, , 23, 6, 2
2018/6/1, , 35, 6, 3
2018/6/2, , 32, 7, 8
2018/6/3, , 33, 5, 4
2018/6/4, , 45, 1, 2
2018/6/5, , 15, 4, 1
2018/6/6, , 27, 7, 1
2018/6/7, , 30, 9, 2
2018/6/8, , 39, 5, 2
2018/6/9, , 27, 4, 1
2018/6/10, , 35, 9, 5
2018/6/11, , 31, 6, 4
2018/6/12, , 26, 7, 5
2018/6/13, , 24, 6, 2
2018/6/14, , 18, 12, 1
2018/6/15, , 27, , 
2018/6/29, , 33, 1, 1
2018/6/30, , 46, 1, 1
2018/1/1, , 13, 11, 2
2018/1/2, , 29, 6, 1
2018/1/3, , 10, 8, 1
2018/1/4, , 11, 7, 1
2018/1/5, , 10, 6, 1
2018/1/8, , 25, 12, 3
2018/1/9, , 29, 6, 2
2018/1/10, , 14, 3, 1
2018/1/11, , 12, 2, 1
2018/1/12, , 10, 2, 2
2018/1/13, , 11, 2, 1
2018/1/14, , 14, 4, 2
2018/1/15, , 23, 5, 2
2018/1/16, , 28, 12, 2
2018/1/17, , 24, 7, 1
2018/1/18, , 10, 11, 9
2018/1/19, , 15, 11, 3
2018/1/20, , 25, 7, 3
2018/1/21, , 27, 6, 2
2018/1/22, , 20, 13, 3
2018/1/23, , 29, 11, 3
2018/1/24, , 24, 12, 3
2018/1/25, , 21, 14, 2
2018/1/26, , 27, 9, 3
2018/1/27, , 22, 2, 1
2018/1/28, , 12, 5, 1
2018/1/29, , 7, 9, 9
2018/1/30, , 8, 8, 2
2018/1/31, , 13, 14, 3
2018/2/1, , 24, 13, 3
2018/2/2, , 34, 9, 3
2018/2/3, , 30, 2, 1
2018/2/4, , 9, 7, 4
2018/2/5, , 9, 12, 6
2018/2/6, , 13, 20, 4
2018/2/7, , 40, 28, 5
2018/2/8, , 68, 25, 7
2018/2/9, , 60, 5, 2
2018/2/10, , 25, 5, 4
2018/2/11, , 40, 11, 3
2018/2/12, , 24, 14, 4
2018/2/13, , 23, 15, 3
2018/2/14, , 26, 12, 2
2018/2/15, , 25, 9, 3
2018/2/16, , 27, 7, 12
2018/2/17, , 9, 9, 5
2018/2/18, , 16, 10, 3
2018/2/19, , 20, 6, 2
2018/2/20, , 19, 6, 2
2018/2/21, , 10, 2, 2
2018/2/22, , 12, 10, 4
2018/2/23, , 22, 1, 1
2018/2/24, , 20, 5, 3
2018/2/25, , 13, 12, 5
2018/2/26, , 18, 3, 3
2018/2/27, , 11, 2, 2
2018/2/28, , 10, 3, 3
2018/3/1, , 10, 6, 5
2018/3/2, , 17, 6, 4
2018/3/3, , 18, 6, 4
2018/3/4, , 25, 14, 7
2018/3/5, , 47, 15, 5
2018/3/6, , 52, 5, 2
2018/3/7, , 32, 14, 3
2018/3/8, , 32, 9, 2
2018/3/9, , 11, 5, 3
2018/3/10, , 12, 6, 2
2018/3/11, , 21, 12, 3
2018/3/12, , 31, 9, 2
2018/3/13, , 13, 6, 6
2018/3/14, , 7, 1, 1
2018/3/15, , 6, 1, 2
2018/3/16, , 15, 1, 2
2018/3/17, , 14, 1, 2
2018/3/18, , 11, 15, 7
2018/3/19, , 36, 13, 6
2018/3/20, , 35, 8, 5
2018/3/21, , 18, 7, 2
2018/3/22, , 14, 8, 2
2018/3/23, , 21, 12, 3
2018/3/24, , 35, 8, 3
2018/3/25, , 36, 14, 8
2018/3/26, , 37, 2, 2
2018/3/27, , 9, 1, 2
2018/3/28, , 12, 4, 2
2018/3/29, , 14, 8, 12
2018/3/30, , 13, 3, 2
2018/3/31, , 8, 3, 2
2017/10/1, , 27, 8, 2
2017/10/2, , 39, 9, 1
2017/10/3, , 22, 4, 2
2017/10/4, , 10, 7, 6
2017/10/5, , 11, 8, 11
2017/10/6, , 19, 4, 1
2017/10/7, , 22, 4, 11
2017/10/8, , 7, 7, 3
2017/10/9, , 14, 8, 3
2017/10/10, , 15, 9, 2
2017/10/11, , 23, 5, 1
2017/10/12, , 20, 4, 1
2017/10/13, , 17, 4, 1
2017/10/14, , 13, 5, 4
2017/10/15, , 17, 8, 2
2017/10/16, , 26, 11, 2
2017/10/17, , 36, 10, 3
2017/10/18, , 21, 5, 1
2017/10/19, , 14, 10, 1
2017/10/20, , 28, 5, 1
2017/10/21, , 34, 3, 1
2017/10/22, , 12, 8, 2
2017/10/23, , 12, 4, 1
2017/10/24, , 15, 10, 2
2017/10/25, , 15, 9, 3
2017/10/26, , 11, 9, 2
2017/10/27, , 7, 6, 1
2017/10/28, , 6, 2, 1
2017/10/29, , 8, 3, 1
2017/10/30, , 9, 14, 16
2017/10/31, , 18, 6, 1
2017/11/1, , 7, 10, 4
2017/11/2, , 11, 12, 3
2017/11/3, , 15, 7, 2
2017/11/4, , 20, 7, 2
2017/11/5, , 28, 14, 8
2017/11/6, , 25, 11, 2
2017/11/7, , 21, 4, 1
2017/11/8, , 17, 7, 1
2017/11/9, , 24, 7, 1
2017/11/10, , 14, 2, 
2017/11/11, , 5, 4, 
2017/11/12, , 10, 13, 10
2017/11/13, , 21, 9, 6
2017/11/14, , 16, 9, 1
2017/11/15, , 12, 13, 1
2017/11/16, , 21, 11, 4
2017/11/17, , 22, 5, 1
2017/11/18, , 11, 2, 
2017/11/19, , 5, 8, 10
2017/11/20, , 11, 14, 4
2017/11/21, , 23, 8, 1
2017/11/22, , 19, 11, 2
2017/11/23, , 24, 11, 3
2017/11/24, , 21, 8, 2
2017/11/25, , 9, 4, 2
2017/11/26, , 9, 7, 1
2017/11/27, , 12, 8, 1
2017/11/28, , 12, 10, 2
2017/11/29, , 21, 7, 1
2017/11/30, , 15, 7, 11
2017/12/1, , 7, 11, 4
2017/12/2, , 20, 5, 2
2017/12/3, , 11, 9, 13
2017/12/4, , 14, 9, 3
2017/12/5, , 9, 9, 7
2017/12/6, , 7, 6, 1
2017/12/7, , 8, 8, 1
2017/12/8, , 9, 4, 1
2017/12/9, , 10, 4, 1
2017/12/10, , 8, 9, 4
2017/12/11, , 14, 8, 2
2017/12/12, , 15, 7, 1
2017/12/13, , 11, 9, 2
2017/12/14, , 13, 14, 2
2017/12/15, , 19, 10, 2
2017/12/16, , 17, 10, 2
2017/12/17, , 24, 14, 3
2017/12/18, , 28, 15, 3
2017/12/19, , 34, 16, 4
2017/12/20, , 37, 9, 3
2017/12/21, , 11, 8, 11
2017/12/22, , 12, 5, 2
2017/12/23, , 6, 4, 5
2017/12/24, , 8, 3, 2
2017/12/25, , 5, 3, 1
2017/12/26, , 10, 8, 2
2017/12/27, , 16, 15, 4
2017/12/28, , 39, 11, 2
2017/12/29, , 15, 6, 2
2017/12/30, , 19, , 
2017/7/1, , 8, 3, 12
2017/7/2, , 15, 4, 3
2017/7/3, , 15, 4, 3
2017/7/4, , 12, 4, 6
2017/7/5, , 15, 7, 4
2017/7/6, , 13, 8, 1
2017/7/7, , 15, 9, 2
2017/7/8, , 17, 3, 3
2017/7/9, , 11, 5, 1
2017/7/10, , 15, 7, 7
2017/7/11, , 12, 6, 1
2017/7/12, , 15, 3, 4
2017/7/13, , 18, 4, 5
2017/7/14, , 20, 6, 8
2017/7/15, , 29, 5, 5
2017/7/16, , 17, 3, 9
2017/7/17, , 17, 4, 9
2017/7/18, , 17, 6, 2
2017/7/19, , 20, 1, 
2017/7/20, , 14, 1, 
2017/7/21, , 9, 1, 
2017/7/22, , 9, 2, 
2017/7/23, , 11, 7, 2
2017/7/24, , 16, 3, 
2017/7/25, , 11, 4, 
2017/7/26, , 11, 10, 5
2017/7/27, , 11, 8, 1
2017/7/28, , 16, 6, 6
2017/7/29, , 15, 5, 2
2017/7/30, , 22, 6, 2
2017/7/31, , 16, 7, 
2017/8/1, , 20, 5, 1
2017/8/2, , 22, 9, 
2017/8/3, , 19, 5, 2
2017/8/4, , 15, 3, 1
2017/8/5, , 17, 3, 1
2017/8/6, , 17, 4, 1
2017/8/7, , 21, 5, 1
2017/8/8, , 24, 6, 1
2017/8/9, , 29, 11, 1
2017/8/10, , 24, 9, 1
2017/8/11, , 25, 3, 1
2017/8/12, , 12, 3, 3
2017/8/13, , 12, 3, 2
2017/8/14, , 12, 4, 1
2017/8/15, , 17, 9, 6
2017/8/16, , 23, 7, 3
2017/8/17, , 14, 7, 1
2017/8/18, , 22, 5, 1
2017/8/19, , 12, 4, 1
2017/8/20, , 13, 6, 
2017/8/21, , 10, 11, 15
2017/8/22, , 21, 9, 18
2017/8/23, , 25, 7, 20
2017/8/24, , 22, 7, 1
2017/8/25, , 22, 3, 1
2017/8/26, , 12, 4, 4
2017/8/27, , 10, 6, 10
2017/8/28, , 13, 9, 1
2017/8/29, , 15, 8, 2
2017/8/30, , 20, 9, 1
2017/8/31, , 28, 5, 3
2017/9/1, , 13, 2, 4
2017/9/2, , 6, 3, 6
2017/9/3, , 7, 7, 9
2017/9/4, , 11, 4, 2
2017/9/5, , 14, 4, 2
2017/9/6, , 20, , 
2017/9/11, , 23, 8, 1
2017/9/12, , 23, 6, 1
2017/9/13, , 18, 4, 1
2017/9/14, , 14, 6, 1
2017/9/15, , 13, 5, 1
2017/9/16, , 15, 3, 4
2017/9/17, , 11, 5, 2
2017/9/18, , 10, 7, 1
2017/9/19, , 19, 10, 1
2017/9/20, , 28, 7, 1
2017/9/21, , 23, 6, 1
2017/9/22, , 11, 5, 1
2017/9/23, , 20, 2, 1
2017/9/24, , 22, 2, 1
2017/9/25, , 24, 4, 1
2017/9/26, , 29, 4, 1
2017/9/27, , 22, 3, 1
2017/9/28, , 20, 6, 2
2017/9/29, , 23, 5, 3
2017/9/30, , 24, 4, 3
2017/4/1, , 36, 9, 3
2017/4/2, , 21, 10, 5
2017/4/3, , 15, 7, 2
2017/4/4, , 9, 16, 4
2017/4/5, , 23, 5, 5
2017/4/6, , 12, 6, 2
2017/4/7, , 11, 4, 3
2017/4/8, , 12, 3, 1
2017/4/9, , 11, 7, 3
2017/4/10, , 31, 3, 2
2017/4/11, , 20, 5, 
2017/4/12, , 14, 5, 3
2017/4/13, , 10, 6, 6
2017/4/14, , 14, 3, 1
2017/4/15, , 9, 1, 1
2017/4/16, , 8, 3, 1
2017/4/17, , 12, , 1
2017/4/18, , 9, 2, 1
2017/4/19, , 8, 6, 2
2017/4/20, , 15, 4, 1
2017/4/21, , 16, 3, 3
2017/4/22, , 11, 4, 7
2017/4/23, , 11, 4, 1
2017/4/24, , 12, 9, 2
2017/4/25, , 15, 4, 1
2017/4/26, , 14, 15, 4
2017/4/27, , 22, 10, 1
2017/4/28, , 18, 2, 1
2017/4/29, , 8, 2, 1
2017/4/30, , 10, 1, 1
2017/5/1, , 10, 1, 1
2017/5/2, , 11, 3, 1
2017/5/3, , 11, 1, 1
2017/5/4, , 16, 4, 1
2017/5/5, , 15, 9, 1
2017/5/6, , 22, 2, 1
2017/5/7, , 12, 1, 1
2017/5/8, , 18, 3, 1
2017/5/9, , 15, 5, 1
2017/5/10, , 12, 2, 1
2017/5/11, , 9, 2, 1
2017/5/12, , 11, 8, 1
2017/5/13, , 18, 6, 1
2017/5/14, , 22, 7, 2
2017/5/15, , 19, 7, 1
2017/5/16, , 15, 10, 1
2017/5/17, , 29, 10, 1
2017/5/18, , 29, 8, 1
2017/5/19, , 29, 7, 1
2017/5/20, , 34, 3, 1
2017/5/21, , 21, 3, 
2017/5/22, , 26, 8, 1
2017/5/23, , 29, 9, 1
2017/5/24, , 30, 9, 1
2017/5/25, , 36, 5, 1
2017/5/26, , 33, 6, 1
2017/5/27, , 28, 7, 1
2017/5/28, , 28, 5, 1
2017/5/29, , 25, 5, 1
2017/5/30, , 25, 4, 
2017/5/31, , 55, 4, 2
2017/6/1, , 27, 5, 3
2017/6/2, , 22, 3, 1
2017/6/3, , 17, 5, 1
2017/6/4, , 24, 4, 5
2017/6/5, , 10, 4, 1
2017/6/6, , 16, 4, 1
2017/6/7, , 16, 6, 1
2017/6/8, , 21, 7, 1
2017/6/9, , 19, 8, 6
2017/6/10, , 15, 4, 2
2017/6/11, , 15, 6, 2
2017/6/12, , 16, 4, 1
2017/6/13, , 20, 4, 14
2017/6/14, , 16, 4, 6
2017/6/15, , 11, 7, 4
2017/6/16, , 15, 5, 1
2017/6/17, , 14, 3, 5
2017/6/18, , 13, 4, 6
2017/6/19, , 19, 7, 7
2017/6/20, , 24, 5, 5
2017/6/21, , 21, 4, 1
2017/6/22, , 15, 10, 1
2017/6/23, , 19, 4, 1
2017/6/24, , 14, 2, 1
2017/6/25, , 11, 3, 1
2017/6/26, , 19, 3, 1
2017/6/27, , 16, 1, 1
2017/6/28, , 11, 2, 1
2017/6/29, , 13, 4, 1
2017/6/30, , 11, 3, 1
2017/1/3, , 7, 3, 1
2017/1/4, , 10, 5, 1
2017/1/5, , 12, 9, 5
2017/1/6, , 28, 9, 4
2017/1/7, , 22, 10, 5
2017/1/8, , 33, 11, 4
2017/1/9, , 32, 13, 8
2017/1/10, , 42, 12, 8
2017/1/11, , 32, 7, 3
2017/1/12, , 9, 9, 2
2017/1/13, , 21, 11, 7
2017/1/14, , 15, 8, 4
2017/1/15, , 18, 11, 2
2017/1/16, , 25, 22, 4
2017/1/17, , 39, 14, 3
2017/1/18, , 18, 8, 1
2017/1/19, , 12, 13, 6
2017/1/20, , 11, 9, 8
2017/1/21, , 13, 3, 2
2017/1/22, , 12, 8, 5
2017/1/23, , 38, 11, 10
2017/1/24, , 20, 16, 6
2017/1/25, , 25, 10, 3
2017/1/26, , 17, 14, 4
2017/1/27, , 37, 15, 7
2017/1/28, , 70, 7, 7
2017/1/29, , 53, 11, 8
2017/1/30, , 66, 9, 6
2017/1/31, , 42, 10, 3
2017/2/1, , 46, 12, 5
2017/2/2, , 49, 10, 3
2017/2/3, , 40, 3, 1
2017/2/4, , 23, 2, 1
2017/2/5, , 15, 3, 1
2017/2/6, , 15, 2, 1
2017/2/7, , 14, 3, 2
2017/2/8, , 11, 5, 4
2017/2/9, , 15, 4, 5
2017/2/10, , 16, 3, 4
2017/2/11, , 13, 3, 3
2017/2/12, , 12, 8, 4
2017/2/13, , 24, 20, 6
2017/2/14, , 53, 19, 6
2017/2/15, , 60, 19, 7
2017/2/16, , 52, 14, 5
2017/2/17, , 17, 7, 10
2017/2/18, , 8, 4, 2
2017/2/19, , 10, 5, 2
2017/2/20, , 6, 6, 8
2017/2/21, , 14, 6, 2
2017/2/22, , 16, 6, 2
2017/2/23, , 26, 5, 2
2017/2/24, , 23, 8, 7
2017/2/25, , 15, 3, 2
2017/2/26, , 5, 9, 2
2017/2/27, , 18, 10, 3
2017/2/28, , 25, 12, 2
2017/3/1, , 25, 11, 3
2017/3/2, , 14, 11, 3
2017/3/3, , 23, 8, 4
2017/3/4, , 29, 10, 2
2017/3/5, , 30, 9, 2
2017/3/6, , 14, 6, 4
2017/3/7, , 8, 7, 2
2017/3/8, , 19, 12, 4
2017/3/9, , 37, 11, 3
2017/3/10, , 24, 5, 4
2017/3/11, , 7, 2, 2
2017/3/12, , 4, 3, 2
2017/3/13, , 10, 12, 3
2017/3/14, , 34, 4, 3
2017/3/15, , 27, 7, 7
2017/3/16, , 24, 5, 2
2017/3/17, , 17, 5, 5
2017/3/18, , 9, 1, 3
2017/3/19, , 7, 9, 3
2017/3/20, , 16, 6, 3
2017/3/21, , 10, 7, 6
2017/3/22, , 22, 11, 3
2017/3/23, , 37, 10, 2
2017/3/24, , 22, 6, 4
2017/3/25, , 13, 4, 1
2017/3/26, , 12, 7, 13
2017/3/27, , 25, 6, 3
2017/3/28, , 13, 10, 6
2017/3/29, , 19, 6, 2
2017/3/30, , 14, 7, 1
2017/3/31, , 15, 12, 1
2016/10/1, , 21, 4, 1
2016/10/2, , 17, 7, 2
2016/10/3, , 18, 1, 1
2016/10/4, , 12, 1, 2
2016/10/5, , 13, , 1
2016/10/6, , 10, 5, 4
2016/10/7, , 11, 2, 3
2016/10/8, , 8, 1, 2
2016/10/9, , 10, 5, 5
2016/10/10, , 12, , 2
2016/10/11, , 8, 1, 2
2016/10/12, , 9, 1, 2
2016/10/13, , 10, 4, 3
2016/10/14, , 12, 2, 2
2016/10/15, , 10, 2, 2
2016/10/16, , 11, 6, 3
2016/10/17, , 16, 8, 4
2016/10/18, , 24, 7, 4
2016/10/19, , 29, 5, 2
2016/10/20, , 20, 3, 1
2016/10/21, , 21, 3, 
2016/10/22, , 11, 5, 2
2016/10/23, , 26, 4, 2
2016/10/24, , 16, 8, 4
2016/10/25, , 16, 12, 8
2016/10/26, , 24, 11, 4
2016/10/27, , 24, 10, 5
2016/10/28, , 16, 5, 8
2016/10/29, , 12, 4, 6
2016/10/30, , 9, 13, 8
2016/10/31, , 13, 6, 4
2016/11/1, , 9, 4, 4
2016/11/2, , 7, 6, 5
2016/11/3, , 10, 9, 
2016/11/4, , 18, 7, 1
2016/11/5, , 22, 5, 1
2016/11/6, , 16, 6, 1
2016/11/7, , 7, 10, 2
2016/11/8, , 18, 9, 1
2016/11/9, , 31, 13, 2
2016/11/10, , 36, 6, 1
2016/11/11, , 19, 9, 3
2016/11/12, , 14, 7, 2
2016/11/13, , 21, 8, 1
2016/11/14, , 18, 8, 1
2016/11/15, , 17, 11, 
2016/11/16, , 16, 10, 
2016/11/17, , 14, 6, 
2016/11/18, , 14, 8, 
2016/11/19, , 20, 4, 
2016/11/20, , 12, 9, 2
2016/11/21, , 29, 8, 1
2016/11/22, , 21, 9, 1
2016/11/23, , 30, 10, 1
2016/11/24, , 27, 13, 2
2016/11/25, , 28, 3, 
2016/11/26, , 5, 3, 3
2016/11/27, , 9, 3, 3
2016/11/28, , 11, 12, 4
2016/11/29, , 16, 7, 4
2016/11/30, , 9, 17, 2
2016/12/1, , 21, 6, 1
2016/12/2, , 7, 6, 9
2016/12/3, , 11, 9, 3
2016/12/4, , 16, 5, 1
2016/12/5, , 8, 9, 1
2016/12/6, , 8, 13, 2
2016/12/7, , 13, 4, 1
2016/12/8, , 9, 6, 5
2016/12/9, , 11, 6, 6
2016/12/10, , 8, 4, 4
2016/12/11, , 9, 6, 1
2016/12/12, , 13, 8, 1
2016/12/13, , 16, 4, 1
2016/12/14, , 8, 8, 1
2016/12/15, , 18, 5, 1
2016/12/16, , 16, 6, 2
2016/12/17, , 25, 7, 4
2016/12/18, , 18, 8, 3
2016/12/19, , 11, 7, 7
2016/12/20, , 16, 9, 2
2016/12/21, , 34, 9, 2
2016/12/22, , 29, 7, 1
2016/12/23, , 12, 3, 1
2016/12/24, , 10, 2, 1
2016/12/25, , 10, 1, 1
2016/12/26, , 6, 2, 1
2016/12/27, , 10, 2, 1
2016/12/28, , 12, 13, 3
2016/12/29, , 27, 10, 2
2016/12/30, , 22, 5, 1
2016/12/31, , 16, 3, 1
2017/1/1, , 7, , 
2016/7/1, , 21, 9, 3
2016/7/2, , 27, 4, 4
2016/7/3, , 12, 5, 3
2016/7/4, , 16, 7, 3
2016/7/5, , 20, 6, 3
2016/7/6, , 14, 5, 9
2016/7/7, , 13, 6, 1
2016/7/8, , 16, 3, 3
2016/7/9, , 12, 4, 4
2016/7/10, , 16, 7, 3
2016/7/11, , 21, 7, 3
2016/7/12, , 20, 7, 3
2016/7/13, , 16, 5, 5
2016/7/14, , 9, 3, 10
2016/7/15, , 9, 3, 4
2016/7/16, , 12, 6, 3
2016/7/17, , 19, 8, 7
2016/7/18, , 25, 5, 3
2016/7/19, , 26, 7, 6
2016/7/20, , 24, 7, 2
2016/7/21, , 20, 6, 2
2016/7/22, , 19, 2, 2
2016/7/23, , 22, 3, 2
2016/7/24, , 21, 6, 2
2016/7/25, , 32, 10, 2
2016/7/26, , 38, 4, 1
2016/7/27, , 29, 8, 2
2016/7/28, , 20, 6, 1
2016/7/29, , 27, 6, 1
2016/7/30, , 20, 2, 1
2016/7/31, , 10, 4, 2
2016/8/1, , 13, 7, 1
2016/8/2, , 15, 6, 1
2016/8/3, , 20, 4, 
2016/8/4, , 16, 8, 1
2016/8/5, , 16, 5, 3
2016/8/6, , 15, 2, 1
2016/8/7, , 10, 6, 1
2016/8/8, , 21, 5, 2
2016/8/9, , 16, 8, 1
2016/8/10, , 21, 4, 1
2016/8/11, , 16, 6, 
2016/8/12, , 18, 4, 1
2016/8/13, , 17, 3, 2
2016/8/14, , 10, 2, 3
2016/8/15, , 13, 7, 5
2016/8/16, , 21, 10, 5
2016/8/17, , 18, 6, 
2016/8/18, , 11, 5, 
2016/8/19, , 17, 6, 1
2016/8/20, , 26, 6, 1
2016/8/21, , 21, 8, 3
2016/8/22, , 20, 7, 4
2016/8/23, , 17, 4, 2
2016/8/24, , 11, 11, 
2016/8/25, , 25, 8, 1
2016/8/26, , 27, 4, 
2016/8/27, , 20, 5, 
2016/8/28, , 25, 6, 1
2016/8/29, , 21, 4, 2
2016/8/30, , 20, 3, 
2016/8/31, , 19, 7, 2
2016/9/1, , 30, 6, 2
2016/9/2, , 17, 5, 2
2016/9/3, , 17, 2, 1
2016/9/4, , 7, 1, 1
2016/9/5, , 10, 3, 1
2016/9/6, , 10, 7, 2
2016/9/7, , 28, 7, 2
2016/9/8, , 25, 9, 2
2016/9/9, , 29, 6, 2
2016/9/10, , 29, 2, 1
2016/9/11, , 20, 7, 1
2016/9/12, , 28, 5, 1
2016/9/13, , 21, 5, 1
2016/9/14, , 33, 8, 1
2016/9/15, , 29, 6, 
2016/9/16, , 44, , 
2016/9/17, , 22, , 
2016/9/18, , 21, 4, 
2016/9/19, , 41, 8, 
2016/9/20, , 22, 5, 
2016/9/21, , 17, 9, 1
2016/9/22, , 15, 13, 7
2016/9/23, , 24, 5, 2
2016/9/24, , 19, 4, 
2016/9/25, , 21, 7, 3
2016/9/26, , 20, 11, 4
2016/9/27, , 30, 10, 2
2016/9/28, , 28, 6, 2
2016/9/29, , 21, 7, 1
2016/9/30, , 21, 5, 1
2016/4/1, , 23, 10, 5
2016/4/2, , 25, 8, 4
2016/4/3, , 28, 15, 5
2016/4/4, , 39, 22, 3
2016/4/5, , 54, 9, 1
2016/4/6, , 23, 8, 1
2016/4/7, , 16, 9, 2
2016/4/8, , 19, 11, 3
2016/4/9, , 29, 3, 2
2016/4/10, , 11, 3, 2
2016/4/11, , 15, 8, 2
2016/4/12, , 25, 12, 2
2016/4/13, , 17, 6, 2
2016/4/14, , 13, 6, 3
2016/4/15, , 22, 5, 2
2016/4/16, , 22, 5, 3
2016/4/17, , 11, 3, 2
2016/4/18, , 13, 3, 2
2016/4/19, , 20, 6, 6
2016/4/20, , 24, 7, 3
2016/4/21, , 24, 5, 7
2016/4/22, , 25, 4, 2
2016/4/23, , 17, 5, 6
2016/4/24, , 11, 8, 2
2016/4/25, , 24, 7, 2
2016/4/26, , 26, 6, 4
2016/4/27, , 19, 9, 2
2016/4/28, , 27, 5, 3
2016/4/29, , 18, 6, 3
2016/4/30, , 18, 4, 2
2016/5/1, , 13, 5, 2
2016/5/2, , 17, 5, 3
2016/5/3, , 18, 6, 3
2016/5/4, , 31, 6, 4
2016/5/5, , 32, 8, 3
2016/5/6, , 25, 11, 3
2016/5/7, , 35, 7, 2
2016/5/8, , 30, 9, 2
2016/5/9, , 40, 10, 2
2016/5/10, , 38, 11, 2
2016/5/11, , 36, 4, 2
2016/5/12, , 23, 5, 2
2016/5/13, , 12, 3, 2
2016/5/14, , 14, 1, 2
2016/5/15, , 10, 3, 2
2016/5/16, , 8, 5, 3
2016/5/17, , 10, 8, 3
2016/5/18, , 14, 9, 3
2016/5/19, , 20, 12, 3
2016/5/20, , 31, 4, 3
2016/5/21, , 17, 4, 2
2016/5/22, , 21, 5, 3
2016/5/23, , 17, 3, 1
2016/5/24, , 23, 6, 2
2016/5/25, , 32, 1, 
2016/5/26, , 11, 3, 2
2016/5/27, , 15, , 2
2016/5/28, , 18, , 1
2016/5/29, , 18, , 1
2016/5/30, , 17, , 1
2016/5/31, , 19, , 1
2016/6/1, , 17, , 
2016/6/2, , 15, , 1
2016/6/3, , 25, , 1
2016/6/4, , 14, , 1
2016/6/5, , 11, , 1
2016/6/6, , 14, , 1
2016/6/7, , 15, , 2
2016/6/8, , 29, , 1
2016/6/9, , 17, 2, 2
2016/6/10, , 24, 2, 13
2016/6/11, , 15, 3, 1
2016/6/12, , 18, 1, 1
2016/6/13, , 11, 2, 1
2016/6/14, , 14, 7, 1
2016/6/15, , 23, 6, 1
2016/6/16, , 15, 8, 
2016/6/17, , 18, 3, 2
2016/6/18, , 13, 5, 5
2016/6/19, , 18, 5, 6
2016/6/20, , 16, 6, 6
2016/6/21, , 19, 7, 4
2016/6/22, , 17, 11, 1
2016/6/23, , 22, 8, 2
2016/6/24, , 28, 9, 2
2016/6/25, , 36, 4, 8
2016/6/26, , 18, 6, 4
2016/6/27, , 16, 9, 1
2016/6/28, , 24, 6, 2
2016/6/29, , 16, 9, 1
2016/6/30, , 23, 9, 1
2016/1/4, , 25, 10, 5
2016/1/5, , 49, 9, 14
2016/1/6, , 47, 3, 8
2016/1/7, , 19, 8, 6
2016/1/8, , 35, 12, 9
2016/1/9, , 40, 5, 5
2016/1/10, , 17, 10, 2
2016/1/11, , 27, 13, 6
2016/1/12, , 20, 9, 10
2016/1/13, , 10, 12, 10
2016/1/14, , 22, 13, 4
2016/1/15, , 28, 8, 8
2016/1/16, , 10, 9, 14
2016/1/17, , 13, 16, 3
2016/1/18, , 25, 10, 5
2016/1/19, , 15, 12, 25
2016/1/20, , 17, 16, 32
2016/1/21, , 14, 21, 24
2016/1/22, , 26, 15, 10
2016/1/23, , 45, 10, 9
2016/1/24, , 29, 11, 8
2016/1/25, , 20, 8, 4
2016/1/26, , 13, 8, 3
2016/1/27, , 9, 3, 1
2016/1/28, , 9, 5, 2
2016/1/29, , 12, 3, 2
2016/1/30, , 5, 3, 2
2016/1/31, , 8, 7, 5
2016/2/1, , 10, 4, 1
2016/2/2, , 9, 3, 1
2016/2/3, , 10, 7, 2
2016/2/4, , 10, 10, 3
2016/2/5, , 18, 6, 2
2016/2/6, , 19, 5, 3
2016/2/7, , 20, 6, 5
2016/2/8, , 19, 5, 3
2016/2/9, , 12, 8, 3
2016/2/10, , 14, 14, 11
2016/2/11, , 25, 8, 4
2016/2/12, , 12, 7, 4
2016/2/13, , 23, 3, 2
2016/2/14, , 14, 8, 3
2016/2/15, , 14, 5, 4
2016/2/16, , 13, 8, 3
2016/2/17, , 32, 9, 4
2016/2/18, , 22, 9, 6
2016/2/19, , 20, 6, 4
2016/2/20, , 19, 3, 4
2016/2/21, , 8, 5, 4
2016/2/22, , 9, 5, 3
2016/2/23, , 11, 6, 1
2016/2/24, , 10, 7, 2
2016/2/25, , 14, 9, 5
2016/2/26, , 20, 9, 3
2016/2/27, , 25, 7, 4
2016/2/28, , 28, 3, 3
2016/2/29, , 7, 5, 1
2016/3/1, , 13, 10, 2
2016/3/2, , 30, 8, 2
2016/3/3, , 32, 8, 1
2016/3/4, , 26, 2, 1
2016/3/5, , 14, 2, 2
2016/3/6, , 22, 8, 2
2016/3/7, , 23, 10, 2
2016/3/8, , 26, 8, 2
2016/3/9, , 28, 2, 1
2016/3/10, , 9, 5, 1
2016/3/11, , 10, 3, 1
2016/3/12, , 8, 3, 1
2016/3/13, , 11, 8, 8
2016/3/14, , 16, 2, 2
2016/3/15, , 7, 9, 2
2016/3/16, , 25, 10, 15
2016/3/17, , 16, 4, 16
2016/3/18, , 13, 7, 7
2016/3/19, , 15, 5, 7
2016/3/20, , 11, 6, 2
2016/3/21, , 14, 8, 1
2016/3/22, , 8, 12, 2
2016/3/23, , 32, 12, 2
2016/3/24, , 31, 9, 2
2016/3/25, , 26, 6, 2
2016/3/26, , 13, 2, 1
2016/3/27, , 13, 4, 2
2016/3/28, , 24, 8, 2
2016/3/29, , 17, 8, 1
2016/3/30, , 15, 10, 3
2016/3/31, , 21, 9, 8
2015/10/1, , 33, 6, 1
2015/10/2, , 27, 7, 2
2015/10/3, , 24, 9, 1
2015/10/4, , 42, 10, 1
2015/10/5, , 36, 1, 1
2015/10/6, , 12, 1, 1
2015/10/7, , 20, 4, 3
2015/10/8, , 19, 5, 2
2015/10/9, , 37, 10, 2
2015/10/10, , 53, 7, 2
2015/10/11, , 36, 1, 2
2015/10/12, , 24, 4, 2
2015/10/13, , 27, 3, 2
2015/10/14, , 37, 2, 2
2015/10/15, , 39, 5, 2
2015/10/16, , 39, 6, 2
2015/10/17, , 42, 8, 1
2015/10/18, , 38, 6, 1
2015/10/19, , 37, 5, 1
2015/10/20, , 34, 11, 5
2015/10/21, , 26, 9, 3
2015/10/22, , 14, 9, 4
2015/10/23, , 14, 11, 7
2015/10/24, , 22, 6, 2
2015/10/25, , 17, 15, 10
2015/10/26, , 27, 13, 3
2015/10/27, , 37, 8, 2
2015/10/28, , 25, 6, 2
2015/10/29, , 21, 7, 2
2015/10/30, , 44, 9, 3
2015/10/31, , 47, 8, 3
2015/11/1, , 38, 9, 4
2015/11/2, , 14, 6, 2
2015/11/3, , 11, 11, 3
2015/11/4, , 34, 9, 2
2015/11/5, , 30, 8, 2
2015/11/6, , 38, 9, 2
2015/11/7, , 44, 3, 5
2015/11/8, , 11, 7, 3
2015/11/9, , 11, 7, 4
2015/11/10, , 6, 9, 6
2015/11/11, , 7, 7, 2
2015/11/12, , 9, 10, 2
2015/11/13, , 20, 3, 1
2015/11/14, , 8, 6, 1
2015/11/15, , 14, 10, 2
2015/11/16, , 18, 11, 2
2015/11/17, , 18, 7, 2
2015/11/18, , 8, 4, 1
2015/11/19, , 8, 9, 1
2015/11/20, , 9, 6, 2
2015/11/21, , 10, 6, 1
2015/11/22, , 23, 8, 1
2015/11/23, , 14, 9, 1
2015/11/24, , 16, 10, 3
2015/11/25, , 27, 12, 3
2015/11/26, , 36, 11, 2
2015/11/27, , 25, 8, 3
2015/11/28, , 30, 4, 2
2015/11/29, , 12, 3, 1
2015/11/30, , 8, 10, 3
2015/12/1, , 12, 9, 2
2015/12/2, , 17, 9, 1
2015/12/3, , 14, 6, 2
2015/12/4, , 11, 3, 1
2015/12/5, , 7, 3, 1
2015/12/6, , 7, 10, 8
2015/12/7, , 23, 10, 2
2015/12/8, , 22, 12, 3
2015/12/9, , 22, 10, 2
2015/12/10, , 18, 10, 2
2015/12/11, , 14, 4, 1
2015/12/12, , 7, 4, 1
2015/12/13, , 8, 19, 2
2015/12/14, , 32, 14, 3
2015/12/15, , 40, 13, 4
2015/12/16, , 50, 11, 3
2015/12/17, , 26, 8, 3
2015/12/18, , 16, 6, 2
2015/12/19, , 13, 5, 1
2015/12/20, , 16, 9, 1
2015/12/21, , 16, 5, 1
2015/12/22, , 14, 5, 1
2015/12/23, , 7, 5, 1
2015/12/24, , 18, 3, 1
2015/12/25, , 12, 5, 1
2015/12/26, , 8, 4, 1
2015/12/27, , 9, 5, 3
2015/12/28, , 9, 4, 2
2015/12/29, , 10, 7, 2
2015/12/30, , 17, , 
2016/1/2, , 17, 5, 3
2016/1/3, , 21, 6, 5
2015/7/1, , 14, , 1
2015/7/2, , 29, 2, 1
2015/7/3, , 46, 9, 1
2015/7/4, , 54, 9, 1
2015/7/5, , 60, 11, 1
2015/7/6, , 35, 3, 
2015/7/7, , 19, 7, 1
2015/7/8, , 21, 3, 1
2015/7/9, , 23, 2, 
2015/7/10, , 16, 4, 3
2015/7/11, , 15, 3, 4
2015/7/12, , 14, 6, 3
2015/7/13, , 23, 4, 2
2015/7/14, , 16, 5, 5
2015/7/15, , 23, 3, 1
2015/7/16, , 26, 4, 4
2015/7/17, , 47, 4, 3
2015/7/18, , 46, 4, 1
2015/7/19, , 20, 6, 3
2015/7/20, , 17, 5, 1
2015/7/21, , 26, 3, 1
2015/7/22, , 20, 10, 5
2015/7/23, , 20, 3, 9
2015/7/24, , 21, 3, 2
2015/7/25, , 24, 2, 
2015/7/26, , 12, 5, 2
2015/7/27, , 19, 6, 1
2015/7/28, , 20, 4, 1
2015/7/29, , 16, 3, 
2015/7/30, , 11, 3, 1
2015/7/31, , 11, 3, 1
2015/8/1, , 20, 5, 1
2015/8/2, , 25, 11, 1
2015/8/3, , 58, 6, 1
2015/8/4, , 72, 8, 1
2015/8/5, , 59, 5, 1
2015/8/6, , 69, 7, 1
2015/8/7, , 75, 12, 2
2015/8/8, , 75, 4, 1
2015/8/9, , 19, 5, 1
2015/8/10, , 61, 9, 1
2015/8/11, , 99, 8, 1
2015/8/12, , 84, 5, 1
2015/8/13, , 61, 2, 1
2015/8/14, , 80, 2, 1
2015/8/15, , 75, 1, 1
2015/8/16, , 60, 1, 1
2015/8/17, , 102, 2, 1
2015/8/18, , 113, 2, 1
2015/8/19, , 65, 5, 1
2015/8/20, , 69, 5, 1
2015/8/21, , 105, 3, 2
2015/8/22, , 92, 3, 1
2015/8/23, , 51, 5, 2
2015/8/24, , 83, 11, 1
2015/8/25, , 51, 8, 1
2015/8/26, , 27, 10, 2
2015/8/27, , 51, 11, 2
2015/8/28, , 26, 9, 3
2015/8/29, , 29, 7, 1
2015/8/30, , 32, 5, 1
2015/8/31, , 39, 15, 1
2015/9/1, , 54, 9, 3
2015/9/2, , 21, 9, 1
2015/9/3, , 29, 13, 1
2015/9/4, , 26, 4, 
2015/9/5, , 16, 4, 1
2015/9/6, , 13, 6, 7
2015/9/7, , 14, 6, 6
2015/9/8, , 23, 7, 1
2015/9/9, , 27, 5, 1
2015/9/10, , 37, 2, 1
2015/9/11, , 21, 3, 1
2015/9/12, , 20, 4, 2
2015/9/13, , 22, 4, 4
2015/9/14, , 23, 6, 1
2015/9/15, , 27, 8, 1
2015/9/16, , 31, 8, 1
2015/9/17, , 32, 6, 2
2015/9/18, , 19, 7, 1
2015/9/19, , 26, 8, 1
2015/9/20, , 26, 9, 1
2015/9/21, , 19, 7, 1
2015/9/22, , 22, 11, 2
2015/9/23, , 32, 9, 1
2015/9/24, , 31, 10, 1
2015/9/25, , 36, 5, 2
2015/9/26, , 22, 8, 7
2015/9/27, , 24, 9, 6
2015/9/28, , 35, 6, 1
2015/9/29, , 22, 12, 1
2015/9/30, , 33, 11, 1
2015/4/1, , 13, 7, 12
2015/4/2, , 18, 7, 5
2015/4/3, , 19, 6, 1
2015/4/4, , 13, 3, 2
2015/4/5, , 8, 2, 1
2015/4/6, , 10, 9, 3
2015/4/7, , 19, 7, 6
2015/4/8, , 26, 15, 2
2015/4/9, , 34, 14, 5
2015/4/10, , 49, 14, 2
2015/4/11, , 61, 6, 5
2015/4/12, , 25, 7, 10
2015/4/13, , 22, 5, 6
2015/4/14, , 24, 7, 13
2015/4/15, , 16, 6, 9
2015/4/16, , 29, 6, 10
2015/4/17, , 27, 3, 2
2015/4/18, , 12, 4, 10
2015/4/19, , 15, 4, 8
2015/4/20, , 44, 8, 3
2015/4/21, , 48, 10, 1
2015/4/22, , 36, 7, 5
2015/4/23, , 53, 6, 8
2015/4/24, , 32, 8, 2
2015/4/25, , 40, 8, 3
2015/4/26, , 23, 7, 1
2015/4/27, , 15, 5, 1
2015/4/28, , 6, 6, 4
2015/4/29, , 10, 9, 2
2015/4/30, , 29, 5, 2
2015/5/1, , 15, 3, 4
2015/5/2, , 11, 3, 2
2015/5/3, , 18, 9, 4
2015/5/4, , 18, 8, 4
2015/5/5, , 22, 5, 4
2015/5/6, , 16, 9, 1
2015/5/7, , 24, 5, 1
2015/5/8, , 11, 5, 1
2015/5/9, , 22, 4, 2
2015/5/10, , 15, 3, 2
2015/5/11, , 16, 7, 2
2015/5/12, , 38, 4, 3
2015/5/13, , 12, 4, 1
2015/5/14, , 10, 3, 1
2015/5/15, , 16, 4, 1
2015/5/16, , 17, 3, 3
2015/5/17, , 19, 3, 2
2015/5/18, , 15, 4, 3
2015/5/19, , 30, 5, 1
2015/5/20, , 21, 3, 1
2015/5/21, , 12, 5, 1
2015/5/22, , 15, 6, 1
2015/5/23, , 16, 2, 1
2015/5/24, , 15, 1, 1
2015/5/25, , 25, , 2
2015/5/26, , 18, 1, 5
2015/5/27, , 22, 2, 3
2015/5/28, , 20, 2, 2
2015/5/29, , 19, 3, 1
2015/5/30, , 28, 2, 1
2015/5/31, , 13, 3, 2
2015/6/1, , 26, 3, 1
2015/6/2, , 20, 3, 3
2015/6/3, , 26, 2, 3
2015/6/4, , 14, 2, 1
2015/6/5, , 24, 3, 1
2015/6/6, , 41, 2, 3
2015/6/7, , 20, 2, 2
2015/6/8, , 29, 2, 1
2015/6/9, , 20, 2, 1
2015/6/10, , 29, 3, 1
2015/6/11, , 30, 3, 1
2015/6/12, , 34, 3, 2
2015/6/13, , 30, 3, 1
2015/6/14, , 24, 2, 10
2015/6/15, , 16, 2, 5
2015/6/16, , 25, 2, 2
2015/6/17, , 22, 3, 2
2015/6/18, , 20, 2, 1
2015/6/19, , 11, 2, 1
2015/6/20, , 12, 2, 1
2015/6/21, , 19, 2, 1
2015/6/22, , 15, 2, 
2015/6/23, , 11, 2, 
2015/6/24, , 14, 2, 
2015/6/25, , 15, , 1
2015/6/26, , 16, , 1
2015/6/27, , 18, , 1
2015/6/28, , 18, , 3
2015/6/29, , 19, , 2
2015/6/30, , 21, , 1
2015/1/1, , 13, 4, 3
2015/1/2, , 8, 2, 2
2015/1/3, , 7, 5, 8
2015/1/4, , 10, 5, 9
2015/1/5, , 11, 4, 3
2015/1/6, , 15, 9, 5
2015/1/7, , 30, 10, 3
2015/1/8, , 15, 7, 5
2015/1/9, , 6, 7, 7
2015/1/10, , 9, 2, 2
2015/1/11, , 8, 6, 3
2015/1/12, , 9, 8, 2
2015/1/13, , 9, 7, 1
2015/1/14, , 9, 9, 2
2015/1/15, , 14, 12, 2
2015/1/16, , 21, 12, 3
2015/1/17, , 24, 8, 2
2015/1/18, , 21, 7, 2
2015/1/19, , 21, 5, 2
2015/1/20, , 14, 9, 2
2015/1/21, , 27, 14, 3
2015/1/22, , 38, 12, 4
2015/1/23, , 19, 12, 4
2015/1/24, , 25, 11, 4
2015/1/25, , 31, 10, 4
2015/1/26, , 15, 11, 3
2015/1/27, , 28, 11, 6
2015/1/28, , 12, 7, 2
2015/1/29, , 12, 7, 4
2015/1/30, , 19, 8, 2
2015/1/31, , 17, 4, 2
2015/2/1, , 11, 8, 2
2015/2/2, , 18, 12, 2
2015/2/3, , 22, 18, 4
2015/2/4, , 34, 18, 4
2015/2/5, , 41, 16, 3
2015/2/6, , 34, 8, 11
2015/2/7, , 6, 2, 2
2015/2/8, , 11, 10, 2
2015/2/9, , 14, 16, 8
2015/2/10, , 20, 9, 7
2015/2/11, , 13, 4, 1
2015/2/12, , 18, 7, 2
2015/2/13, , 35, 8, 2
2015/2/14, , 41, 5, 1
2015/2/15, , 29, 3, 2
2015/2/16, , 11, 6, 3
2015/2/17, , 35, 8, 2
2015/2/18, , 22, 8, 2
2015/2/19, , 15, 9, 1
2015/2/20, , 23, 8, 3
2015/2/21, , 33, 6, 2
2015/2/22, , 14, 8, 2
2015/2/23, , 27, 13, 3
2015/2/24, , 32, 15, 3
2015/2/25, , 40, 9, 1
2015/2/26, , 14, 8, 1
2015/2/27, , 20, 10, 3
2015/2/28, , 40, 3, 2
2015/3/1, , 20, 6, 1
2015/3/2, , 18, 5, 1
2015/3/3, , 10, 11, 2
2015/3/4, , 17, 8, 6
2015/3/5, , 10, 9, 2
2015/3/6, , 16, 5, 2
2015/3/7, , 12, 4, 2
2015/3/8, , 16, 10, 4
2015/3/9, , 26, 12, 5
2015/3/10, , 30, 8, 5
2015/3/11, , 23, 5, 1
2015/3/12, , 17, 4, 1
2015/3/13, , 25, 3, 1
2015/3/14, , 18, 2, 1
2015/3/15, , 18, 4, 4
2015/3/16, , 37, 6, 6
2015/3/17, , 38, 17, 3
2015/3/18, , 83, 23, 4
2015/3/19, , 79, 18, 3
2015/3/20, , 66, 5, 2
2015/3/21, , 12, 2, 1
2015/3/22, , 11, 9, 2
2015/3/23, , 28, 6, 2
2015/3/24, , 35, 8, 1
2015/3/25, , 31, 14, 1
2015/3/26, , 54, 12, 4
2015/3/27, , 21, 10, 4
2015/3/28, , 18, 7, 1
2015/3/29, , 24, 4, 
2015/3/30, , 6, 5, 
2015/3/31, , 11, 7, 6
2014/10/1, , 29, 6, 2
2014/10/2, , 35, 8, 2
2014/10/3, , 41, 6, 2
2014/10/4, , 40, 3, 2
2014/10/5, , 32, 4, 2
2014/10/6, , 28, 5, 4
2014/10/7, , 38, 6, 3
2014/10/8, , 37, 12, 2
2014/10/9, , 41, 9, 2
2014/10/10, , 31, 8, 2
2014/10/11, , 29, 5, 1
2014/10/12, , 17, 8, 2
2014/10/13, , 21, 11, 2
2014/10/14, , 27, 6, 2
2014/10/15, , 7, 9, 1
2014/10/16, , 13, 6, 1
2014/10/17, , 15, 3, 2
2014/10/18, , 10, 3, 2
2014/10/19, , 18, 4, 2
2014/10/20, , 10, 9, 3
2014/10/21, , 22, 3, 2
2014/10/22, , 11, 2, 2
2014/10/23, , 11, 5, 2
2014/10/24, , 16, 5, 3
2014/10/25, , 25, 5, 3
2014/10/26, , 29, 8, 2
2014/10/27, , 28, 11, 3
2014/10/28, , 39, 15, 4
2014/10/29, , 48, 11, 5
2014/10/30, , 42, 12, 3
2014/10/31, , 36, 6, 3
2014/11/1, , 36, 7, 4
2014/11/2, , 40, 8, 3
2014/11/3, , 30, 10, 3
2014/11/4, , 38, 14, 3
2014/11/5, , 42, 11, 3
2014/11/6, , 43, 12, 2
2014/11/7, , 18, 10, 2
2014/11/8, , 29, 6, 2
2014/11/9, , 19, 6, 3
2014/11/10, , 23, 6, 2
2014/11/11, , 26, 5, 3
2014/11/12, , 29, 5, 3
2014/11/13, , 28, 4, 2
2014/11/14, , 22, 3, 2
2014/11/15, , 13, 2, 2
2014/11/16, , 26, 3, 2
2014/11/17, , 17, 3, 2
2014/11/18, , 17, 4, 2
2014/11/19, , 24, 5, 3
2014/11/20, , 25, 9, 4
2014/11/21, , 40, 7, 3
2014/11/22, , 27, 7, 4
2014/11/23, , 26, 6, 3
2014/11/24, , 16, 15, 3
2014/11/25, , 33, 15, 3
2014/11/26, , 29, 8, 3
2014/11/27, , 31, 3, 3
2014/11/28, , 15, 5, 3
2014/11/29, , 23, 6, 4
2014/11/30, , 25, 5, 4
2014/12/1, , 35, 6, 4
2014/12/2, , 39, 12, 4
2014/12/3, , 50, 9, 7
2014/12/4, , 25, 7, 3
2014/12/5, , 27, 10, 4
2014/12/6, , 33, 7, 3
2014/12/7, , 14, 11, 3
2014/12/8, , 18, 12, 3
2014/12/9, , 27, 10, 4
2014/12/10, , 19, 9, 3
2014/12/11, , 15, 7, 3
2014/12/12, , 9, 4, 3
2014/12/13, , 11, 7, 3
2014/12/14, , 21, 8, 3
2014/12/15, , 15, 10, 3
2014/12/16, , 15, 9, 3
2014/12/17, , 15, 11, 3
2014/12/18, , 20, 8, 4
2014/12/19, , 6, 3, 2
2014/12/20, , 8, 5, 9
2014/12/21, , 11, 7, 4
2014/12/22, , 5, 7, 6
2014/12/23, , 11, 4, 4
2014/12/24, , 6, 4, 5
2014/12/25, , 6, 8, 4
2014/12/26, , 23, 7, 4
2014/12/27, , 28, 7, 7
2014/12/28, , 17, , 
2014/7/1, , 17, 6, 2
2014/7/2, , 14, 3, 2
2014/7/3, , 18, 6, 2
2014/7/4, , 37, 6, 2
2014/7/5, , 50, 4, 2
2014/7/6, , 31, 5, 2
2014/7/7, , 44, 5, 1
2014/7/8, , 48, 1, 1
2014/7/9, , 30, 2, 1
2014/7/10, , 43, , 1
2014/7/11, , 49, 1, 1
2014/7/12, , 9, 1, 1
2014/7/13, , 8, 4, 1
2014/7/14, , 19, 4, 1
2014/7/15, , 29, 3, 1
2014/7/16, , 28, 3, 2
2014/7/17, , 43, 2, 2
2014/7/18, , 47, 3, 2
2014/7/19, , 39, 1, 1
2014/7/20, , 17, 1, 1
2014/7/21, , 17, 2, 2
2014/7/22, , 43, 2, 2
2014/7/23, , 50, 1, 2
2014/7/24, , 79, 1, 2
2014/7/25, , 56, 6, 2
2014/7/26, , 50, 4, 2
2014/7/27, , 30, 9, 2
2014/7/28, , 36, 7, 2
2014/7/29, , 65, 5, 2
2014/7/30, , 53, 7, 2
2014/7/31, , 38, 4, 2
2014/8/1, , 46, 4, 2
2014/8/2, , 40, 4, 2
2014/8/3, , 45, 7, 2
2014/8/4, , 61, 5, 2
2014/8/5, , 30, 4, 3
2014/8/6, , 24, 6, 2
2014/8/7, , 37, 6, 2
2014/8/8, , 39, 6, 2
2014/8/9, , 34, 1, 2
2014/8/10, , 17, 6, 2
2014/8/11, , 21, 7, 2
2014/8/12, , 23, 6, 2
2014/8/13, , 27, 6, 2
2014/8/14, , 19, 6, 2
2014/8/15, , 21, 4, 2
2014/8/16, , 12, 1, 2
2014/8/17, , 10, 5, 2
2014/8/18, , 16, 3, 2
2014/8/19, , 14, 4, 2
2014/8/20, , 14, 5, 2
2014/8/21, , 29, 6, 2
2014/8/22, , 31, 5, 2
2014/8/23, , 29, 6, 2
2014/8/24, , 25, 4, 2
2014/8/25, , 12, 6, 2
2014/8/26, , 23, 5, 3
2014/8/27, , 16, 5, 4
2014/8/28, , 38, 3, 2
2014/8/29, , 32, 5, 2
2014/8/30, , 54, 3, 2
2014/8/31, , 18, , 2
2014/9/1, , 8, 1, 1
2014/9/2, , 19, 2, 1
2014/9/3, , 30, 2, 1
2014/9/4, , 46, 6, 1
2014/9/5, , 53, 7, 1
2014/9/6, , 37, 6, 2
2014/9/7, , 29, 11, 1
2014/9/8, , 41, 8, 1
2014/9/9, , 21, 6, 2
2014/9/10, , 13, 5, 1
2014/9/11, , 12, 2, 1
2014/9/12, , 16, 5, 2
2014/9/13, , 23, 2, 2
2014/9/14, , 25, 1, 1
2014/9/15, , 16, 2, 1
2014/9/16, , 23, 4, 1
2014/9/17, , 24, 5, 2
2014/9/18, , 41, 8, 2
2014/9/19, , 53, 7, 2
2014/9/20, , 45, 8, 2
2014/9/21, , 32, 4, 2
2014/9/22, , 11, 3, 2
2014/9/23, , 14, 7, 2
2014/9/24, , 18, 8, 2
2014/9/25, , 20, 6, 2
2014/9/26, , 16, 5, 6
2014/9/27, , 15, 4, 2
2014/9/28, , 15, 9, 2
2014/9/29, , 31, 8, 2
2014/9/30, , 30, 2, 3
2014/4/1, , 11, 8, 2
2014/4/2, , 53, 9, 3
2014/4/3, , 23, 2, 2
2014/4/4, , 11, 5, 3
2014/4/5, , 23, 7, 4
2014/4/6, , 31, 9, 3
2014/4/7, , 40, 8, 3
2014/4/8, , 23, 5, 2
2014/4/9, , 7, 4, 2
2014/4/10, , 9, 9, 2
2014/4/11, , 26, 10, 3
2014/4/12, , 29, 6, 3
2014/4/13, , 18, 4, 2
2014/4/14, , 10, 4, 2
2014/4/15, , 12, 2, 2
2014/4/16, , 13, 10, 3
2014/4/17, , 29, 6, 3
2014/4/18, , 52, 5, 3
2014/4/19, , 35, 5, 3
2014/4/20, , 35, 4, 2
2014/4/21, , 59, 11, 2
2014/4/22, , 39, 7, 2
2014/4/23, , 37, 3, 2
2014/4/24, , 33, 7, 2
2014/4/25, , 46, 10, 2
2014/4/26, , 47, 4, 2
2014/4/27, , 35, 7, 2
2014/4/28, , 43, 7, 2
2014/4/29, , 41, 10, 2
2014/4/30, , 48, , 
2014/5/4, , 26, 7, 2
2014/5/5, , 40, 7, 2
2014/5/6, , 32, 8, 3
2014/5/7, , 21, 8, 2
2014/5/8, , 17, 8, 2
2014/5/9, , 15, 4, 2
2014/5/10, , 13, 4, 1
2014/5/11, , 12, 8, 2
2014/5/12, , 15, 6, 2
2014/5/13, , 12, 6, 2
2014/5/14, , 18, 5, 2
2014/5/15, , 17, 2, 2
2014/5/16, , 16, 4, 2
2014/5/17, , 15, 5, 2
2014/5/18, , 19, 7, 2
2014/5/19, , 21, 8, 2
2014/5/20, , 42, 13, 2
2014/5/21, , 70, 9, 3
2014/5/22, , 59, 6, 3
2014/5/23, , 61, 6, 3
2014/5/24, , 37, 6, 2
2014/5/25, , 13, 5, 2
2014/5/26, , 35, 2, 1
2014/5/27, , 25, 2, 1
2014/5/28, , 28, 2, 2
2014/5/29, , 12, 6, 3
2014/5/30, , 22, 5, 2
2014/5/31, , 20, 3, 2
2014/6/1, , 19, 2, 2
2014/6/2, , 13, 6, 2
2014/6/3, , 15, 4, 2
2014/6/4, , 14, 4, 2
2014/6/5, , 17, 4, 2
2014/6/6, , 11, 6, 2
2014/6/7, , 21, 3, 2
2014/6/8, , 17, 5, 2
2014/6/9, , 25, 7, 2
2014/6/10, , 38, 3, 2
2014/6/11, , 36, 6, 2
2014/6/12, , 38, 3, 3
2014/6/13, , 19, 1, 1
2014/6/14, , 8, 1, 2
2014/6/15, , 8, 5, 2
2014/6/16, , 31, 1, 2
2014/6/17, , 30, 6, 3
2014/6/18, , 31, 1, 2
2014/6/19, , 14, 2, 1
2014/6/20, , 21, 3, 2
2014/6/21, , 14, 2, 2
2014/6/22, , 10, 4, 2
2014/6/23, , 12, 3, 3
2014/6/24, , 13, 4, 2
2014/6/25, , 20, 1, 2
2014/6/26, , 22, 3, 2
2014/6/27, , 23, 4, 2
2014/6/28, , 19, 5, 1
2014/6/29, , 20, 4, 2
2014/6/30, , 10, 5, 4
2014/1/1, , 36, 6, 6
2014/1/2, , 35, 8, 5
2014/1/3, , 38, 9, 5
2014/1/4, , 27, 7, 5
2014/1/5, , 30, 4, 4
2014/1/6, , 13, 8, 4
2014/1/7, , 16, 9, 4
2014/1/8, , 16, 9, 4
2014/1/9, , 16, 6, 9
2014/1/10, , 13, 4, 4
2014/1/11, , 9, 5, 9
2014/1/12, , 9, 10, 6
2014/1/13, , 21, 8, 5
2014/1/14, , 21, 2, 4
2014/1/15, , 11, 3, 4
2014/1/16, , 14, 3, 4
2014/1/17, , 14, 5, 5
2014/1/18, , 18, 2, 3
2014/1/19, , 10, 3, 4
2014/1/20, , 9, 5, 5
2014/1/21, , 15, 7, 4
2014/1/22, , 15, 14, 5
2014/1/23, , 32, 7, 5
2014/1/24, , 23, 5, 5
2014/1/25, , 20, 4, 4
2014/1/26, , 12, 7, 6
2014/1/27, , 12, 5, 5
2014/2/5, , 53, 19, 8
2014/2/6, , 42, 11, 5
2014/2/7, , 30, 8, 4
2014/2/8, , 15, 10, 6
2014/2/9, , 35, 15, 5
2014/2/10, , 36, 12, 5
2014/2/11, , 26, 13, 4
2014/2/12, , 22, 13, 4
2014/2/13, , 32, 12, 8
2014/2/14, , 24, 7, 4
2014/2/15, , 18, 5, 3
2014/2/16, , 11, 6, 2
2014/2/17, , 13, 13, 3
2014/2/18, , 26, 15, 5
2014/2/19, , 32, 13, 4
2014/2/20, , 17, 10, 4
2014/2/21, , 25, 9, 3
2014/2/22, , 20, 11, 5
2014/2/23, , 29, 9, 4
2014/2/24, , 28, 6, 3
2014/2/25, , 30, 7, 4
2014/2/26, , 47, 10, 4
2014/2/27, , 72, 6, 4
2014/2/28, , 61, 6, 3
2014/3/1, , 39, 3, 2
2014/3/2, , 32, 5, 3
2014/3/3, , 22, 4, 3
2014/3/4, , 21, 4, 2
2014/3/5, , 20, 12, 3
2014/3/6, , 30, 12, 3
2014/3/7, , 76, 8, 3
2014/3/8, , 74, 8, 4
2014/3/9, , 54, 12, 5
2014/3/10, , 136, 7, 2
2014/3/11, , 57, 14, 3
2014/3/12, , 62, 11, 5
2014/3/13, , 35, 9, 6
2014/3/14, , 25, 4, 4
2014/3/15, , 13, 5, 3
2014/3/16, , 10, 8, 7
2014/3/17, , 34, 7, 4
2014/3/18, , 12, 6, 4
2014/3/19, , 11, 6, 4
2014/3/20, , 23, 7, 3
2014/3/21, , 23, 5, 3
2014/3/22, , 12, 6, 2
2014/3/23, , 9, 5, 2
2014/3/24, , 6, 4, 2
2014/3/25, , 6, 8, 2
2014/3/26, , 13, 8, 2
2014/3/27, , 10, 9, 2
2014/3/28, , 21, 13, 3
2014/3/29, , 32, 14, 3
2014/3/30, , 63, 14, 3
2014/3/31, , 53, 2, 2
2024/1/1, , , 5, 1
2024/1/2, , , 3, 1
2024/1/3, , , 1, 1
2024/1/4, , , 4, 1
2024/1/5, , , 19, 6
2024/1/6, , , 5, 2
2024/1/7, , , 1, 2
2024/1/8, , , 7, 2
2024/1/9, , , 22, 4
2024/1/10, , , 14, 7
2024/1/11, , , 8, 4
2024/1/12, , , 12, 5
2024/1/13, , , 6, 3
2024/1/14, , , 4, 2
2024/1/15, , , 5, 1
2024/1/16, , , 18, 5
2024/1/17, , , 10, 3
2024/1/18, , , 16, 8
2024/1/19, , , 5, 2
2024/1/20, , , 5, 2
2024/1/21, , , 6, 2
2024/1/22, , , 6, 2
2024/1/23, , , 5, 1
2024/1/24, , , 5, 1
2024/1/25, , , 7, 2
2024/1/26, , , 8, 1
2024/1/27, , , 4, 3
2024/1/28, , , 7, 4
2024/1/29, , , 8, 2
2024/1/30, , , 13, 2
2024/1/31, , , 10, 1
2023/12/20, , , 4, 1
2023/12/21, , , 5, 3
2023/12/22, , , 6, 7
2023/12/23, , , 3, 2
2023/12/24, , , 1, 2
2023/12/25, , , 2, 3
2023/12/26, , , 9, 7
2023/12/27, , , 7, 2
2023/12/28, , , 4, 1
2023/12/29, , , 5, 1
2023/12/30, , , 4, 1
2020/3/31, , , 3, 
2019/12/31, , , 5, 7
2018/12/31, , , 1, 1
2018/7/29, , , 8, 1
2018/8/15, , , 13, 1
2018/6/27, , , 6, 1
2018/6/28, , , 8, 2
2017/12/31, , , 3, 1
2018/1/6, , , 7, 2
2018/1/7, , , 15, 2
2017/9/10, , , 6, 1
2017/1/2, , , 6, 2
2016/1/1, , , 2, 3
2014/12/31, , , 7, 14
2014/5/3, , , 3, 2
2013/12/31, , , 5, 6
2014/1/28, , , 4, 4
2014/1/29, , , 5, 6
2014/1/30, , , 5, 7
2014/1/31, , , 7, 12
2014/2/1, , , 7, 10
2014/2/2, , , 14, 8
2014/2/3, , , 19, 12
2014/2/4, , , 23, 12