date, pm25, pm10, o3, no2, so2
2024/5/1, 56, 25, 44, 20, 1
2024/5/2, 50, 22, 43, 15, 
2024/5/3, 51, 25, 40, 17, 
2024/5/4, 59, 19, 39, 11, 
2024/5/5, 56, 11, 32, 4, 1
2024/5/6, 43, 9, 33, 9, 1
2024/5/7, 31, 13, 36, 16, 1
2024/5/8, 41, 20, 39, 12, 1
2024/5/9, 47, 11, 36, 6, 1
2024/5/10, 41, 7, 33, 11, 1
2024/5/11, 24, 8, 35, 13, 1
2024/5/12, 29, 11, 35, 19, 1
2024/5/13, 34, 12, 37, 19, 1
2024/5/14, 33, 18, 34, 14, 1
2024/5/15, 39, 26, 38, 10, 1
2024/5/16, 48, 24, 42, 9, 1
2024/5/17, 48, 22, 42, 17, 2
2024/5/18, 51, 18, 41, 13, 1
2024/5/19, 53, 17, 42, 17, 1
2024/5/20, 50, 17, 38, 10, 1
2024/5/21, 54, 16, 33, 10, 1
2024/5/22, 52, , , , 
2024/4/1, 103, 9, 33, 3, 1
2024/4/2, 35, 5, 26, 3, 1
2024/4/3, 24, 16, 22, 10, 1
2024/4/4, 57, 12, 34, 6, 1
2024/4/5, 43, 12, 38, 5, 1
2024/4/6, 41, 13, 41, 5, 1
2024/4/7, 45, 22, 32, 18, 1
2024/4/8, 51, 39, 40, 19, 2
2024/4/9, 76, 14, 36, 3, 1
2024/4/10, 37, 14, 38, 6, 1
2024/4/11, 36, 11, 32, 4, 1
2024/4/12, 40, 10, 36, 3, 1
2024/4/13, 38, 13, 38, 3, 1
2024/4/14, 37, 8, 37, 6, 1
2024/4/15, 29, 10, 31, 9, 1
2024/4/16, 37, 5, 34, 4, 1
2024/4/17, 24, 9, 32, 9, 1
2024/4/18, 33, 12, 36, 10, 1
2024/4/19, 44, 9, 39, 4, 1
2024/4/20, 35, 6, 41, 3, 1
2024/4/21, 27, 9, 32, 4, 1
2024/4/22, 36, 14, 34, 7, 1
2024/4/23, 47, 22, 36, 14, 1
2024/4/24, 67, 17, 38, 11, 1
2024/4/25, 61, 17, 37, 15, 1
2024/4/26, 57, 15, 43, 9, 1
2024/4/27, 48, 18, 47, 7, 2
2024/4/28, 56, 23, 40, 10, 1
2024/4/29, 50, 24, 37, 19, 1
2024/4/30, 52, 28, 46, 15, 1
2024/1/1, 87, 19, 6, 7, 1
2024/1/2, 60, 12, 9, 6, 1
2024/1/3, 49, 10, 23, 6, 1
2024/1/4, 43, 17, 28, 11, 1
2024/1/5, 57, 9, 31, 7, 1
2024/1/6, 34, 9, 22, 3, 1
2024/1/7, 39, 19, 20, 16, 1
2024/1/8, 66, 18, 23, 7, 1
2024/1/9, 67, 10, 24, 2, 1
2024/1/10, 46, 6, 29, 3, 1
2024/1/11, 25, 6, 28, 3, 1
2024/1/12, 27, 7, 27, 3, 1
2024/1/13, 32, 4, 28, 1, 1
2024/1/14, 17, 4, 32, 3, 1
2024/1/15, 19, 17, 31, 11, 1
2024/1/16, 52, 25, 20, 10, 1
2024/1/17, 81, 20, 28, 9, 1
2024/1/18, 69, 7, 27, 3, 1
2024/1/19, 32, 6, 27, 2, 1
2024/1/20, 27, 13, 28, 4, 1
2024/1/21, 55, 10, 24, 6, 1
2024/1/22, 44, 8, 30, 3, 1
2024/1/23, 35, 7, 32, 2, 1
2024/1/24, 29, 4, 31, 1, 1
2024/1/25, 16, 8, 32, 5, 1
2024/1/26, 33, 5, 29, , 1
2024/1/27, 23, 10, 26, 3, 1
2024/1/28, 40, 20, 19, 7, 1
2024/1/29, 68, 30, 15, 13, 2
2024/1/30, 89, 14, 30, 4, 1
2024/1/31, 48, 9, 31, 1, 1
2024/2/1, 36, 8, 31, 3, 1
2024/2/2, 34, 4, 32, , 1
2024/2/3, 18, 5, 31, , 1
2024/2/4, 23, 4, 32, , 1
2024/2/5, 18, 7, 25, 9, 1
2024/2/6, 27, 4, 32, 1, 1
2024/2/7, 19, 12, 22, 10, 1
2024/2/8, 45, 18, 25, 15, 2
2024/2/9, 64, 10, 20, 7, 1
2024/2/10, 43, 16, 7, 5, 1
2024/2/11, 56, 12, 8, 8, 1
2024/2/12, 45, 7, 27, 2, 1
2024/2/13, 28, 15, 21, 9, 1
2024/2/14, 55, 15, 16, 7, 1
2024/2/15, 57, 16, 20, 5, 1
2024/2/16, 60, 6, 24, 1, 1
2024/2/17, 24, 11, 21, 3, 1
2024/2/18, 43, 15, 19, 6, 1
2024/2/19, 57, 4, 27, 1, 1
2024/2/20, 16, 8, 30, 4, 1
2024/2/21, 35, 15, 20, 7, 1
2024/2/22, 56, 14, 27, 11, 1
2024/2/23, 44, 10, 31, 5, 1
2024/2/24, 40, 15, 22, 8, 2
2024/2/25, 55, 21, 22, 20, 2
2024/2/26, 67, 13, 19, 6, 1
2024/2/27, 47, 9, 24, 3, 1
2024/2/28, 37, 13, 25, 6, 1
2024/2/29, 50, 26, 20, 5, 1
2024/3/1, 78, 29, 16, 6, 1
2024/3/2, 85, 30, 26, 7, 2
2024/3/3, 85, 18, 22, 6, 2
2024/3/4, 58, 19, 21, 6, 2
2024/3/5, 63, 16, 24, 7, 2
2024/3/6, 56, 17, 26, 17, 2
2024/3/7, 53, 19, 29, 12, 2
2024/3/8, 57, 18, 27, 6, 2
2024/3/9, 61, 19, 27, 3, 2
2024/3/10, 65, 15, 25, 9, 1
2024/3/11, 55, 28, 17, 12, 2
2024/3/12, 79, 25, 16, 7, 1
2024/3/13, 73, 28, 22, 8, 1
2024/3/14, 79, 23, 21, 7, 1
2024/3/15, 70, 15, 33, 5, 1
2024/3/16, 53, 4, 30, 2, 1
2024/3/17, 16, 4, 28, 5, 1
2024/3/18, 19, 7, 20, 12, 1
2024/3/19, 31, 25, 23, 14, 1
2024/3/20, 72, 27, 23, 9, 1
2024/3/21, 84, 13, 27, 6, 1
2024/3/22, 52, 11, 27, 4, 1
2024/3/23, 42, 10, 32, 6, 1
2024/3/24, 41, 16, 20, 12, 1
2024/3/25, 58, 20, 27, 12, 1
2024/3/26, 68, 16, 31, 7, 1
2024/3/27, 50, 20, 24, 7, 1
2024/3/28, 57, 8, 32, 7, 1
2024/3/29, 24, 12, 32, 12, 1
2024/3/30, 37, 59, 29, 8, 1
2024/3/31, 97, 57, 26, 14, 2
2023/10/1, 31, 15, 20, 10, 
2023/10/2, 51, 18, 32, 7, 
2023/10/3, 46, 5, 26, , 
2023/10/4, 21, 7, 26, 3, 
2023/10/5, 29, 7, 20, 5, 
2023/10/6, 26, 6, 26, , 
2023/10/7, 19, 4, 24, , 
2023/10/8, 17, 14, 23, 9, 
2023/10/9, 37, 19, 18, 13, 
2023/10/10, 60, 18, 25, 4, 
2023/10/11, 56, 6, 26, 1, 
2023/10/12, 23, 12, 18, 7, 
2023/10/13, 42, 10, 27, 1, 
2023/10/14, 35, 4, 25, , 
2023/10/15, 16, 6, 20, 4, 
2023/10/16, 25, 7, 22, 4, 
2023/10/17, 27, 8, 22, 5, 
2023/10/18, 30, 7, 20, 10, 1
2023/10/19, 25, 6, 18, 3, 1
2023/10/20, 25, 10, 11, 4, 1
2023/10/21, 36, 23, 11, 7, 1
2023/10/22, 71, 13, 21, 5, 1
2023/10/23, 42, 19, 19, 18, 1
2023/10/24, 56, 8, 15, 7, 1
2023/10/25, 34, 5, 4, 7, 1
2023/10/26, 21, 8, 8, 8, 1
2023/10/27, 33, 10, 9, 6, 1
2023/10/28, 41, 14, 15, 5, 1
2023/10/29, 52, 11, 23, 8, 1
2023/10/30, 35, 13, 21, 8, 1
2023/10/31, 46, 7, 22, 4, 1
2023/11/1, 25, 15, 15, 6, 1
2023/11/2, 53, 11, 17, 7, 1
2023/11/3, 43, 9, 21, 4, 1
2023/11/4, 37, 15, 14, 4, 1
2023/11/5, 57, 8, 21, 3, 1
2023/11/6, 32, 9, 17, 6, 1
2023/11/7, 33, 11, 19, 5, 1
2023/11/8, 42, 13, 17, 6, 1
2023/11/9, 49, 17, 15, 8, 1
2023/11/10, 57, 20, 12, 12, 1
2023/11/11, 64, 10, 25, 2, 1
2023/11/12, 41, 15, 19, 7, 1
2023/11/13, 50, 13, 23, 11, 1
2023/11/14, 48, 8, 17, 6, 1
2023/11/15, 33, 13, 15, 13, 1
2023/11/16, 49, 19, 8, 9, 1
2023/11/17, 62, 21, 7, 8, 1
2023/11/18, 70, 18, 14, 4, 1
2023/11/19, 66, 15, 13, 8, 1
2023/11/20, 58, 8, 19, 6, 1
2023/11/21, 34, 12, 23, 7, 1
2023/11/22, 50, 5, 31, 1, 1
2023/11/23, 22, 6, 29, 3, 1
2023/11/24, 27, 5, 26, 2, 1
2023/11/25, 21, 6, 27, 1, 1
2023/11/26, 28, 14, 20, 9, 1
2023/11/27, 49, 14, 21, 8, 1
2023/11/28, 50, 20, 17, 11, 1
2023/11/29, 70, 30, 17, 10, 1
2023/11/30, 92, 12, 16, 4, 1
2023/12/1, 52, 16, 17, 9, 1
2023/12/2, 58, 9, 18, 2, 1
2023/12/3, 39, 18, 15, 7, 1
2023/12/4, 60, 23, 17, 12, 2
2023/12/5, 77, 25, 14, 11, 3
2023/12/6, 80, 27, 12, 10, 2
2023/12/7, 86, 35, 8, 9, 1
2023/12/8, 103, 37, 7, 8, 1
2023/12/9, 105, 33, 10, 7, 1
2023/12/10, 95, 24, 11, 13, 1
2023/12/11, 73, 14, 13, 7, 1
2023/12/12, 53, 14, 5, 17, 1
2023/12/13, 51, 13, 13, 10, 1
2023/12/14, 45, 10, 13, 5, 1
2023/12/15, 44, 7, 24, 2, 1
2023/12/16, 30, 6, 23, 1, 1
2023/12/17, 26, 3, 23, 2, 1
2023/12/18, 16, 5, 16, 4, 1
2023/12/19, 22, 5, 30, 4, 
2023/12/20, 22, 6, 30, 6, 
2023/12/21, 24, 3, 29, 1, 
2023/12/22, 15, 5, 31, , 1
2023/12/23, 20, 6, 28, 2, 1
2023/12/24, 27, 5, 31, 1, 1
2023/12/25, 22, 5, 30, 1, 1
2023/12/26, 22, 7, 26, 2, 1
2023/12/27, 27, 12, 20, 6, 1
2023/12/28, 50, 6, 26, 3, 1
2023/12/29, 26, 5, 26, 1, 1
2023/12/30, 23, 13, 22, 4, 1
2023/12/31, 48, 31, 13, 5, 1
2023/7/1, 39, 12, 36, 1, 1
2023/7/2, 39, 16, 41, 2, 1
2023/7/3, 44, 14, 35, 4, 1
2023/7/4, 39, 14, 37, 8, 1
2023/7/5, 43, 13, 33, 8, 1
2023/7/6, 40, 13, 39, 10, 1
2023/7/7, 39, 12, 44, 10, 1
2023/7/8, 40, 15, 38, 11, 1
2023/7/9, 48, 11, 29, 12, 1
2023/7/10, 37, 15, 35, 11, 1
2023/7/11, 50, 18, 38, 10, 1
2023/7/12, 52, 11, 31, 8, 1
2023/7/13, 35, 9, 33, 4, 1
2023/7/14, 32, 12, 43, 8, 1
2023/7/15, 40, 14, 42, 5, 1
2023/7/16, 44, 13, 36, 7, 1
2023/7/17, 40, 9, 32, 3, 1
2023/7/18, 32, 9, 28, 5, 1
2023/7/19, 33, 7, 31, 2, 1
2023/7/20, 26, 8, 30, 5, 1
2023/7/21, 28, 9, 34, 3, 1
2023/7/22, 34, 11, 34, 5, 1
2023/7/23, 42, 14, 31, 8, 2
2023/7/24, 43, 8, 31, 1, 1
2023/7/25, 30, 8, 28, 4, 1
2023/7/26, 31, 8, 32, 5, 1
2023/7/27, 28, 16, 38, 12, 1
2023/7/28, 48, 12, 41, 4, 1
2023/7/29, 43, 10, 32, 3, 1
2023/7/30, 39, 10, 31, 2, 1
2023/7/31, 32, 9, 25, 6, 1
2023/8/1, 37, 11, 31, 5, 1
2023/8/2, 32, 10, 29, 5, 1
2023/8/3, 30, 8, 32, 3, 1
2023/8/4, 31, 11, 30, 8, 1
2023/8/5, 38, 14, 30, 4, 1
2023/8/6, 47, 6, 34, 2, 1
2023/8/7, 20, 8, 31, 3, 1
2023/8/8, 27, 8, 30, 5, 1
2023/8/9, 27, 9, 29, 7, 1
2023/8/10, 32, 14, 34, 13, 1
2023/8/11, 41, 17, 39, 12, 1
2023/8/12, 43, 17, 38, 6, 1
2023/8/13, 46, 14, 38, 11, 1
2023/8/14, 42, 22, 46, 13, 1
2023/8/15, 58, 13, 45, 8, 1
2023/8/16, 43, 10, 31, 7, 1
2023/8/17, 35, 17, 27, 11, 1
2023/8/18, 53, 22, 36, 9, 1
2023/8/19, 65, 22, 33, 9, 2
2023/8/20, 66, 11, 38, 1, 1
2023/8/21, 38, 12, 33, 6, 1
2023/8/22, 37, 13, 35, 11, 1
2023/8/23, 39, 12, 35, 7, 1
2023/8/24, 36, 24, 41, 19, 1
2023/8/25, 54, 25, 33, 16, 1
2023/8/26, 73, 11, 33, 6, 1
2023/8/27, 39, 8, 33, 6, 1
2023/8/28, 29, 9, 27, 14, 1
2023/8/29, 37, 9, 27, 5, 1
2023/8/30, 32, 8, 28, 7, 
2023/8/31, 32, 9, 27, 7, 
2023/9/1, 35, 9, 28, 2, 
2023/9/2, 35, 9, 32, 2, 
2023/9/3, 36, 11, 30, 10, 
2023/9/4, 37, 12, 37, 14, 1
2023/9/5, 38, 15, 38, 11, 
2023/9/6, 48, 16, 27, 21, 
2023/9/7, 51, 21, 38, 30, 1
2023/9/8, 54, 25, 42, 15, 1
2023/9/9, 64, 27, 54, 13, 1
2023/9/10, 69, 32, 60, 24, 1
2023/9/11, 77, 38, 53, 26, 1
2023/9/12, 82, 27, 29, 12, 1
2023/9/13, 67, 7, 23, 7, 
2023/9/14, 25, 9, 23, 15, 1
2023/9/15, 32, 14, 29, 9, 1
2023/9/16, 34, 20, 35, 5, 1
2023/9/17, 58, 19, 37, 11, 1
2023/9/18, 56, 15, 29, 8, 
2023/9/19, 44, 19, 23, 10, 
2023/9/20, 42, 18, 36, 8, 
2023/9/21, 44, 18, 28, 5, 
2023/9/22, 46, 11, 22, 3, 
2023/9/23, 43, 9, 26, 4, 
2023/9/24, 33, 12, 24, 13, 
2023/9/25, 39, 19, 13, 15, 
2023/9/26, 53, 34, 28, 16, 1
2023/9/27, 79, 37, 34, 20, 1
2023/9/28, 80, 44, 33, 21, 
2023/9/29, 82, 12, 26, 1, 
2023/9/30, 42, 8, 27, 1, 
2023/4/1, 31, 6, 39, 2, 1
2023/4/2, 23, 7, 38, 3, 1
2023/4/3, 24, 10, 38, 4, 1
2023/4/4, 32, 11, 35, 9, 1
2023/4/5, 38, 19, 36, 15, 3
2023/4/6, 53, 16, 23, 7, 1
2023/4/7, 56, 28, 24, 9, 1
2023/4/8, 80, 19, 38, 3, 1
2023/4/9, 59, 17, 39, 8, 2
2023/4/10, 55, 19, 38, 8, 1
2023/4/11, 59, 14, 34, 10, 1
2023/4/12, 53, 22, 37, 13, 1
2023/4/13, 66, 23, 29, 13, 1
2023/4/14, 72, 21, 32, 5, 1
2023/4/15, 68, 14, 25, 4, 1
2023/4/16, 54, 17, 29, 7, 1
2023/4/17, 60, 19, 44, 6, 1
2023/4/18, 63, 16, 40, 7, 1
2023/4/19, 49, 24, 45, 11, 1
2023/4/20, 62, 23, 41, 16, 1
2023/4/21, 49, 16, 35, 12, 1
2023/4/22, 39, 25, 54, 5, 1
2023/4/23, 65, 20, 42, 9, 1
2023/4/24, 61, 11, 40, 3, 1
2023/4/25, 42, 10, 38, 2, 1
2023/4/26, 35, 9, 37, 2, 1
2023/4/27, 33, 12, 39, 8, 1
2023/4/28, 42, 23, 44, 9, 1
2023/4/29, 66, 12, 42, 1, 1
2023/4/30, 42, 16, 46, 4, 1
2023/5/1, 50, 21, 40, 7, 1
2023/5/2, 58, 15, 38, 7, 1
2023/5/3, 47, 20, 36, 10, 1
2023/5/4, 55, 9, 35, 3, 1
2023/5/5, 28, 13, 34, 5, 1
2023/5/6, 37, 15, 40, 7, 1
2023/5/7, 44, 26, 40, 17, 1
2023/5/8, 51, 31, 45, 18, 2
2023/5/9, 63, 23, 49, 5, 2
2023/5/10, 48, 22, 47, 12, 1
2023/5/11, 45, 40, 44, 18, 2
2023/5/12, 65, 28, 50, 12, 1
2023/5/13, 61, 25, 48, 14, 2
2023/5/14, 60, 20, 33, 18, 1
2023/5/15, 56, 11, 38, 3, 1
2023/5/16, 44, 12, 35, 2, 1
2023/5/17, 37, 9, 27, 7, 2
2023/5/18, 23, 11, 22, 14, 1
2023/5/19, 33, 12, 30, 10, 
2023/5/20, 35, 15, 43, 10, 1
2023/5/21, 42, 15, 42, 15, 1
2023/5/22, 39, 25, 44, 16, 1
2023/5/23, 51, 24, 45, 11, 1
2023/5/24, 58, 21, 45, 2, 
2023/5/25, 55, 18, 36, 1, 
2023/5/26, 46, 12, 34, 9, 
2023/5/27, 34, 14, 41, 5, 1
2023/5/28, 36, 14, 37, 3, 
2023/5/29, 38, 16, 36, 10, 1
2023/5/30, 36, 17, 40, 5, 
2023/5/31, 34, 15, 34, 2, 
2023/6/1, 43, 7, 29, 3, 
2023/6/2, 22, 8, 30, 8, 
2023/6/3, 23, 11, 32, 9, 1
2023/6/4, 32, 15, 37, 17, 2
2023/6/5, 36, 20, 44, 17, 1
2023/6/6, 41, 20, 42, 17, 1
2023/6/7, 44, 18, 55, 11, 1
2023/6/8, 50, 19, 36, 5, 1
2023/6/9, 50, 16, 30, 3, 
2023/6/10, 34, 16, 29, 3, 
2023/6/11, 35, 16, 31, 9, 1
2023/6/12, 39, 18, 38, 7, 1
2023/6/13, 41, 20, 40, 8, 1
2023/6/14, 49, 16, 35, 8, 1
2023/6/15, 52, 20, 39, 14, 1
2023/6/16, 63, 18, 41, 11, 1
2023/6/17, 59, 15, 39, 6, 1
2023/6/18, 55, 21, 45, 13, 1
2023/6/19, 60, 19, 46, 12, 1
2023/6/20, 59, 21, 49, 9, 1
2023/6/21, 58, 14, 43, 4, 1
2023/6/22, 43, 24, 39, 15, 1
2023/6/23, 53, 17, 38, 2, 1
2023/6/24, 51, 14, 41, 6, 1
2023/6/25, 46, 15, 39, 11, 1
2023/6/26, 44, 10, 36, 2, 1
2023/6/27, 35, 9, 46, 2, 1
2023/6/28, 32, 14, 42, 3, 1
2023/6/29, 45, 15, 27, 6, 1
2023/6/30, 50, 13, 37, 2, 
2023/1/2, 47, 4, 28, 2, 
2023/1/3, 18, 10, 25, 6, 
2023/1/4, 41, 3, 24, 2, 
2023/1/5, 13, , , , 
2023/1/8, 78, 28, 9, 8, 1
2023/1/9, 87, 19, 10, 11, 1
2023/1/10, 66, 13, 18, 6, 1
2023/1/11, 51, 10, 19, 5, 1
2023/1/12, 41, 6, 23, 6, 1
2023/1/13, 27, 6, 25, 3, 1
2023/1/14, 28, 5, 30, 2, 1
2023/1/15, 24, 10, 24, 7, 1
2023/1/16, 37, 14, 20, 7, 2
2023/1/17, 56, 16, 17, 12, 3
2023/1/18, 59, 20, 12, 15, 4
2023/1/19, 66, 23, 17, 10, 3
2023/1/20, 75, 8, 22, 3, 2
2023/1/21, 30, 7, 17, 4, 2
2023/1/22, 33, 9, 18, 6, 2
2023/1/23, 37, 14, 20, 5, 3
2023/1/24, 53, 24, 19, 6, 4
2023/1/25, 78, 23, 17, 6, 3
2023/1/26, 73, 4, 28, 4, 2
2023/1/27, 17, 12, 23, 7, 3
2023/1/28, 43, 7, 20, 2, 2
2023/1/29, 32, 7, 27, 2, 2
2023/1/30, 32, 6, 31, 2, 1
2023/1/31, 24, 4, 30, 2, 1
2023/2/1, 20, 4, 25, 2, 1
2023/2/2, 18, 11, 22, 8, 2
2023/2/3, 46, 5, 25, 2, 2
2023/2/4, 20, 20, 23, 12, 3
2023/2/5, 67, 14, 26, 5, 3
2023/2/6, 56, 11, 26, 6, 2
2023/2/7, 41, 25, 23, 8, 3
2023/2/8, 82, 28, 25, 8, 4
2023/2/9, 86, 14, 28, 3, 2
2023/2/10, 54, 10, 28, 2, 2
2023/2/11, 39, 10, 27, 5, 2
2023/2/12, 41, 6, 30, 2, 2
2023/2/13, 27, 11, 28, 3, 2
2023/2/14, 44, 24, 20, 11, 2
2023/2/15, 74, 39, 17, 6, 3
2023/2/16, 113, 18, 34, 7, 2
2023/2/17, 61, 6, 33, 1, 1
2023/2/18, 26, 5, 31, 1, 2
2023/2/19, 20, 5, 31, 3, 1
2023/2/20, 23, 8, 30, 1, 1
2023/2/21, 34, 7, 20, 11, 2
2023/2/22, 30, 21, 19, 7, 3
2023/2/23, 68, 13, 29, 5, 2
2023/2/24, 46, 6, 31, 3, 2
2023/2/25, 29, 4, 30, 2, 2
2023/2/26, 19, 10, 28, 12, 2
2023/2/27, 33, 19, 29, 14, 3
2023/2/28, 66, 13, 26, 4, 2
2023/3/1, 51, 11, 26, 5, 1
2023/3/2, 43, 9, 30, 2, 1
2023/3/3, 40, 8, 33, 1, 1
2023/3/4, 29, 5, 31, 1, 1
2023/3/5, 20, 11, 28, 8, 2
2023/3/6, 36, 17, 30, 7, 2
2023/3/7, 59, 9, 32, 4, 1
2023/3/8, 27, 20, 28, 18, 2
2023/3/9, 44, 11, 24, 8, 2
2023/3/10, 45, 8, 33, 2, 1
2023/3/11, 34, 15, 34, 6, 2
2023/3/12, 36, 14, 24, 7, 2
2023/3/13, 53, 9, 33, 6, 1
2023/3/14, 36, 7, 30, 3, 1
2023/3/15, 27, 14, 27, 10, 2
2023/3/16, 47, 20, 31, 9, 2
2023/3/17, 64, 23, 36, 4, 2
2023/3/18, 70, 38, 36, 13, 3
2023/3/19, 97, 25, 28, 9, 1
2023/3/20, 78, 10, 33, 6, 
2023/3/21, 35, 18, 25, 6, 1
2023/3/22, 64, 12, 32, 6, 1
2023/3/23, 43, 9, 34, 5, 1
2023/3/24, 39, 9, 33, 3, 
2023/3/25, 37, 5, 37, 1, 
2023/3/26, 24, 6, 36, 2, 1
2023/3/27, 22, 10, 34, 3, 1
2023/3/28, 33, 16, 35, 11, 2
2023/3/29, 45, 25, 27, 12, 2
2023/3/30, 74, 11, 34, 10, 1
2023/3/31, 44, 8, 38, 4, 1
2022/10/1, 71, 7, 22, 1, 1
2022/10/2, 27, 10, 24, 2, 1
2022/10/3, 37, 9, 21, 2, 1
2022/10/4, 32, 17, 16, 6, 1
2022/10/5, 51, 12, 28, 3, 1
2022/10/6, 39, 22, 26, 9, 2
2022/10/7, 51, 22, 27, 5, 1
2022/10/8, 62, 12, 24, 4, 1
2022/10/9, 35, 18, 21, 7, 1
2022/10/10, 58, 11, 26, 3, 1
2022/10/11, 37, 13, 24, 6, 1
2022/10/12, 39, 23, 25, 9, 1
2022/10/13, 63, 38, 20, 12, 1
2022/10/14, 93, 34, 14, 5, 1
2022/10/15, 98, 29, 11, 5, 2
2022/10/16, 80, 17, 18, 7, 1
2022/10/17, 54, 10, 23, 2, 1
2022/10/18, 36, 6, 24, 2, 1
2022/10/19, 23, 9, 23, 7, 1
2022/10/20, 31, 21, 17, 7, 1
2022/10/21, 66, 30, 15, 6, 1
2022/10/22, 85, 19, 20, 5, 1
2022/10/23, 61, 23, 10, 7, 1
2022/10/24, 71, 16, 25, 5, 1
2022/10/25, 52, 15, 23, 5, 
2022/10/26, 50, 24, 18, 8, 
2022/10/27, 72, 26, 14, 7, 
2022/10/28, 75, 13, 25, 2, 
2022/10/29, 43, 16, 22, 7, 
2022/10/30, 50, 23, 12, 7, 
2022/10/31, 73, 7, 15, 2, 
2022/11/1, 28, 16, 20, 6, 
2022/11/2, 55, 11, 19, 7, 
2022/11/3, 37, 15, 14, 6, 1
2022/11/4, 54, 10, 23, 3, 
2022/11/5, 41, 12, 21, 2, 1
2022/11/6, 47, 19, 16, 6, 1
2022/11/7, 63, 14, 16, 6, 
2022/11/8, 51, 20, 13, 8, 
2022/11/9, 64, 11, 22, 3, 
2022/11/10, 44, 12, 19, 2, 
2022/11/11, 48, 10, 22, 1, 
2022/11/12, 41, 11, 18, 5, 
2022/11/13, 44, 15, 19, 3, 
2022/11/14, 56, 22, 11, 9, 1
2022/11/15, 70, 6, 16, 5, 
2022/11/16, 22, 8, 14, 5, 1
2022/11/17, 32, 7, 21, 5, 1
2022/11/18, 25, 16, 14, 4, 1
2022/11/19, 62, 26, 11, 6, 1
2022/11/20, 85, 30, 10, 11, 1
2022/11/21, 96, 40, 11, 10, 1
2022/11/22, 115, 26, 10, 6, 1
2022/11/23, 81, 31, 5, 10, 1
2022/11/24, 88, 43, 1, 11, 1
2022/11/25, 121, 26, 8, 5, 1
2022/11/26, 85, 22, 7, 5, 1
2022/11/27, 76, 23, 6, 9, 1
2022/11/28, 73, 21, 14, 6, 1
2022/11/29, 72, 21, 13, 6, 1
2022/11/30, 72, 18, 10, 9, 1
2022/12/1, 62, 19, 11, 8, 1
2022/12/2, 65, 27, 8, 7, 1
2022/12/3, 82, 28, 7, 6, 1
2022/12/4, 85, 22, 9, 5, 1
2022/12/5, 67, 32, 1, 7, 1
2022/12/6, 92, 7, 26, 4, 1
2022/12/7, 32, 15, 22, 8, 
2022/12/8, 51, 26, 9, 19, 1
2022/12/9, 82, 23, 18, 8, 1
2022/12/10, 78, 14, 20, 6, 1
2022/12/11, 48, 6, 24, 2, 
2022/12/12, 26, 7, 21, 3, 
2022/12/13, 32, 24, 13, 9, 1
2022/12/14, 79, 50, 12, 16, 2
2022/12/15, 143, 32, 10, 13, 1
2022/12/16, 97, 23, 18, 7, 1
2022/12/17, 78, 20, 20, 5, 1
2022/12/18, 70, 25, 18, 6, 1
2022/12/19, 83, 20, 14, 7, 1
2022/12/20, 70, 21, 10, 7, 1
2022/12/21, 73, 16, 6, 9, 1
2022/12/22, 60, 11, 22, 4, 
2022/12/23, 47, 11, 15, 10, 
2022/12/24, 43, 23, 10, 6, 
2022/12/25, 71, 11, 27, 2, 
2022/12/26, 41, 5, 28, 2, 
2022/12/27, 22, 11, 23, 5, 
2022/12/28, 46, 9, 22, 5, 
2022/12/29, 40, 8, 22, 5, 
2022/12/30, 33, 9, 23, 3, 1
2022/12/31, 38, 10, 24, 1, 
2023/1/1, 33, 13, 26, 6, 1
2022/7/1, 57, 10, 32, 2, 1
2022/7/2, 32, 12, 35, 5, 1
2022/7/3, 38, 17, 40, 6, 1
2022/7/4, 38, 14, 31, 4, 1
2022/7/5, 31, 10, 28, 2, 
2022/7/6, 27, 26, 27, 3, 1
2022/7/7, 35, 10, 25, 1, 
2022/7/8, 32, 9, 27, , 
2022/7/9, 27, 6, 22, 1, 
2022/7/10, 22, 5, 23, 1, 
2022/7/11, 19, 7, 30, , 
2022/7/12, 23, 10, 44, 1, 
2022/7/13, 30, 10, 33, , 
2022/7/14, 28, 8, 26, 1, 
2022/7/15, 24, 6, 22, 2, 
2022/7/16, 22, 8, 27, , 
2022/7/17, 26, 10, 30, 1, 
2022/7/18, 35, 16, 48, 5, 1
2022/7/19, 46, 31, 46, 13, 1
2022/7/20, 54, 26, 61, 5, 1
2022/7/21, 55, 29, 43, 8, 
2022/7/22, 73, 15, 30, 2, 
2022/7/23, 47, 9, 27, , 
2022/7/24, 33, 17, 42, 5, 
2022/7/25, 43, 12, 35, 2, 
2022/7/26, 34, 7, 26, 2, 
2022/7/27, 24, 11, 25, 1, 
2022/7/28, 30, 11, 26, 6, 
2022/7/29, 26, 9, 32, 6, 1
2022/7/30, 23, 9, 27, 5, 
2022/7/31, 27, 13, 31, 5, 1
2022/8/1, 31, 18, 32, 3, 
2022/8/2, 38, 35, 45, 10, 1
2022/8/3, 51, 36, 55, 8, 1
2022/8/4, 57, 33, 58, 3, 
2022/8/5, 56, 10, 28, , 
2022/8/6, 28, 9, 28, 2, 
2022/8/7, 29, 17, 27, 8, 
2022/8/8, 40, 18, 30, 9, 
2022/8/9, 42, 16, 31, 7, 
2022/8/10, 36, 21, 31, 10, 
2022/8/11, 37, 21, 33, 12, 
2022/8/12, 41, 19, 33, 8, 
2022/8/13, 42, 20, 35, 4, 
2022/8/14, 51, 22, 29, 7, 1
2022/8/15, 59, 25, 35, 8, 
2022/8/16, 61, 21, 45, 9, 
2022/8/17, 58, 29, 35, 10, 
2022/8/18, 70, 33, 47, 10, 
2022/8/19, 66, 27, 31, 5, 
2022/8/20, 75, 10, 24, 1, 
2022/8/21, 38, 10, 28, 4, 
2022/8/22, 33, 19, 22, 5, 
2022/8/23, 53, 23, 31, 4, 
2022/8/24, 59, 28, 26, 6, 
2022/8/25, 69, 30, 36, 9, 
2022/8/26, 62, 27, 39, 9, 
2022/8/27, 62, 28, 39, 6, 
2022/8/28, 61, 9, 31, 1, 
2022/8/29, 31, 6, 20, 1, 
2022/8/30, 20, 6, 24, 4, 
2022/8/31, 20, 6, 24, 4, 
2022/9/1, 21, 8, 22, 8, 1
2022/9/2, 24, 6, 28, 7, 1
2022/9/3, 22, 8, 28, 7, 1
2022/9/4, 23, 11, 22, 12, 
2022/9/5, 30, 12, 26, 10, 
2022/9/6, 28, 17, 27, 13, 
2022/9/7, 35, 17, 29, 7, 
2022/9/8, 34, 17, 21, 5, 
2022/9/9, 49, 22, 14, 5, 
2022/9/10, 65, 15, 28, 2, 
2022/9/11, 43, 10, 29, 4, 
2022/9/12, 33, 17, 24, 7, 
2022/9/13, 54, 8, 30, 2, 
2022/9/14, 27, 10, 28, 2, 
2022/9/15, 27, 8, 25, 1, 
2022/9/16, 26, 6, 22, 1, 
2022/9/17, 24, 9, 19, 1, 
2022/9/18, 31, 6, 22, 2, 
2022/9/19, 23, 7, 20, 2, 
2022/9/20, 25, 8, 21, 3, 1
2022/9/21, 26, 9, 17, 6, 1
2022/9/22, 31, 19, 23, 11, 1
2022/9/23, 47, 29, 27, 10, 1
2022/9/24, 66, 30, 28, 9, 1
2022/9/25, 76, 30, 22, 9, 1
2022/9/26, 72, 22, 23, 7, 1
2022/9/27, 67, 17, 19, 7, 1
2022/9/28, 48, 21, 21, 7, 1
2022/9/29, 58, 25, 23, 10, 1
2022/9/30, 63, 26, 24, 5, 1
2022/4/1, 31, 11, 37, 2, 1
2022/4/2, 30, 12, 37, 3, 1
2022/4/3, 35, 43, 34, 4, 
2022/4/4, 51, 8, 35, 2, 
2022/4/5, 29, 15, 25, 8, 
2022/4/6, 51, 18, 38, 4, 
2022/4/7, 45, 8, 37, 1, 
2022/4/8, 26, 8, 39, 2, 
2022/4/9, 32, 9, 36, 1, 
2022/4/10, 32, 14, 36, 6, 
2022/4/11, 42, 21, 33, 11, 
2022/4/12, 52, 34, 37, 16, 2
2022/4/13, 68, 44, 35, 10, 1
2022/4/14, 81, 14, 33, 4, 
2022/4/15, 51, 8, 35, 3, 1
2022/4/16, 31, 8, 36, 5, 1
2022/4/17, 29, 12, 42, 4, 1
2022/4/18, 43, 14, 32, 6, 1
2022/4/19, 40, 16, 34, 5, 1
2022/4/20, 45, 19, 34, 9, 1
2022/4/21, 48, 19, 36, 7, 
2022/4/22, 48, 17, 39, 4, 
2022/4/23, 48, 13, 32, 3, 
2022/4/24, 48, 12, 30, 4, 
2022/4/25, 48, 19, 35, 7, 
2022/4/26, 41, 18, 34, 6, 
2022/4/27, 40, 26, 34, 11, 
2022/4/28, 40, 31, 35, 12, 1
2022/4/29, 63, 21, 36, 8, 
2022/4/30, 46, 16, 38, 2, 
2022/5/1, 48, 18, 38, 7, 
2022/5/2, 47, 11, 35, 3, 
2022/5/3, 41, 14, 33, 9, 
2022/5/4, 31, 31, 30, 8, 1
2022/5/5, 64, 17, 32, 6, 
2022/5/6, 53, 15, 35, 4, 
2022/5/7, 45, 12, 37, 2, 
2022/5/8, 43, 12, 34, 9, 
2022/5/9, 26, 40, 45, 9, 
2022/5/10, 53, 36, 39, 10, 
2022/5/11, 61, 22, 33, 5, 
2022/5/12, 47, 14, 38, 1, 
2022/5/13, 35, 14, 37, 1, 
2022/5/14, 40, 9, 36, , 
2022/5/15, 31, 19, 34, 8, 
2022/5/16, 43, 12, 30, 8, 
2022/5/17, 25, 17, 25, 11, 
2022/5/18, 36, 47, 48, 9, 1
2022/5/19, 51, 31, 41, 3, 
2022/5/20, 60, 13, 39, 4, 
2022/5/21, 41, 9, 33, 1, 
2022/5/22, 32, 15, 34, 9, 
2022/5/23, 38, 21, 34, 6, 
2022/5/24, 53, 18, 29, 6, 
2022/5/25, 55, 16, 35, 3, 
2022/5/26, 39, 12, 35, 1, 
2022/5/27, 25, 6, 34, 1, 
2022/5/28, 22, 9, 27, 4, 
2022/5/29, 33, 15, 27, 10, 
2022/5/30, 51, 11, 30, 5, 
2022/5/31, 33, 14, 36, 9, 
2022/6/1, 45, 13, 35, 2, 
2022/6/2, 39, 16, 33, 4, 
2022/6/3, 47, 19, 32, 7, 
2022/6/4, 55, 10, 34, 4, 
2022/6/5, 34, 24, 46, 9, 1
2022/6/6, 54, 28, 43, 9, 1
2022/6/7, 70, 33, 34, 10, 
2022/6/8, 65, 35, 26, 13, 1
2022/6/9, 72, 16, 33, 2, 
2022/6/10, 49, 16, 36, 5, 
2022/6/11, 45, 15, 34, 3, 
2022/6/12, 48, 13, 31, 5, 
2022/6/13, 42, 9, 29, , 
2022/6/14, 30, 10, 30, 2, 
2022/6/15, 32, 10, 30, 2, 
2022/6/16, 34, 12, 32, 1, 
2022/6/17, 35, 15, 57, 2, 1
2022/6/18, 38, 12, 35, 2, 1
2022/6/19, 40, 10, 29, 4, 
2022/6/20, 35, 8, 28, 1, 
2022/6/21, 27, 15, 28, 3, 
2022/6/22, 44, 18, 32, 8, 1
2022/6/23, 50, 25, 41, 7, 1
2022/6/24, 49, 17, 36, 6, 1
2022/6/25, 48, 22, 40, 8, 1
2022/6/26, 58, 27, 43, 8, 1
2022/6/27, 55, 27, 34, 6, 1
2022/6/28, 57, 18, 28, 5, 1
2022/6/29, 50, 21, 35, 10, 1
2022/6/30, 53, 36, 43, 8, 1
2022/1/3, 22, 13, 24, 6, 
2022/1/4, 51, 7, 26, 2, 
2022/1/5, 31, 7, 23, 1, 
2022/1/6, 29, 16, 21, 6, 
2022/1/7, 55, 16, 26, 4, 
2022/1/8, 62, 30, 21, 9, 1
2022/1/9, 94, 38, 7, 20, 2
2022/1/10, 114, 30, 15, 14, 1
2022/1/11, 94, 29, 20, 10, 1
2022/1/12, 91, 5, 28, 2, 
2022/1/13, 23, 5, 30, 2, 
2022/1/14, 20, 8, 27, 2, 
2022/1/15, 30, 15, 20, 3, 1
2022/1/16, 58, 5, 31, 2, 
2022/1/17, 21, 8, 25, 5, 
2022/1/18, 32, 14, 26, 6, 1
2022/1/19, 52, 9, 29, 3, 
2022/1/20, 26, 5, 28, 2, 
2022/1/21, 20, 7, 28, 2, 1
2022/1/22, 28, 17, 23, 6, 1
2022/1/23, 61, 10, 26, 6, 
2022/1/24, 42, 8, 26, 3, 
2022/1/25, 35, 8, 25, 5, 
2022/1/26, 33, 8, 31, 3, 
2022/1/27, 34, 4, 28, 2, 
2022/1/28, 19, 6, 34, 3, 
2022/1/29, 26, 5, 33, 1, 
2022/1/30, 19, 7, 29, 3, 
2022/1/31, 28, 11, 25, 7, 1
2022/2/1, 43, 10, 24, 6, 
2022/2/2, 43, 15, 21, 9, 1
2022/2/3, 55, 17, 20, 10, 1
2022/2/4, 61, 6, 32, 2, 
2022/2/5, 26, 5, 28, 2, 
2022/2/6, 22, 6, 31, 2, 
2022/2/7, 23, 6, 31, 4, 
2022/2/8, 27, 7, 29, 5, 
2022/2/9, 27, 8, 28, 5, 
2022/2/10, 33, 7, 28, 4, 
2022/2/11, 30, 8, 29, 3, 1
2022/2/12, 32, 17, 25, 3, 1
2022/2/13, 61, 22, 29, 7, 1
2022/2/14, 63, 24, 23, 11, 1
2022/2/15, 72, 13, 22, 6, 
2022/2/16, 51, 4, 32, 3, 
2022/2/17, 16, 7, 32, 3, 
2022/2/18, 27, 4, 31, 1, 
2022/2/19, 16, 7, 26, 2, 1
2022/2/20, 31, 4, 33, 3, 
2022/2/21, 17, 5, 28, 3, 
2022/2/22, 21, 9, 31, 3, 
2022/2/23, 36, 14, 26, 6, 1
2022/2/24, 50, 8, 29, 3, 1
2022/2/25, 30, 9, 27, 4, 1
2022/2/26, 37, 10, 28, 10, 1
2022/2/27, 33, 35, 22, 18, 1
2022/2/28, 66, 53, 23, 17, 2
2022/3/1, 96, 45, 29, 14, 2
2022/3/2, 101, 13, 27, 4, 1
2022/3/3, 46, 5, 27, 6, 
2022/3/4, 20, 12, 29, 8, 
2022/3/5, 31, 17, 30, 7, 
2022/3/6, 54, 10, 30, 5, 
2022/3/7, 36, 16, 28, 7, 
2022/3/8, 41, 14, 28, 6, 
2022/3/9, 47, 19, 27, 8, 
2022/3/10, 45, 27, 28, 8, 1
2022/3/11, 57, 39, 29, 13, 1
2022/3/12, 76, 36, 33, 12, 2
2022/3/13, 89, 32, 31, 8, 1
2022/3/14, 84, 57, 24, 18, 1
2022/3/15, 129, 31, 20, 10, 
2022/3/16, 91, 38, 32, 11, 
2022/3/17, 95, 44, 28, 11, 1
2022/3/18, 90, 14, 25, 6, 
2022/3/19, 50, 25, 38, 8, 
2022/3/20, 72, 50, 39, 17, 1
2022/3/21, 102, 75, 41, 19, 2
2022/3/22, 117, 50, 42, 10, 1
2022/3/23, 102, 33, 41, 3, 
2022/3/24, 70, 51, 40, 9, 1
2022/3/25, 92, 15, 33, 2, 
2022/3/26, 41, 17, 36, 5, 
2022/3/27, 42, 21, 35, 3, 
2022/3/28, 48, 14, 34, 4, 
2022/3/29, 40, 7, 34, 6, 
2022/3/30, 19, 12, 34, 4, 
2022/3/31, 23, 19, 35, 3, 
2021/10/1, 45, 24, 15, 5, 1
2021/10/2, 76, 25, 34, 3, 1
2021/10/3, 69, 33, 22, 13, 1
2021/10/4, 74, 25, 27, 7, 1
2021/10/5, 61, 27, 22, 9, 1
2021/10/6, 68, 28, 12, 9, 1
2021/10/7, 73, 35, 21, 14, 1
2021/10/8, 72, 32, 25, 15, 2
2021/10/9, 71, 31, 34, 11, 1
2021/10/10, 84, 32, 16, 10, 2
2021/10/11, 72, 7, , 6, 1
2021/10/12, 25, 8, , 4, 1
2021/10/13, 28, 16, , 11, 2
2021/10/14, 50, 11, , 4, 1
2021/10/15, 37, 8, , 1, 1
2021/10/16, 28, 7, , 1, 1
2021/10/17, 28, 10, 21, 9, 1
2021/10/18, 31, 19, 19, 10, 2
2021/10/19, 60, 16, 27, 4, 1
2021/10/20, 53, 10, 30, 3, 
2021/10/21, 27, 4, 31, 1, 1
2021/10/22, 15, 6, 24, 1, 1
2021/10/23, 24, 19, 24, 9, 1
2021/10/24, 56, 22, 20, 8, 1
2021/10/25, 66, 23, 17, 8, 2
2021/10/26, 69, 16, 21, 5, 
2021/10/27, 55, 20, 21, 10, 
2021/10/28, 60, 42, 24, 10, 1
2021/10/29, 92, 35, 27, 9, 2
2021/10/30, 88, 29, 24, 5, 1
2021/10/31, 76, 28, 26, 5, 2
2021/11/1, 81, 31, 14, 11, 1
2021/11/2, 89, 19, 19, 7, 
2021/11/3, 62, 20, 12, 8, 
2021/11/4, 64, 5, 22, 5, 
2021/11/5, 21, 5, 25, 1, 
2021/11/6, 23, 8, 24, 1, 
2021/11/7, 33, 7, 21, 6, 
2021/11/8, 27, 12, 14, 10, 
2021/11/9, 43, 28, 11, 9, 1
2021/11/10, 77, 15, 17, 3, 
2021/11/11, 57, 18, 22, 10, 
2021/11/12, 52, 27, 9, 7, 
2021/11/13, 84, 24, 17, 5, 1
2021/11/14, 78, 22, 17, 8, 1
2021/11/15, 67, 27, 8, 7, 
2021/11/16, 83, 23, 11, 8, 
2021/11/17, 73, 5, 26, 5, 
2021/11/18, 22, 4, 29, 1, 
2021/11/19, 17, 7, 26, 1, 
2021/11/20, 29, 6, 26, 2, 
2021/11/21, 24, 7, 20, 8, 
2021/11/22, 31, 11, 20, 6, 
2021/11/23, 38, 7, 26, 4, 
2021/11/24, 27, , , , 
2021/11/27, 88, 24, 13, 6, 1
2021/11/28, 80, 13, 18, 5, 
2021/11/29, 49, 10, 22, 9, 
2021/11/30, 41, 13, 20, 11, 1
2021/12/1, 49, 5, 26, 3, 
2021/12/2, 22, 8, 23, 5, 
2021/12/3, 33, 14, 18, 4, 1
2021/12/4, 56, 19, 15, 7, 1
2021/12/5, 67, 6, 25, 5, 1
2021/12/6, 24, 15, 17, 11, 1
2021/12/7, 51, 24, 13, 7, 1
2021/12/8, 78, 20, 10, 9, 2
2021/12/9, 69, 23, 4, 8, 1
2021/12/10, 78, 32, 9, 11, 2
2021/12/11, 96, 31, 7, 9, 1
2021/12/12, 98, 30, 5, 12, 1
2021/12/13, 94, 20, 23, 10, 1
2021/12/14, 68, 11, 23, 5, 1
2021/12/15, 46, 8, 23, 2, 
2021/12/16, 33, 7, 23, 3, 
2021/12/17, 30, 7, 22, 2, 
2021/12/18, 31, 5, 28, 1, 
2021/12/19, 22, 4, 27, 2, 
2021/12/20, 18, 8, 25, 6, 
2021/12/21, 35, 14, 23, 9, 
2021/12/22, 51, 27, 14, 9, 1
2021/12/23, 85, 20, 29, 5, 
2021/12/24, 66, 6, 28, 1, 
2021/12/25, 27, 11, 25, 2, 
2021/12/26, 44, 22, 21, 10, 2
2021/12/27, 73, 29, 20, 7, 1
2021/12/28, 92, 35, 15, 9, 2
2021/12/29, 104, 29, 14, 10, 1
2021/12/30, 91, 4, 17, 3, 
2021/12/31, 19, 5, 25, 2, 
2022/1/1, 23, 9, 27, 2, 
2022/1/2, 39, 5, 27, 2, 
2021/7/1, 41, 12, 23, 2, 
2021/7/2, 43, 14, 28, 1, 
2021/7/3, 51, 17, 30, 3, 
2021/7/4, 54, 13, 23, 8, 
2021/7/5, 43, 18, 37, 4, 
2021/7/6, 51, 19, 31, 4, 1
2021/7/7, 43, 8, 26, 6, 
2021/7/8, 30, 15, 26, 5, 
2021/7/9, 49, 15, 27, 1, 
2021/7/10, 44, 14, 34, 4, 1
2021/7/11, 44, 14, 33, 6, 
2021/7/12, 46, 21, 44, 12, 1
2021/7/13, 58, 24, 38, 10, 
2021/7/14, 61, 24, 39, 7, 
2021/7/15, 62, 30, 38, 11, 
2021/7/16, 66, 17, 27, 2, 
2021/7/17, 54, 15, 28, , 
2021/7/18, 44, 13, 26, 1, 
2021/7/19, 37, 14, 30, 1, 1
2021/7/20, 34, 12, 26, 1, 
2021/7/21, 35, 19, 29, 4, 1
2021/7/22, 51, 19, 35, 3, 
2021/7/23, 51, 18, 27, 6, 
2021/7/24, 47, 16, 35, 6, 1
2021/7/25, 44, 31, 30, 12, 1
2021/7/26, 69, 32, 43, 10, 1
2021/7/27, 69, 22, 43, 8, 1
2021/7/28, 53, 28, 35, 4, 1
2021/7/29, 50, 40, 34, 2, 
2021/7/30, 52, 23, 37, 4, 
2021/7/31, 48, 10, 32, 1, 
2021/8/1, 32, 10, 29, 1, 
2021/8/2, 30, 9, 23, 3, 
2021/8/3, 28, 12, 33, 10, 
2021/8/4, 36, 11, 32, 8, 
2021/8/5, 31, 11, 28, 5, 
2021/8/6, 30, 12, 36, 2, 
2021/8/7, 35, 13, 29, 4, 
2021/8/8, 44, 15, 31, 7, 
2021/8/9, 46, 21, 33, 9, 1
2021/8/10, 43, 10, 31, 3, 
2021/8/11, 37, 11, 31, 3, 
2021/8/12, 37, 27, 43, 9, 
2021/8/13, 52, 20, 38, 4, 
2021/8/14, 48, 13, 31, 3, 
2021/8/15, 39, 18, 38, 7, 
2021/8/16, 44, 12, 27, 3, 
2021/8/17, 29, 9, 28, 2, 
2021/8/18, 32, 7, 22, 2, 
2021/8/19, 28, 11, 27, 5, 
2021/8/20, 36, 9, 29, 3, 
2021/8/21, 31, 14, 30, 7, 
2021/8/22, 38, 11, 29, 4, 
2021/8/23, 22, 7, 30, 4, 
2021/8/24, 24, 20, 29, 5, 
2021/8/25, 37, 7, 18, 3, 
2021/8/26, 25, 11, 17, 10, 
2021/8/27, 39, 18, 26, 6, 
2021/8/28, 57, 12, 28, 3, 
2021/8/29, 42, 12, 20, 8, 
2021/8/30, 45, 13, 27, 4, 
2021/8/31, 48, 10, 26, 1, 
2021/9/1, 33, 9, 27, 2, 
2021/9/2, 29, 14, 27, 2, 
2021/9/3, 46, 11, 27, 10, 
2021/9/4, 36, 9, 28, 7, 
2021/9/5, 30, 20, 31, 10, 1
2021/9/6, 42, 29, 38, 13, 1
2021/9/7, 55, 33, 47, 14, 
2021/9/8, 66, 47, 47, 19, 1
2021/9/9, 82, 47, 47, 19, 
2021/9/10, 75, 31, 36, 8, 
2021/9/11, 77, 16, 26, 2, 
2021/9/12, 55, 11, 28, 3, 
2021/9/13, 36, 10, 27, 5, 
2021/9/14, 35, 16, 25, 9, 
2021/9/15, 49, 21, 18, 6, 
2021/9/16, 65, 18, 18, 9, 
2021/9/17, 53, 9, 23, 3, 
2021/9/18, 32, 11, 25, 3, 
2021/9/19, 32, 15, 25, 3, 1
2021/9/20, 41, 11, 28, 3, 1
2021/9/21, 38, 15, 23, 5, 1
2021/9/22, 45, 19, 36, 6, 
2021/9/23, 57, 11, 31, 2, 
2021/9/24, 32, 10, 27, , 
2021/9/25, 36, 13, 25, 6, 1
2021/9/26, 43, 13, 18, 8, 1
2021/9/27, 38, 17, 17, 6, 1
2021/9/28, 46, 22, 26, 4, 1
2021/9/29, 56, 27, 23, 8, 1
2021/9/30, 59, 19, 27, 9, 1
2021/4/1, 63, 11, 31, 2, 1
2021/4/2, 43, 10, 32, 3, 1
2021/4/3, 38, 8, 35, 1, 1
2021/4/4, 32, 11, 33, 1, 1
2021/4/5, 39, 8, 29, 2, 1
2021/4/6, 33, 9, 30, 2, 1
2021/4/7, 35, 10, 32, 2, 1
2021/4/8, 38, 29, 33, 5, 1
2021/4/9, 58, 15, 31, 7, 1
2021/4/10, 50, 19, 44, 6, 2
2021/4/11, 55, 14, 28, 5, 1
2021/4/12, 50, 12, 33, 3, 1
2021/4/13, 38, 10, 31, 3, 1
2021/4/14, 34, 7, 32, 5, 1
2021/4/15, 29, 10, 30, 5, 2
2021/4/16, 36, 21, 26, 7, 2
2021/4/17, 60, 24, 38, 6, 2
2021/4/18, 63, 27, 36, 10, 2
2021/4/19, 57, 49, 41, 17, 2
2021/4/20, 91, 31, 42, 8, 2
2021/4/21, 68, 10, 31, 2, 1
2021/4/22, 33, 11, 31, 3, 
2021/4/23, 27, 10, 30, 2, 
2021/4/24, 30, 9, 28, 3, 
2021/4/25, 33, 14, 28, 6, 
2021/4/26, 35, 18, 28, 7, 
2021/4/27, 39, 34, 34, 16, 1
2021/4/28, 67, 37, 35, 15, 1
2021/4/29, 72, 20, 33, 7, 
2021/4/30, 64, 10, 35, 6, 
2021/5/1, 34, 9, 34, 3, 
2021/5/2, 34, 8, 37, 1, 
2021/5/3, 32, 15, 38, 5, 
2021/5/4, 51, 12, 34, 6, 
2021/5/5, 31, 8, 32, 3, 
2021/5/6, 28, 13, 35, 5, 
2021/5/7, 38, 11, 35, 5, 
2021/5/8, 38, 16, 43, 4, 1
2021/5/9, 55, 23, 47, 6, 1
2021/5/10, 47, 28, 50, 6, 1
2021/5/11, 52, 29, 45, 6, 1
2021/5/12, 49, 35, 38, 14, 1
2021/5/13, 52, 20, 31, 10, 
2021/5/14, 44, 20, 28, 6, 
2021/5/15, 57, 15, 29, 4, 
2021/5/16, 52, 16, 29, 10, 
2021/5/17, 48, 16, 29, 5, 
2021/5/18, 50, 13, 36, 1, 
2021/5/19, 42, 11, 36, 2, 1
2021/5/20, 36, 17, 35, 6, 
2021/5/21, 45, 12, 33, 3, 
2021/5/22, 38, 9, 32, 2, 
2021/5/23, 31, 14, 37, 6, 1
2021/5/24, 41, 13, 30, 7, 1
2021/5/25, 41, 13, 32, 4, 1
2021/5/26, 35, 14, 30, 6, 1
2021/5/27, 45, 17, 25, 7, 1
2021/5/28, 48, 8, 30, 3, 1
2021/5/29, 32, 10, 32, 2, 1
2021/5/30, 36, 13, 33, 6, 1
2021/5/31, 35, 16, 32, 7, 1
2021/6/1, 43, 21, 33, 8, 1
2021/6/2, 49, 18, 36, 9, 1
2021/6/3, 45, 23, 32, 12, 1
2021/6/4, 53, 18, 38, 8, 1
2021/6/5, 50, 18, 38, 8, 1
2021/6/6, 49, 23, 39, 8, 2
2021/6/7, 53, 33, 37, 6, 1
2021/6/8, 53, 18, 42, 3, 
2021/6/9, 46, 17, 36, 3, 
2021/6/10, 46, 28, 40, 6, 
2021/6/11, 54, 16, 32, 2, 
2021/6/12, 46, 11, 27, 1, 
2021/6/13, 33, 19, 29, 4, 
2021/6/14, 48, 18, 30, 4, 
2021/6/15, 45, 17, 28, 4, 
2021/6/16, 38, 25, 42, 9, 
2021/6/17, 43, 31, 59, 8, 1
2021/6/18, 55, 28, 57, 4, 
2021/6/19, 65, 24, 46, 4, 1
2021/6/20, 54, 33, 47, 6, 1
2021/6/21, 57, 27, 44, 7, 
2021/6/22, 55, 20, 33, 4, 
2021/6/23, 49, 21, 31, 8, 
2021/6/24, 55, 13, 32, 2, 
2021/6/25, 40, 16, 34, 2, 
2021/6/26, 49, 15, 31, 3, 
2021/6/27, 46, 18, 33, 5, 
2021/6/28, 45, 24, 31, 9, 
2021/6/29, 45, 27, 31, 13, 1
2021/6/30, 45, 14, 37, 3, 
2021/1/4, 39, 7, 11, 4, 
2021/1/5, 34, 12, 10, 4, 
2021/1/6, 47, 27, 10, 8, 
2021/1/7, 85, 26, 2, 9, 1
2021/1/8, 83, 19, 9, 6, 
2021/1/9, 69, 19, 16, 4, 
2021/1/10, 67, 18, 17, 6, 
2021/1/11, 67, 20, 14, 7, 
2021/1/12, 71, 19, 24, 9, 
2021/1/13, 64, 18, 24, 12, 
2021/1/14, 63, 12, 26, 6, 1
2021/1/15, 46, 6, 27, 2, 
2021/1/16, 24, 36, 14, 10, 2
2021/1/17, 108, 48, 16, 14, 2
2021/1/18, 136, 68, 10, 17, 3
2021/1/19, 170, 30, 16, 11, 2
2021/1/20, 93, 18, 22, 7, 1
2021/1/21, 65, 22, 20, 9, 1
2021/1/22, 73, 22, 26, 10, 1
2021/1/23, 70, 9, 26, 3, 
2021/1/24, 35, 9, 25, 3, 
2021/1/25, 39, 8, 22, 2, 
2021/1/26, 36, 10, 23, 3, 
2021/1/27, 35, 16, 23, 4, 1
2021/1/28, 55, 14, 20, 8, 
2021/1/29, 47, 11, 25, 2, 
2021/1/30, 46, 9, 25, 1, 1
2021/1/31, 39, 36, 19, 14, 2
2021/2/1, 106, 44, 19, 8, 2
2021/2/2, 130, 28, 27, 14, 1
2021/2/3, 89, 9, 27, 5, 1
2021/2/4, 34, 18, 26, 7, 1
2021/2/5, 62, 20, 29, 9, 3
2021/2/6, 65, 11, 31, 4, 4
2021/2/7, 45, 8, 30, 3, 1
2021/2/8, 32, 11, 27, 9, 5
2021/2/9, 43, 19, 19, 14, 2
2021/2/10, 68, 7, 30, 6, 1
2021/2/11, 27, 13, 28, 7, 1
2021/2/12, 45, 7, 32, 2, 1
2021/2/13, 29, 6, 32, 1, 1
2021/2/14, 25, 24, 30, 13, 1
2021/2/15, 68, 47, 22, 12, 3
2021/2/16, 132, 53, 30, 13, 5
2021/2/17, 148, 39, 32, 13, 12
2021/2/18, 112, 41, 25, 8, 2
2021/2/19, 122, 28, 26, 7, 1
2021/2/20, 87, 39, 33, 6, 1
2021/2/21, 111, 58, 20, 20, 2
2021/2/22, 148, 41, 21, 11, 2
2021/2/23, 107, 46, 19, 11, 2
2021/2/24, 105, 49, 20, 11, 1
2021/2/25, 110, 11, 29, 1, 1
2021/2/26, 41, 6, 30, 1, 1
2021/2/27, 22, 11, 25, 1, 1
2021/2/28, 47, 12, 23, 2, 1
2021/3/1, 47, 14, 22, 2, 
2021/3/2, 54, 28, 23, 7, 1
2021/3/3, 74, 14, 27, 4, 1
2021/3/4, 50, 9, 28, 2, 
2021/3/5, 33, 8, 31, 2, 
2021/3/6, 35, 6, 30, 1, 
2021/3/7, 25, 7, 29, 4, 
2021/3/8, 30, 29, 25, 17, 1
2021/3/9, 80, 51, 26, 21, 2
2021/3/10, 121, 45, 23, 7, 2
2021/3/11, 125, 9, 28, 3, 1
2021/3/12, 36, 10, 31, 3, 1
2021/3/13, 43, 5, 27, 2, 1
2021/3/14, 22, 13, 24, 8, 1
2021/3/15, 47, 34, 23, 16, 1
2021/3/16, 98, 9, 27, 4, 1
2021/3/17, 33, 10, 28, 4, 1
2021/3/18, 36, 5, 26, 3, 1
2021/3/19, 20, 7, 27, 2, 1
2021/3/20, 27, 8, 31, 2, 1
2021/3/21, 29, 7, 33, 2, 1
2021/3/22, 22, 11, 30, 2, 1
2021/3/23, 43, 26, 25, 6, 1
2021/3/24, 76, 48, 28, 10, 1
2021/3/25, 122, 51, 28, 14, 1
2021/3/26, 119, 39, 32, 4, 2
2021/3/27, 106, 9, 31, 1, 1
2021/3/28, 35, 14, 24, 4, 1
2021/3/29, 56, 13, 33, 2, 1
2021/3/30, 51, 23, 44, 5, 1
2021/3/31, 56, 35, 36, 12, 1
2020/12/17, 99, 25, 20, 8, 1
2020/12/18, 80, 25, 14, 7, 1
2020/12/19, 80, 25, 10, 6, 1
2020/12/20, 78, 23, 14, 3, 
2020/12/21, 89, 28, 10, 7, 1
2020/12/22, 63, 18, 15, 7, 1
2020/12/23, 60, 19, 23, 8, 1
2020/12/24, 43, 12, 25, 6, 
2020/12/25, 21, 4, 20, 1, 
2020/12/26, 32, 6, 20, 1, 
2020/12/27, 60, 16, 21, 2, 
2020/12/28, 68, 19, 16, 3, 
2020/12/29, 61, 16, 15, 6, 
2020/12/30, 85, 27, 14, 11, 
2020/12/31, 119, 40, 10, 8, 
2021/1/1, 79, 26, 11, 4, 
2021/1/2, 101, 33, 11, 5, 
2021/1/3, 62, 17, 16, 3, 
2023/1/7, , 24, 12, 3, 1
2021/11/26, , 29, 14, 9, 1
2020/10/1, , 41, 19, 4, 
2020/10/2, , 46, 23, 3, 
2020/10/3, , 18, 27, 2, 
2020/10/4, , 13, 27, 2, 
2020/10/5, , 15, 18, 8, 
2020/10/6, , 21, 17, 5, 
2020/10/7, , 14, 15, 6, 
2020/10/8, , 15, 21, 5, 
2020/10/9, , 13, 25, 6, 
2020/10/10, , 11, 20, 2, 
2020/10/11, , 14, 27, 5, 
2020/10/12, , 29, 13, 12, 1
2020/10/13, , 19, 23, 9, 1
2020/10/14, , 7, 23, 2, 
2020/10/15, , 6, 21, 6, 
2020/10/16, , 9, 21, 9, 1
2020/10/17, , 11, 21, 6, 1
2020/10/18, , 8, 23, 1, 1
2020/10/19, , 9, 21, 3, 
2020/10/20, , 17, 18, 8, 1
2020/10/21, , 18, 13, 8, 1
2020/10/22, , 17, 24, 5, 1
2020/10/23, , 14, 23, 5, 1
2020/10/24, , 15, 20, 4, 1
2020/10/25, , 13, 23, 2, 1
2020/10/26, , 22, 16, 6, 1
2020/10/27, , 22, 12, 8, 1
2020/10/28, , 18, 12, 6, 1
2020/10/29, , 13, 19, 6, 1
2020/10/30, , 12, 20, 5, 1
2020/10/31, , 11, 14, 6, 1
2020/11/1, , 13, 17, 2, 1
2020/11/2, , 13, 8, 4, 
2020/11/3, , 14, 24, 5, 
2020/11/4, , 16, 23, 5, 
2020/11/5, , 6, 22, 1, 
2020/11/6, , 4, 21, 1, 
2020/11/7, , 6, 17, 2, 
2020/11/8, , 15, 18, 4, 
2020/11/9, , 15, 17, 11, 
2020/11/10, , 10, 17, 4, 
2020/11/11, , 18, 17, 3, 1
2020/11/12, , 20, 10, 8, 1
2020/11/13, , 20, 12, 8, 1
2020/11/14, , 17, 10, 6, 1
2020/11/15, , 14, 11, 4, 1
2020/11/16, , 17, 11, 6, 
2020/11/17, , 10, 14, 5, 
2020/11/18, , 8, 16, 4, 1
2020/11/19, , 8, 28, 4, 
2020/11/20, , 6, 27, 2, 
2020/11/21, , 8, 21, 3, 1
2020/11/22, , 5, 24, 1, 1
2020/11/23, , 8, 22, 2, 
2020/11/24, , 8, 20, 3, 
2020/11/25, , 20, 11, 10, 1
2020/11/26, , 25, 20, 8, 1
2020/11/27, , 7, 21, 3, 1
2020/11/28, , 4, 19, 5, 1
2020/11/29, , 13, 10, 5, 1
2020/11/30, , 12, 16, 4, 1
2020/12/1, , 35, 11, 8, 1
2020/12/2, , 38, 10, 8, 1
2020/12/3, , 34, 14, 6, 1
2020/12/4, , 28, 11, 6, 1
2020/12/5, , 24, 16, 5, 1
2020/12/6, , 24, 17, 2, 1
2020/12/7, , 18, 18, 3, 1
2020/12/8, , 24, 15, 4, 1
2020/12/9, , 33, 12, 5, 1
2020/12/10, , 29, 11, 6, 2
2020/12/11, , 31, 7, 8, 2
2020/12/12, , 19, 9, 4, 1
2020/12/13, , 29, 9, 4, 
2020/12/14, , 34, 9, 9, 1
2020/12/15, , 38, 6, 9, 1
2020/12/16, , 24, 18, 7, 1
2020/7/1, , 16, 29, 4, 1
2020/7/2, , 10, 24, 8, 1
2020/7/3, , 12, 36, 4, 1
2020/7/4, , 14, 23, 1, 1
2020/7/5, , 11, 25, 3, 1
2020/7/6, , 8, 24, 2, 1
2020/7/7, , 11, 23, 2, 1
2020/7/8, , 8, 27, 5, 1
2020/7/9, , 12, 28, 3, 1
2020/7/10, , 11, 25, , 1
2020/7/11, , 9, 25, , 1
2020/7/12, , 10, 23, 1, 1
2020/7/13, , 7, 32, 7, 1
2020/7/14, , 14, 39, 5, 1
2020/7/15, , 16, 30, 2, 1
2020/7/16, , 8, 33, 7, 1
2020/7/17, , 13, 30, 7, 1
2020/7/18, , 18, 35, 7, 1
2020/7/19, , 17, 33, 6, 
2020/7/20, , 23, 23, 1, 
2020/7/21, , 10, 26, 1, 
2020/7/22, , 10, 26, 1, 
2020/7/23, , 10, 29, 6, 
2020/7/24, , 17, 24, 2, 
2020/7/25, , 10, 39, 5, 1
2020/7/26, , 15, 27, 4, 
2020/7/27, , 11, 35, 6, 
2020/7/28, , 14, 26, 1, 
2020/7/29, , 10, 23, 1, 
2020/7/30, , 8, 21, 1, 
2020/7/31, , 9, 23, 4, 
2020/8/1, , 9, 35, 5, 1
2020/8/2, , 13, 22, 8, 1
2020/8/3, , 10, 23, 2, 1
2020/8/4, , 7, 29, 4, 1
2020/8/5, , 12, 33, 10, 1
2020/8/6, , 16, 36, 14, 1
2020/8/7, , 20, 43, 11, 1
2020/8/8, , 20, 39, 11, 1
2020/8/9, , 19, 34, 10, 1
2020/8/10, , 20, 23, 6, 1
2020/8/11, , 12, 25, 8, 
2020/8/12, , 15, 31, 12, 1
2020/8/13, , 24, 39, 13, 1
2020/8/14, , 24, 43, 9, 1
2020/8/15, , 18, 44, 7, 1
2020/8/16, , 18, 41, 16, 1
2020/8/17, , 27, 32, 9, 1
2020/8/18, , 19, 26, 10, 1
2020/8/19, , 23, 31, 8, 1
2020/8/20, , 21, 47, 10, 1
2020/8/21, , 27, 42, 3, 1
2020/8/22, , 23, 32, 2, 
2020/8/23, , 10, 24, 3, 
2020/8/24, , 16, 23, 4, 1
2020/8/25, , 6, 25, 5, 
2020/8/26, , 11, 26, 3, 1
2020/8/27, , 7, 22, 7, 
2020/8/28, , 16, 26, 3, 
2020/8/29, , 12, 28, 9, 1
2020/8/30, , 15, 27, 4, 
2020/8/31, , 8, 25, 8, 1
2020/9/1, , 14, 19, 6, 1
2020/9/2, , 8, 22, 3, 
2020/9/3, , 10, 22, 6, 1
2020/9/4, , 14, 24, 3, 1
2020/9/5, , 13, 21, , 1
2020/9/6, , 9, 23, 2, 1
2020/9/7, , 8, 24, 3, 1
2020/9/8, , 13, 22, 1, 1
2020/9/9, , 12, 27, 1, 1
2020/9/10, , 14, 29, 8, 1
2020/9/11, , 20, 38, 5, 1
2020/9/12, , 20, 25, 1, 1
2020/9/13, , 12, 28, 5, 1
2020/9/14, , 17, 42, 12, 2
2020/9/15, , 31, 48, 7, 1
2020/9/16, , 30, 22, 2, 
2020/9/17, , 11, 24, 3, 
2020/9/18, , 12, 26, 4, 
2020/9/19, , 13, 25, 7, 
2020/9/20, , 11, 33, 16, 
2020/9/21, , 37, 40, 19, 2
2020/9/22, , 46, 46, 11, 1
2020/9/23, , 38, 42, 11, 1
2020/9/24, , 42, 34, 9, 
2020/9/25, , 23, 25, 5, 
2020/9/26, , 23, 26, 5, 
2020/9/27, , 28, 19, 6, 
2020/9/28, , 12, 23, 15, 
2020/9/29, , 19, 25, 9, 
2020/9/30, , 14, 19, 7, 
2020/4/1, , 8, 33, 2, 
2020/4/2, , 9, 33, 1, 
2020/4/3, , 10, 32, 2, 
2020/4/4, , 13, 36, 6, 1
2020/4/5, , 16, 42, 6, 1
2020/4/6, , 26, 42, 6, 1
2020/4/7, , 27, 35, 13, 1
2020/4/8, , 27, 36, 3, 
2020/4/9, , 18, 30, 8, 
2020/4/10, , 14, 32, 7, 1
2020/4/11, , 16, 41, 2, 1
2020/4/12, , 16, 33, , 
2020/4/13, , 14, 33, 1, 
2020/4/14, , 10, 35, 1, 
2020/4/15, , 13, 36, 1, 
2020/4/16, , 12, 32, 5, 
2020/4/17, , 11, 33, 5, 1
2020/4/18, , 12, 34, 1, 1
2020/4/19, , 8, 30, 8, 1
2020/4/20, , 15, 31, 6, 1
2020/4/21, , 9, 32, 10, 1
2020/4/22, , 21, 38, 4, 1
2020/4/23, , 15, 39, 5, 1
2020/4/24, , 16, 36, 2, 1
2020/4/25, , 9, 35, 4, 1
2020/4/26, , 10, 38, 11, 1
2020/4/27, , 24, 46, 7, 1
2020/4/28, , 23, 31, 5, 
2020/4/29, , 8, 35, 5, 
2020/4/30, , 12, 28, 3, 
2020/5/1, , 10, 32, 3, 
2020/5/2, , 9, 34, 1, 
2020/5/3, , 8, 33, 5, 
2020/5/4, , 13, 32, 4, 
2020/5/5, , 7, 36, 1, 
2020/5/6, , 7, 34, 1, 
2020/5/7, , 10, 40, 1, 
2020/5/8, , 15, 38, 3, 
2020/5/9, , 13, 38, 6, 1
2020/5/10, , 16, 36, 3, 
2020/5/11, , 9, 29, 2, 
2020/5/12, , 8, 31, 4, 1
2020/5/13, , 7, 33, 9, 1
2020/5/14, , 18, 35, 2, 1
2020/5/15, , 11, 34, , 1
2020/5/16, , 10, 34, , 1
2020/5/17, , 9, 29, 2, 
2020/5/18, , 7, 28, 2, 
2020/5/19, , 8, 27, 7, 1
2020/5/20, , 11, 29, 7, 1
2020/5/21, , 10, 29, 9, 1
2020/5/22, , 14, 34, 4, 1
2020/5/23, , 14, 28, 1, 1
2020/5/24, , 10, 28, 3, 1
2020/5/25, , 7, 32, 3, 1
2020/5/26, , 11, 29, 7, 1
2020/5/27, , 14, 28, 3, 1
2020/5/28, , 8, 28, 2, 1
2020/5/29, , 6, 30, 1, 1
2020/5/30, , 8, 28, 1, 1
2020/5/31, , 10, 29, 3, 1
2020/6/1, , 11, 28, 4, 1
2020/6/2, , 9, 26, 7, 1
2020/6/3, , 15, 27, 8, 1
2020/6/4, , 24, 24, 5, 1
2020/6/5, , 12, 34, 3, 1
2020/6/6, , 9, 28, 4, 1
2020/6/7, , 12, 33, 7, 1
2020/6/8, , 6, 38, 7, 1
2020/6/9, , 10, 33, 5, 1
2020/6/10, , 13, 23, 4, 1
2020/6/11, , 14, 25, 6, 1
2020/6/12, , 21, 22, 5, 1
2020/6/13, , 13, 26, 2, 1
2020/6/14, , 11, 25, 4, 1
2020/6/15, , 12, 35, 4, 1
2020/6/16, , 11, 36, 9, 1
2020/6/17, , 23, 32, 9, 1
2020/6/18, , 17, 39, 8, 1
2020/6/19, , 19, 35, 2, 1
2020/6/20, , 15, 35, 2, 1
2020/6/21, , 14, 27, 1, 1
2020/6/22, , 8, 30, 1, 1
2020/6/23, , 9, 31, 5, 1
2020/6/24, , 14, 41, 11, 1
2020/6/25, , 23, 41, 8, 1
2020/6/26, , 25, 41, 4, 1
2020/6/27, , 20, 45, 5, 1
2020/6/28, , 22, 24, 4, 1
2020/6/29, , 7, 33, 3, 1
2020/6/30, , 17, 25, 4, 1
2020/1/1, , 8, 23, 3, 1
2020/1/2, , 10, 17, 4, 
2020/1/3, , 7, 31, 1, 
2020/1/4, , 6, 25, 3, 1
2020/1/5, , 8, 20, 3, 1
2020/1/6, , 7, 14, 8, 1
2020/1/7, , 12, 20, 4, 1
2020/1/8, , 7, 22, 6, 1
2020/1/9, , 11, 25, 6, 
2020/1/10, , 6, 26, 2, 
2020/1/11, , 5, 24, 1, 1
2020/1/12, , 5, 22, 6, 1
2020/1/13, , 8, 17, 5, 1
2020/1/14, , 11, 17, 6, 1
2020/1/15, , 12, 27, 6, 1
2020/1/16, , 13, 15, 10, 2
2020/1/17, , 15, 24, 4, 1
2020/1/18, , 15, 28, 2, 1
2020/1/19, , 11, 26, 2, 1
2020/1/20, , 7, 26, 2, 1
2020/1/21, , 9, 31, 2, 1
2020/1/22, , 7, 26, 3, 1
2020/1/23, , 5, 24, 2, 1
2020/1/24, , 3, 13, 5, 1
2020/1/25, , 4, 17, 3, 1
2020/1/26, , 4, 8, 7, 2
2020/1/27, , 12, 11, 9, 2
2020/1/28, , 17, 25, 3, 1
2020/1/29, , 5, 27, 4, 1
2020/1/30, , 5, 30, 2, 1
2020/1/31, , 5, 30, 2, 1
2020/2/1, , 4, 30, , 1
2020/2/2, , 9, 28, 4, 2
2020/2/3, , 10, 28, 3, 2
2020/2/4, , 7, 28, 3, 2
2020/2/5, , 6, 27, 2, 2
2020/2/6, , 6, 26, 10, 2
2020/2/7, , 12, 22, 3, 3
2020/2/8, , 10, 28, 4, 2
2020/2/9, , 12, 32, 2, 2
2020/2/10, , 10, 28, 3, 2
2020/2/11, , 5, 29, 1, 2
2020/2/12, , 4, 28, 6, 2
2020/2/13, , 10, 13, 19, 5
2020/2/14, , 23, 20, 7, 3
2020/2/15, , 20, 25, 2, 3
2020/2/16, , 8, 36, 3, 2
2020/2/17, , 8, 25, 2, 2
2020/2/18, , 8, 28, 4, 2
2020/2/19, , 7, 26, 4, 2
2020/2/20, , 8, 29, 2, 2
2020/2/21, , 10, 34, 2, 2
2020/2/22, , 8, 32, , 2
2020/2/23, , 7, 29, 2, 2
2020/2/24, , 8, 27, 5, 2
2020/2/25, , 8, 29, 2, 1
2020/2/26, , 7, 28, 3, 
2020/2/27, , 7, 29, 2, 
2020/2/28, , 6, 23, 4, 
2020/2/29, , 8, 30, 2, 
2020/3/1, , 7, 19, 11, 1
2020/3/2, , 12, 8, 12, 
2020/3/3, , 9, 29, 6, 
2020/3/4, , 14, 21, 11, 1
2020/3/5, , 14, 24, 9, 2
2020/3/6, , 15, 21, 6, 1
2020/3/7, , 13, 31, 2, 1
2020/3/8, , 8, 24, 8, 1
2020/3/9, , 20, 27, 5, 1
2020/3/10, , 10, 33, 1, 1
2020/3/11, , 9, 33, 2, 1
2020/3/12, , 7, 31, 3, 1
2020/3/13, , 7, 31, 3, 1
2020/3/14, , 7, 32, 3, 2
2020/3/15, , 14, 25, 5, 2
2020/3/16, , 15, 29, 6, 1
2020/3/17, , 12, 31, 4, 1
2020/3/18, , 12, 29, 2, 1
2020/3/19, , 6, 29, 5, 1
2020/3/20, , 10, 32, 1, 1
2020/3/21, , 4, 30, 1, 1
2020/3/22, , 4, 28, 12, 2
2020/3/23, , 15, 31, 14, 2
2020/3/24, , 27, 33, 12, 2
2020/3/25, , 29, 32, 16, 3
2020/3/26, , 35, 34, 22, 2
2020/3/27, , 49, 43, 15, 3
2020/3/28, , 39, 34, 3, 
2020/3/29, , 15, , , 
2019/10/1, , 9, 21, 6, 
2019/10/2, , 9, 23, 2, 
2019/10/3, , 10, 15, 6, 
2019/10/4, , 11, 22, 5, 
2019/10/5, , 7, 23, 3, 
2019/10/6, , 7, 23, 4, 
2019/10/7, , 7, 16, 7, 
2019/10/8, , 13, 18, 7, 1
2019/10/9, , 16, 20, 3, 1
2019/10/10, , 9, 18, 4, 1
2019/10/11, , 12, 24, 2, 1
2019/10/12, , 6, 21, 6, 1
2019/10/13, , 13, 27, 4, 1
2019/10/14, , 14, 16, 14, 2
2019/10/15, , 25, 18, 10, 1
2019/10/16, , 28, 19, 3, 1
2019/10/17, , 13, 16, , 
2019/10/18, , 20, 25, , 
2019/10/19, , 16, 11, , 
2019/10/20, , 29, 11, , 
2019/10/21, , 27, 18, , 
2019/10/22, , 21, 21, , 
2019/10/23, , 15, 15, , 
2019/10/24, , 23, 20, 4, 2
2019/10/25, , 27, 22, 3, 1
2019/10/26, , 12, 29, 1, 1
2019/10/27, , 8, 23, 4, 1
2019/10/28, , 8, 26, 6, 2
2019/10/29, , 12, 24, 9, 2
2019/10/30, , 15, 21, 4, 3
2019/10/31, , 11, 23, 4, 3
2019/11/1, , 13, 17, 3, 3
2019/11/2, , 15, 8, 4, 3
2019/11/3, , 17, 6, 8, 4
2019/11/4, , 16, 16, 3, 4
2019/11/5, , 5, 16, 2, 4
2019/11/6, , 4, 10, 9, 4
2019/11/7, , 17, 8, 10, 5
2019/11/8, , 22, 11, 6, 5
2019/11/9, , 17, 21, 3, 5
2019/11/10, , 8, 19, 2, 5
2019/11/11, , 11, 11, 8, 6
2019/11/12, , 21, 21, 6, 6
2019/11/13, , 9, 24, 9, 6
2019/11/14, , 13, 18, 6, 6
2019/11/15, , 10, 10, 4, 6
2019/11/16, , 18, 15, 7, 7
2019/11/17, , 13, 11, 5, 7
2019/11/18, , 21, 13, 8, 7
2019/11/19, , 14, 10, 10, 8
2019/11/20, , 22, 11, 5, 8
2019/11/21, , 10, 10, 3, 7
2019/11/22, , 12, 9, 3, 8
2019/11/23, , 15, 8, 4, 8
2019/11/24, , 20, 6, 6, 8
2019/11/25, , 14, 5, 7, 5
2019/11/26, , 15, 1, 9, 2
2019/11/27, , 27, 10, 7, 1
2019/11/28, , 18, 22, 3, 
2019/11/29, , 4, 25, 3, 1
2019/11/30, , 6, 20, 2, 1
2019/12/1, , 7, 20, 3, 1
2019/12/2, , 7, 23, 8, 1
2019/12/3, , 9, 18, 3, 1
2019/12/4, , 7, 17, 7, 2
2019/12/5, , 15, 10, 8, 2
2019/12/6, , 14, 30, 3, 1
2019/12/7, , 5, 28, 2, 1
2019/12/8, , 5, 26, 5, 1
2019/12/9, , 8, 23, 7, 1
2019/12/10, , 345, 16, 8, 2
2019/12/11, , 18, 12, 8, 3
2019/12/12, , 20, 9, 8, 2
2019/12/13, , 15, 11, 6, 2
2019/12/14, , 12, 26, 2, 2
2019/12/15, , 7, 26, 7, 2
2019/12/16, , 11, 8, 12, 3
2019/12/17, , 18, 28, 5, 2
2019/12/18, , 9, 20, 10, 3
2019/12/19, , 10, 14, 10, 4
2019/12/20, , 16, 16, 7, 3
2019/12/21, , 15, 18, 10, 2
2019/12/22, , 10, 21, 3, 2
2019/12/23, , 6, 22, 2, 2
2019/12/24, , 6, 17, 4, 3
2019/12/25, , 10, 19, 1, 3
2019/12/26, , 4, 17, 2, 3
2019/12/27, , 4, 24, 3, 3
2019/12/28, , 5, 23, 3, 3
2019/12/29, , 6, , , 
2019/7/1, , 14, 28, , 
2019/7/2, , 10, 30, 1, 
2019/7/3, , 8, 29, 1, 
2019/7/4, , 10, 28, , 
2019/7/5, , 6, 23, 1, 
2019/7/6, , 7, 28, , 
2019/7/7, , 7, 23, 2, 
2019/7/8, , 6, 21, 1, 
2019/7/9, , 7, 20, 1, 
2019/7/10, , 7, 26, 1, 
2019/7/11, , 9, 28, 7, 
2019/7/12, , 10, 28, 10, 
2019/7/13, , 11, 33, 2, 
2019/7/14, , 8, 30, 7, 
2019/7/15, , 11, 24, 3, 
2019/7/16, , 9, 27, 3, 
2019/7/17, , 7, 27, 8, 
2019/7/18, , 9, 31, 15, 
2019/7/19, , 18, 36, 10, 
2019/7/20, , 16, 37, 5, 
2019/7/21, , 16, 26, 1, 
2019/7/22, , 9, 23, 2, 
2019/7/23, , 10, 20, 5, 
2019/7/24, , 14, 27, 9, 
2019/7/25, , 12, 28, 6, 
2019/7/26, , 15, 31, 6, 
2019/7/27, , 15, 27, 8, 
2019/7/28, , 23, 35, 14, 
2019/7/29, , 24, 23, 3, 
2019/7/30, , 15, 25, 6, 
2019/7/31, , 9, 22, 9, 
2019/8/1, , 11, 26, 1, 
2019/8/2, , 9, 32, 4, 
2019/8/3, , 10, 28, 4, 
2019/8/4, , 10, 28, 12, 
2019/8/5, , 15, 36, 11, 
2019/8/6, , 20, 32, 11, 
2019/8/7, , 17, 31, 3, 
2019/8/8, , 10, 28, 5, 
2019/8/9, , 10, 34, 7, 
2019/8/10, , 14, 35, 6, 
2019/8/11, , 13, 32, 12, 
2019/8/12, , 16, 34, 7, 
2019/8/13, , 17, 31, 4, 
2019/8/14, , 9, 35, 4, 
2019/8/15, , 31, 26, 10, 
2019/8/16, , 15, 35, 8, 
2019/8/17, , 17, 33, 5, 
2019/8/18, , 15, 29, 7, 
2019/8/19, , 10, 33, 16, 
2019/8/20, , 18, 34, 9, 
2019/8/21, , 12, 33, 10, 
2019/8/22, , 13, 45, 11, 
2019/8/23, , 19, 52, 14, 
2019/8/24, , 23, 42, 10, 
2019/8/25, , 19, 33, 16, 
2019/8/26, , 23, 38, 15, 
2019/8/27, , 24, 41, 9, 
2019/8/28, , 30, 50, 10, 
2019/8/29, , 17, 34, 6, 
2019/8/30, , 15, 38, 10, 
2019/8/31, , 15, 47, 3, 
2019/9/1, , 22, 30, 1, 
2019/9/2, , 9, 30, 3, 
2019/9/3, , 8, 25, 6, 
2019/9/4, , 11, 28, 8, 
2019/9/5, , 17, 27, 6, 
2019/9/6, , 11, 27, 13, 
2019/9/7, , 17, 27, 3, 
2019/9/8, , 10, 19, 13, 
2019/9/9, , 18, 32, 5, 
2019/9/10, , 8, 31, 9, 
2019/9/11, , 12, 28, 4, 
2019/9/12, , 14, 26, 2, 
2019/9/13, , 11, 24, 1, 
2019/9/14, , 12, 30, 1, 
2019/9/15, , 11, 28, 1, 
2019/9/16, , 16, 24, 2, 
2019/9/17, , 10, 22, 1, 
2019/9/18, , 7, 22, 2, 
2019/9/19, , 9, 21, 5, 
2019/9/20, , 9, 18, 1, 
2019/9/21, , 8, 20, 4, 
2019/9/22, , 8, 18, 6, 
2019/9/23, , 7, 19, 9, 
2019/9/24, , 14, 16, 11, 
2019/9/25, , 29, 19, 18, 
2019/9/26, , 35, 18, 12, 
2019/9/27, , 28, 23, 3, 
2019/9/28, , 11, 19, 2, 
2019/9/29, , 9, 26, 3, 
2019/9/30, , 7, 22, 6, 
2019/4/1, , 18, 36, 2, 
2019/4/2, , 22, 40, 4, 1
2019/4/3, , 28, 42, 6, 2
2019/4/4, , 31, 38, 16, 2
2019/4/5, , 40, 41, 18, 1
2019/4/6, , 36, 46, 14, 1
2019/4/7, , 42, 37, 14, 
2019/4/8, , 29, 34, 5, 
2019/4/9, , 12, 31, 4, 
2019/4/10, , 9, 27, 5, 
2019/4/11, , 6, 33, 5, 
2019/4/12, , 8, 34, 3, 
2019/4/13, , 11, 37, 3, 
2019/4/14, , 11, 36, 9, 
2019/4/15, , 12, 36, 12, 1
2019/4/16, , 17, 42, 11, 1
2019/4/17, , 19, 46, 16, 1
2019/4/18, , 28, 44, 10, 
2019/4/19, , 20, 47, 3, 
2019/4/20, , 12, 45, 3, 
2019/4/21, , 13, 38, 6, 
2019/4/22, , 14, 50, 6, 2
2019/4/23, , 41, 43, 4, 1
2019/4/24, , 34, 44, 12, 
2019/4/25, , 36, 44, 22, 1
2019/4/26, , 47, 37, 11, 
2019/4/27, , 36, 31, 1, 
2019/4/28, , 8, 33, 4, 
2019/4/29, , 16, 40, 5, 
2019/4/30, , 15, 39, 3, 1
2019/5/1, , 15, 38, , 
2019/5/2, , 10, 35, 2, 
2019/5/3, , 8, 31, 3, 1
2019/5/4, , 8, 33, 4, 1
2019/5/5, , 7, 35, 10, 1
2019/5/6, , 16, 31, 5, 1
2019/5/7, , 20, 37, 7, 1
2019/5/8, , 19, 38, 4, 1
2019/5/9, , 16, 32, 8, 1
2019/5/10, , 18, 33, 3, 1
2019/5/11, , 10, 32, 3, 1
2019/5/12, , 10, 26, 1, 1
2019/5/13, , 6, 30, 2, 1
2019/5/14, , 11, 30, 5, 1
2019/5/15, , 8, 26, 6, 
2019/5/16, , 12, 15, 8, 
2019/5/17, , 10, 20, 9, 
2019/5/18, , 20, 22, 7, 
2019/5/19, , 16, 27, 10, 
2019/5/20, , 19, 34, 6, 
2019/5/21, , 18, 32, 8, 
2019/5/22, , 18, 34, , 
2019/5/23, , 10, 42, 6, 
2019/5/24, , 14, 31, 1, 
2019/5/25, , 11, 35, , 
2019/5/26, , 10, 29, 4, 
2019/5/27, , 12, 26, 7, 
2019/5/28, , 8, 33, 1, 
2019/5/29, , 8, 38, 7, 1
2019/5/30, , 13, 30, 3, 1
2019/5/31, , 11, 30, 3, 1
2019/6/1, , 12, 30, 4, 1
2019/6/2, , 11, 39, 7, 1
2019/6/3, , 17, 40, 6, 1
2019/6/4, , 17, 42, 8, 1
2019/6/5, , 22, 42, 4, 1
2019/6/6, , 17, 34, 11, 1
2019/6/7, , 21, 40, 4, 1
2019/6/8, , 14, 34, 5, 1
2019/6/9, , 12, 33, 14, 1
2019/6/10, , 17, 37, 14, 1
2019/6/11, , 25, 51, 9, 2
2019/6/12, , 27, 35, 6, 1
2019/6/13, , 18, 40, 8, 1
2019/6/14, , 12, 44, 8, 1
2019/6/15, , 17, 34, 1, 1
2019/6/16, , 9, 34, 4, 1
2019/6/17, , 10, 38, 13, 1
2019/6/18, , 19, 37, 14, 1
2019/6/19, , 19, 35, 7, 1
2019/6/20, , 27, 33, 6, 1
2019/6/21, , 13, 32, 3, 1
2019/6/22, , 8, 30, 7, 1
2019/6/23, , 10, 31, 12, 1
2019/6/24, , 16, 38, 15, 1
2019/6/25, , 20, 65, 12, 
2019/6/26, , 32, 39, 1, 
2019/6/27, , 14, 27, 1, 
2019/6/28, , 9, 34, , 
2019/6/29, , 11, 66, 5, 
2019/6/30, , 14, 43, 1, 
2019/1/1, , 10, 30, 1, 1
2019/1/2, , 4, 30, 4, 2
2019/1/3, , 5, 28, 3, 1
2019/1/4, , 8, 26, 4, 2
2019/1/5, , 5, 26, 4, 2
2019/1/6, , 8, 23, 5, 2
2019/1/7, , 10, 13, 8, 1
2019/1/8, , 12, 9, 11, 2
2019/1/9, , 19, 16, 11, 2
2019/1/10, , 20, 22, 6, 2
2019/1/11, , 12, 27, 3, 1
2019/1/12, , 9, 28, 2, 1
2019/1/13, , 6, 30, 1, 1
2019/1/14, , 4, 29, 2, 1
2019/1/15, , 6, 27, 7, 2
2019/1/16, , 11, 23, 3, 1
2019/1/17, , 7, 26, 3, 1
2019/1/18, , 5, 23, 2, 1
2019/1/19, , 9, 23, 2, 1
2019/1/20, , 11, 21, 7, 1
2019/1/21, , 15, 13, 9, 2
2019/1/22, , 41, 17, 14, 5
2019/1/23, , 39, 16, 19, 4
2019/1/24, , 28, 17, 15, 9
2019/1/25, , 26, 19, 6, 2
2019/1/26, , 34, 14, 7, 3
2019/1/27, , 43, 15, 10, 2
2019/1/28, , 36, 21, 9, 2
2019/1/29, , 22, 22, 13, 2
2019/1/30, , 16, 10, 12, 3
2019/1/31, , 30, 18, 8, 2
2019/2/1, , 34, 17, 11, 3
2019/2/2, , 27, 19, 3, 1
2019/2/3, , 10, 20, 5, 1
2019/2/4, , 12, 22, 5, 2
2019/2/5, , 14, 21, 8, 1
2019/2/6, , 16, 19, 10, 2
2019/2/7, , 29, 17, 8, 1
2019/2/8, , 21, 23, 4, 1
2019/2/9, , 14, 26, 3, 
2019/2/10, , 11, 26, 3, 
2019/2/11, , 8, 28, 2, 
2019/2/12, , 4, 27, 2, 
2019/2/13, , 10, 26, 2, 
2019/2/14, , 11, 22, 3, 
2019/2/15, , 10, 28, 5, 1
2019/2/16, , 12, 27, 3, 
2019/2/17, , 15, 23, 8, 
2019/2/18, , 18, 24, 9, 1
2019/2/19, , 29, 30, 2, 
2019/2/20, , 8, 27, 9, 
2019/2/21, , 8, 29, 12, 
2019/2/22, , 11, 28, 7, 1
2019/2/23, , 19, 32, 2, 1
2019/2/24, , 10, 23, 3, 
2019/2/25, , 9, 30, 3, 
2019/2/26, , 9, 29, 5, 
2019/2/27, , 16, 27, 4, 
2019/2/28, , 18, 30, 9, 
2019/3/1, , 9, 32, 7, 
2019/3/2, , 16, 26, 2, 
2019/3/3, , 12, 33, 4, 
2019/3/4, , 7, 31, 2, 
2019/3/5, , 4, 26, 10, 
2019/3/6, , 10, 24, 8, 1
2019/3/7, , 19, 35, 3, 
2019/3/8, , 8, 35, 2, 
2019/3/9, , 10, 36, 3, 
2019/3/10, , 11, 35, 2, 
2019/3/11, , 6, 32, 5, 
2019/3/12, , 10, 30, 5, 
2019/3/13, , 12, 32, 4, 
2019/3/14, , 9, 29, 5, 
2019/3/15, , 8, 34, 2, 
2019/3/16, , 8, 34, 2, 
2019/3/17, , 8, 30, 3, 
2019/3/18, , 3, 33, 2, 
2019/3/19, , 5, 34, 3, 
2019/3/20, , 6, 26, 2, 
2019/3/21, , 9, 31, 9, 1
2019/3/22, , 10, 29, 4, 1
2019/3/23, , 14, 34, 1, 
2019/3/24, , 12, 31, 6, 
2019/3/25, , 13, 33, 3, 
2019/3/26, , 8, 32, 3, 
2019/3/27, , 7, 29, 6, 
2019/3/28, , 8, 32, 1, 
2019/3/29, , 7, 33, 4, 
2019/3/30, , 14, 37, 3, 
2019/3/31, , 11, 30, 12, 
2018/10/1, , 32, 23, 3, 2
2018/10/2, , 28, 23, 2, 2
2018/10/3, , 6, 24, 4, 2
2018/10/4, , 12, 18, 7, 2
2018/10/5, , 15, 31, 8, 2
2018/10/6, , 23, 22, 5, 2
2018/10/7, , 19, 22, 11, 2
2018/10/8, , 19, 22, 11, 2
2018/10/9, , 22, 21, 17, 2
2018/10/10, , 32, 27, 12, 2
2018/10/11, , 33, 26, 12, 2
2018/10/12, , 36, 34, 14, 2
2018/10/13, , 43, 31, 6, 2
2018/10/14, , 32, 29, 9, 2
2018/10/15, , 33, 24, 21, 2
2018/10/16, , 51, 26, 27, 3
2018/10/17, , 62, 33, 18, 3
2018/10/18, , 55, 18, 18, 2
2018/10/19, , 33, 25, 7, 
2018/10/20, , 29, 26, 3, 
2018/10/21, , 9, 23, 3, 
2018/10/22, , 13, 27, 2, 
2018/10/23, , 10, 27, 1, 
2018/10/24, , 5, 27, 3, 
2018/10/25, , 9, 22, 6, 
2018/10/26, , 10, 25, 2, 
2018/10/27, , 9, 19, 3, 
2018/10/28, , 5, 15, 4, 1
2018/10/29, , 6, 26, 5, 
2018/10/30, , 19, 17, 10, 
2018/10/31, , 18, 15, 8, 1
2018/11/1, , 24, 12, 10, 
2018/11/2, , 33, 21, 10, 
2018/11/3, , 22, 18, 8, 1
2018/11/4, , 18, 5, 6, 1
2018/11/5, , 19, 14, 8, 1
2018/11/6, , 33, 6, 11, 1
2018/11/7, , 42, 6, 18, 1
2018/11/8, , 57, 5, 8, 
2018/11/9, , 24, 7, 8, 
2018/11/10, , 34, 9, 4, 
2018/11/11, , 35, 9, 5, 
2018/11/12, , 30, 24, 6, 
2018/11/13, , 18, 19, 3, 
2018/11/14, , 8, 13, 14, 
2018/11/15, , 19, 9, 11, 
2018/11/16, , 17, 5, 14, 2
2018/11/17, , 33, 21, 3, 
2018/11/18, , 12, 16, 4, 
2018/11/19, , 6, 16, 4, 
2018/11/20, , 5, 16, 6, 
2018/11/21, , 8, 10, 9, 2
2018/11/22, , 16, 9, 8, 
2018/11/23, , 27, , 12, 1
2018/11/24, , 50, 10, 9, 1
2018/11/25, , 30, 19, 14, 1
2018/11/26, , 15, 21, 5, 
2018/11/27, , 10, 16, 17, 1
2018/11/28, , 17, 16, 4, 1
2018/11/29, , 19, 16, 5, 2
2018/11/30, , 20, 13, 7, 2
2018/12/1, , 30, 7, 7, 1
2018/12/2, , 30, 7, 9, 
2018/12/3, , 14, 26, 4, 
2018/12/4, , 8, 26, 6, 
2018/12/5, , 13, 10, 10, 1
2018/12/6, , 19, 6, 6, 
2018/12/7, , 11, 25, 1, 
2018/12/8, , 6, 24, , 
2018/12/9, , 5, 19, , 
2018/12/10, , 7, 16, , 
2018/12/11, , 5, 10, , 1
2018/12/12, , 7, 14, , 1
2018/12/13, , 9, 1, , 6
2018/12/14, , 20, 1, , 8
2018/12/15, , 15, 6, , 3
2018/12/16, , 13, 4, , 3
2018/12/17, , 33, 5, , 3
2018/12/18, , 37, 14, , 2
2018/12/19, , 39, 11, , 4
2018/12/20, , 38, 3, , 2
2018/12/21, , 35, 18, , 2
2018/12/22, , 13, 16, , 1
2018/12/23, , 9, 21, , 1
2018/12/24, , 5, 22, , 1
2018/12/25, , 8, 23, , 1
2018/12/26, , 8, 23, 2, 1
2018/12/27, , 5, 24, 1, 1
2018/12/28, , 5, 24, 2, 1
2018/12/29, , 5, 30, 4, 1
2018/12/30, , 5, , , 
2018/7/1, , 5, 26, 2, 1
2018/7/2, , 8, 32, 2, 1
2018/7/3, , 9, 40, 2, 1
2018/7/4, , 12, 35, 3, 1
2018/7/5, , 12, 32, 2, 1
2018/7/6, , 10, 30, 2, 1
2018/7/7, , 19, 25, 5, 1
2018/7/8, , 12, 28, 10, 1
2018/7/9, , 19, 26, 8, 1
2018/7/10, , 12, 25, 9, 1
2018/7/11, , 19, 17, 13, 1
2018/7/12, , 16, 24, 3, 1
2018/7/13, , 13, 29, 2, 1
2018/7/14, , 13, 29, 2, 1
2018/7/15, , 12, 27, 4, 1
2018/7/16, , 16, 20, 4, 
2018/7/17, , 20, 18, 2, 
2018/7/18, , 19, 24, 2, 
2018/7/19, , 24, 30, 1, 1
2018/7/20, , 14, 32, 2, 1
2018/7/21, , 11, 39, 7, 1
2018/7/22, , 15, 43, 14, 1
2018/7/23, , 24, 27, 5, 1
2018/7/24, , 14, 30, 6, 1
2018/7/25, , 17, 27, 4, 1
2018/7/26, , 24, 25, 8, 1
2018/7/27, , 27, 21, 8, 1
2018/7/28, , 34, 23, 6, 1
2018/7/29, , 28, 32, 7, 1
2018/7/30, , 23, 23, 6, 1
2018/7/31, , 37, 20, , 1
2018/8/1, , 33, 16, , 1
2018/8/2, , 36, , , 
2018/8/16, , 9, 31, , 1
2018/8/17, , 16, 27, , 1
2018/8/18, , 12, 33, , 1
2018/8/19, , 15, 27, , 1
2018/8/20, , 17, 23, , 1
2018/8/21, , 8, 25, , 1
2018/8/22, , 17, 43, , 1
2018/8/23, , 25, 31, , 1
2018/8/24, , 23, 24, , 1
2018/8/25, , 10, 24, , 1
2018/8/26, , 8, 29, , 1
2018/8/27, , 14, 23, , 1
2018/8/28, , 11, 25, , 1
2018/8/29, , 13, 33, , 1
2018/8/30, , 19, 33, , 1
2018/8/31, , 13, 29, , 1
2018/9/1, , 10, 33, , 1
2018/9/2, , 8, 32, , 1
2018/9/3, , 12, 25, , 1
2018/9/4, , 15, 28, , 1
2018/9/5, , 14, 28, , 1
2018/9/6, , 18, 26, , 1
2018/9/7, , 26, 27, 9, 1
2018/9/8, , 17, 29, 10, 1
2018/9/9, , 15, 36, 16, 1
2018/9/10, , 24, 30, 4, 1
2018/9/11, , 16, 23, 2, 
2018/9/12, , 10, 22, 8, 1
2018/9/13, , 14, 24, 18, 1
2018/9/14, , 24, 32, 5, 1
2018/9/15, , 18, 25, 5, 1
2018/9/16, , 10, 35, 12, 1
2018/9/17, , 22, 44, 21, 1
2018/9/18, , 38, 34, 12, 1
2018/9/19, , 30, 39, 15, 1
2018/9/20, , 34, 50, 6, 1
2018/9/21, , 37, 23, 2, 
2018/9/22, , 8, 22, 3, 1
2018/9/23, , 9, 23, 3, 1
2018/9/24, , 7, 29, 3, 1
2018/9/25, , 7, 24, 5, 2
2018/9/26, , 20, 23, 3, 2
2018/9/27, , 12, 21, 3, 2
2018/9/28, , 8, 26, 5, 2
2018/9/29, , 10, 28, 7, 2
2018/9/30, , 14, 30, 12, 2
2018/4/1, , 8, 41, 1, 
2018/4/2, , 11, 27, 14, 
2018/4/3, , 21, 35, 14, 1
2018/4/4, , 25, 34, 12, 
2018/4/5, , 17, 36, 2, 
2018/4/6, , 10, 41, 8, 1
2018/4/7, , 19, 43, 6, 1
2018/4/8, , 23, 37, 15, 2
2018/4/9, , 37, 31, 11, 1
2018/4/10, , 24, 31, 6, 
2018/4/11, , 15, 27, 10, 
2018/4/12, , 22, 37, 8, 
2018/4/13, , 28, 39, 6, 
2018/4/14, , 24, 47, 11, 
2018/4/15, , 18, 31, 17, 1
2018/4/16, , 33, 32, 2, 
2018/4/17, , 10, 48, 2, 
2018/4/18, , 14, 36, 8, 
2018/4/19, , 15, 40, 9, 
2018/4/20, , 28, 44, 1, 
2018/4/21, , 16, 40, 4, 
2018/4/22, , 8, 36, 9, 
2018/4/23, , 20, 34, 3, 
2018/4/24, , 15, 31, 5, 
2018/4/25, , 10, 32, 5, 
2018/4/26, , 11, 36, 8, 
2018/4/27, , 14, 34, 13, 1
2018/4/28, , 22, 41, 7, 1
2018/4/29, , 18, 37, 8, 
2018/4/30, , 20, 42, 2, 
2018/5/1, , 10, 36, 5, 
2018/5/2, , 12, 38, 3, 1
2018/5/3, , 12, 39, 4, 
2018/5/4, , 9, 37, 8, 1
2018/5/5, , 13, 38, 12, 1
2018/5/6, , 18, 36, 17, 1
2018/5/7, , 22, 40, 15, 1
2018/5/8, , 25, 35, 14, 1
2018/5/9, , 19, 38, 11, 1
2018/5/10, , 27, 35, 10, 1
2018/5/11, , 28, 32, 12, 
2018/5/12, , 16, 45, 8, 
2018/5/13, , 19, 42, 11, 1
2018/5/14, , 25, 34, 14, 1
2018/5/15, , 23, 43, 11, 
2018/5/16, , 18, 40, 5, 
2018/5/17, , 16, 32, 2, 
2018/5/18, , 13, 32, 3, 
2018/5/19, , 9, 33, 6, 1
2018/5/20, , 9, 36, 12, 1
2018/5/21, , 14, 33, 14, 1
2018/5/22, , 15, 40, 14, 1
2018/5/23, , 15, 38, 13, 1
2018/5/24, , 15, 37, 11, 1
2018/5/25, , 17, 31, 9, 
2018/5/26, , 14, 39, 7, 
2018/5/27, , 12, 39, 14, 
2018/5/28, , 24, 42, 18, 1
2018/5/29, , 25, 53, 17, 2
2018/5/30, , 27, 41, 7, 
2018/5/31, , 18, 38, 13, 1
2018/6/1, , 22, 43, 10, 
2018/6/2, , 22, 50, 6, 
2018/6/3, , 16, 43, 2, 
2018/6/4, , 18, 31, 5, 
2018/6/5, , 11, 28, 9, 
2018/6/6, , 11, 35, 8, 1
2018/6/7, , 15, 61, 15, 1
2018/6/8, , 24, 41, 12, 
2018/6/9, , 16, 40, 9, 
2018/6/10, , 17, 38, 5, 
2018/6/11, , 17, 31, 3, 
2018/6/12, , 10, 31, 4, 
2018/6/13, , 11, 30, 5, 
2018/6/14, , 14, 37, 11, 
2018/6/15, , 17, 34, 7, 
2018/6/16, , 16, 45, 6, 
2018/6/17, , 18, 33, 6, 
2018/6/18, , 13, 36, 5, 1
2018/6/19, , 18, 32, 5, 1
2018/6/20, , 15, 39, 6, 
2018/6/21, , 22, 26, 2, 
2018/6/22, , 9, 28, 3, 
2018/6/23, , 12, 27, 3, 
2018/6/24, , 16, 24, 3, 1
2018/6/25, , 10, 25, 6, 1
2018/6/26, , 9, 32, 8, 
2018/6/27, , 12, 34, 8, 1
2018/6/28, , 12, 28, 8, 
2018/6/29, , 11, 24, 2, 
2018/6/30, , 7, 24, 2, 1
2018/1/1, , 10, 19, 15, 1
2018/1/2, , 19, 19, 7, 1
2018/1/3, , 11, 21, 6, 1
2018/1/4, , 7, 22, 6, 1
2018/1/5, , 9, 22, 5, 1
2018/1/6, , 8, 25, 5, 1
2018/1/7, , 8, 24, 7, 1
2018/1/8, , 11, 17, 18, 4
2018/1/9, , 21, 19, 11, 3
2018/1/10, , 17, 12, 9, 3
2018/1/11, , 15, 16, 8, 
2018/1/12, , 10, 22, 5, 1
2018/1/13, , 10, 17, 3, 
2018/1/14, , 16, 17, 6, 1
2018/1/15, , 24, 14, 8, 1
2018/1/16, , 29, 23, 7, 
2018/1/17, , 16, 23, 7, 
2018/1/18, , 10, 22, 6, 
2018/1/19, , 9, 18, 12, 
2018/1/20, , 18, 10, 16, 
2018/1/21, , 33, 20, 8, 
2018/1/22, , 22, 20, 10, 1
2018/1/23, , 25, 15, 9, 1
2018/1/24, , 23, 11, 11, 
2018/1/25, , 17, 7, 23, 
2018/1/26, , 26, 19, 6, 
2018/1/27, , 12, 27, 2, 
2018/1/28, , 12, 28, 3, 
2018/1/29, , 5, 29, 2, 
2018/1/30, , 4, 21, 7, 
2018/1/31, , 12, 24, 12, 
2018/2/1, , 19, 14, 13, 
2018/2/2, , 21, 10, 10, 
2018/2/3, , 22, 23, 7, 
2018/2/4, , 11, 28, 7, 
2018/2/5, , 9, 26, 8, 
2018/2/6, , 12, 20, 22, 2
2018/2/7, , 34, 18, 26, 3
2018/2/8, , 36, 19, 21, 3
2018/2/9, , 29, 18, 8, 1
2018/2/10, , 31, 19, 7, 2
2018/2/11, , 45, 22, 8, 2
2018/2/12, , 20, 24, 7, 1
2018/2/13, , 14, 20, 18, 2
2018/2/14, , 23, 24, 12, 1
2018/2/15, , 22, 21, 8, 1
2018/2/16, , 27, 23, 3, 1
2018/2/17, , 7, 26, 3, 1
2018/2/18, , 13, 22, 12, 1
2018/2/19, , 18, 24, 15, 2
2018/2/20, , 19, 28, 9, 1
2018/2/21, , 10, 26, 8, 1
2018/2/22, , 14, 29, 11, 2
2018/2/23, , 21, 31, 4, 1
2018/2/24, , 6, 27, 7, 2
2018/2/25, , 11, 30, 14, 2
2018/2/26, , 17, 29, 8, 3
2018/2/27, , 10, 29, 6, 2
2018/2/28, , 9, 25, 8, 3
2018/3/1, , 10, 24, 17, 4
2018/3/2, , 14, 31, 16, 3
2018/3/3, , 23, 32, 18, 3
2018/3/4, , 23, 30, 19, 4
2018/3/5, , 43, 30, 28, 5
2018/3/6, , 61, 27, 17, 1
2018/3/7, , 32, 25, 12, 1
2018/3/8, , 29, 24, 9, 1
2018/3/9, , 10, 31, 11, 1
2018/3/10, , 10, 18, 10, 1
2018/3/11, , 24, 18, 8, 1
2018/3/12, , 26, 17, 5, 1
2018/3/13, , 11, 26, 5, 
2018/3/14, , 5, 32, 7, 1
2018/3/15, , 7, 30, 4, 1
2018/3/16, , 7, 31, 4, 1
2018/3/17, , 10, 34, 5, 1
2018/3/18, , 10, 30, 21, 2
2018/3/19, , 37, 32, 5, 2
2018/3/20, , 10, 33, 5, 2
2018/3/21, , 10, 27, 7, 1
2018/3/22, , 13, 14, 13, 1
2018/3/23, , 23, 22, 11, 1
2018/3/24, , 31, 32, 11, 1
2018/3/25, , 35, 29, 9, 2
2018/3/26, , 26, 32, 5, 1
2018/3/27, , 7, 32, 7, 1
2018/3/28, , 13, 29, 9, 1
2018/3/29, , 12, 28, 6, 1
2018/3/30, , 10, 33, 4, 
2018/3/31, , 9, 25, 4, 
2017/10/1, , 26, 31, 6, 2
2017/10/2, , 34, 24, 6, 1
2017/10/3, , 14, 30, 2, 1
2017/10/4, , 10, 26, 4, 1
2017/10/5, , 9, 26, 2, 1
2017/10/6, , 9, 23, 2, 1
2017/10/7, , 9, 27, 1, 1
2017/10/8, , 6, 19, 1, 1
2017/10/9, , 6, 15, 3, 1
2017/10/10, , 9, 23, 2, 1
2017/10/11, , 10, 27, 1, 1
2017/10/12, , 9, 27, 1, 
2017/10/13, , 10, 15, 2, 
2017/10/14, , 8, 22, 2, 
2017/10/15, , 7, 26, 3, 
2017/10/16, , 19, 19, 5, 
2017/10/17, , 29, 23, 3, 
2017/10/18, , 22, 11, 9, 
2017/10/19, , 13, 8, 5, 1
2017/10/20, , 28, , 5, 
2017/10/21, , 28, , 3, 
2017/10/22, , 11, , 5, 
2017/10/23, , 10, , 5, 
2017/10/24, , 15, , 4, 
2017/10/25, , 13, , 1, 
2017/10/26, , 9, 14, 2, 
2017/10/27, , 6, 25, , 
2017/10/28, , 8, 26, , 
2017/10/29, , 5, 27, , 
2017/10/30, , 7, 26, 1, 
2017/10/31, , 10, 21, 1, 
2017/11/1, , 5, 23, 1, 
2017/11/2, , 5, 20, 2, 
2017/11/3, , 7, 19, 2, 
2017/11/4, , 14, 16, 1, 
2017/11/5, , 23, 20, 3, 
2017/11/6, , 16, 8, 18, 1
2017/11/7, , 29, 15, 7, 1
2017/11/8, , 20, 14, 6, 
2017/11/9, , 37, 18, 7, 
2017/11/10, , 14, 27, 1, 
2017/11/11, , 4, 23, 2, 
2017/11/12, , 7, 17, 7, 
2017/11/13, , 13, 16, 6, 
2017/11/14, , 8, 19, 4, 
2017/11/15, , 8, 15, 8, 
2017/11/16, , 15, 23, 5, 
2017/11/17, , 14, 21, 4, 
2017/11/18, , 11, 24, 2, 
2017/11/19, , 4, 21, 3, 
2017/11/20, , 5, 12, 13, 1
2017/11/21, , 18, 14, 10, 
2017/11/22, , 14, 9, 9, 1
2017/11/23, , 18, 21, 11, 1
2017/11/24, , 18, 24, 10, 
2017/11/25, , 8, 23, 11, 
2017/11/26, , 6, 16, 10, 
2017/11/27, , 10, 15, 8, 
2017/11/28, , 9, 13, 13, 1
2017/11/29, , 25, 14, 14, 1
2017/11/30, , 20, 16, 4, 1
2017/12/1, , 5, 15, 7, 
2017/12/2, , 12, 17, 4, 1
2017/12/3, , 10, 21, 5, 1
2017/12/4, , 6, 26, 7, 
2017/12/5, , 7, 25, 3, 
2017/12/6, , 3, 25, 6, 
2017/12/7, , 9, 22, 8, 
2017/12/8, , 8, 21, 5, 
2017/12/9, , 8, 20, 5, 
2017/12/10, , 9, 17, 13, 1
2017/12/11, , 14, 18, 8, 
2017/12/12, , 11, 20, 6, 1
2017/12/13, , 9, 24, 8, 1
2017/12/14, , 12, 21, 12, 1
2017/12/15, , 13, 18, 5, 1
2017/12/16, , 11, 18, 5, 1
2017/12/17, , 10, 9, 21, 1
2017/12/18, , 36, 10, 11, 1
2017/12/19, , 25, 11, 17, 1
2017/12/20, , 21, 24, 6, 1
2017/12/21, , 8, 26, 3, 1
2017/12/22, , 8, 24, 2, 
2017/12/23, , 6, 25, 1, 
2017/12/24, , 5, 23, 2, 
2017/12/25, , 3, 21, 3, 
2017/12/26, , 9, 17, 9, 
2017/12/27, , 14, 12, 14, 1
2017/12/28, , 25, 18, 7, 
2017/12/29, , 10, 16, 7, 1
2017/12/30, , 17, , , 
2017/7/1, , 4, 27, 1, 
2017/7/2, , 9, 28, 2, 
2017/7/3, , 11, 28, 2, 
2017/7/4, , 7, 27, 4, 
2017/7/5, , 12, 28, 9, 1
2017/7/6, , 12, 25, 14, 1
2017/7/7, , 20, 33, 6, 
2017/7/8, , 15, 29, 3, 
2017/7/9, , 10, 25, 13, 2
2017/7/10, , 19, 23, 4, 
2017/7/11, , 11, 28, 8, 1
2017/7/12, , 14, 25, 2, 
2017/7/13, , 8, 28, 6, 1
2017/7/14, , 14, 28, 10, 1
2017/7/15, , 16, 35, 6, 
2017/7/16, , 13, 25, 2, 
2017/7/17, , 10, 22, 2, 
2017/7/18, , 11, 22, 10, 1
2017/7/19, , 17, 26, 11, 
2017/7/20, , 14, 21, 10, 
2017/7/21, , 11, 28, 8, 1
2017/7/22, , 11, 18, 7, 1
2017/7/23, , 14, 23, 9, 1
2017/7/24, , 14, 19, 6, 
2017/7/25, , 12, 17, 6, 
2017/7/26, , 9, 18, 3, 
2017/7/27, , 8, 23, 5, 
2017/7/28, , 14, 25, 2, 
2017/7/29, , 13, 27, 3, 
2017/7/30, , 16, 20, 4, 
2017/7/31, , 12, 27, 9, 
2017/8/1, , 23, 25, 4, 
2017/8/2, , 23, 17, 8, 
2017/8/3, , 20, 26, 3, 
2017/8/4, , 15, 28, 2, 
2017/8/5, , 16, 26, 1, 
2017/8/6, , 10, 27, 3, 
2017/8/7, , 11, 34, 5, 1
2017/8/8, , 19, 30, 9, 
2017/8/9, , 23, 30, 18, 
2017/8/10, , 24, 26, 14, 
2017/8/11, , 22, 23, 3, 1
2017/8/12, , 21, 23, 2, 1
2017/8/13, , 12, 24, 5, 1
2017/8/14, , 17, 29, 7, 1
2017/8/15, , 14, 23, 5, 1
2017/8/16, , 24, 23, 5, 1
2017/8/17, , 19, 21, 8, 1
2017/8/18, , 34, 21, 5, 1
2017/8/19, , 24, 24, 6, 1
2017/8/20, , 18, 24, 3, 1
2017/8/21, , 9, 22, 4, 1
2017/8/22, , 11, 23, 3, 1
2017/8/23, , 10, 22, 7, 1
2017/8/24, , 12, 24, 3, 1
2017/8/25, , 17, 23, 6, 1
2017/8/26, , 16, 23, 6, 1
2017/8/27, , 17, 27, 7, 1
2017/8/28, , 10, 22, 7, 1
2017/8/29, , 37, 37, 9, 
2017/8/30, , 59, 33, 8, 
2017/8/31, , 30, 23, 4, 
2017/9/1, , 7, 27, 2, 
2017/9/2, , 6, 20, 1, 
2017/9/3, , 6, 17, 2, 
2017/9/4, , 5, 18, 6, 
2017/9/5, , 8, 10, 5, 
2017/9/6, , 13, , , 
2017/9/11, , 16, 26, 7, 
2017/9/12, , 17, 26, 4, 
2017/9/13, , 14, 28, 3, 
2017/9/14, , 15, 27, 5, 
2017/9/15, , 9, 28, 8, 1
2017/9/16, , 16, 32, 3, 1
2017/9/17, , 10, 28, 3, 
2017/9/18, , 7, 30, 8, 1
2017/9/19, , 16, 29, 17, 1
2017/9/20, , 28, 32, 10, 1
2017/9/21, , 18, 19, 10, 1
2017/9/22, , 13, 14, 8, 1
2017/9/23, , 20, 20, 8, 1
2017/9/24, , 25, 19, 7, 1
2017/9/25, , 26, 19, 12, 1
2017/9/26, , 36, 24, 14, 2
2017/9/27, , 28, 22, 10, 3
2017/9/28, , 25, 24, 9, 2
2017/9/29, , 23, 28, 6, 2
2017/9/30, , 23, 30, 5, 2
2017/4/1, , 32, 40, 6, 1
2017/4/2, , 22, 27, 6, 1
2017/4/3, , 15, 20, 8, 1
2017/4/4, , 13, 31, 6, 1
2017/4/5, , 26, 31, 1, 1
2017/4/6, , 8, 26, 4, 1
2017/4/7, , 8, 27, 5, 1
2017/4/8, , 12, 36, , 1
2017/4/9, , 8, 39, 3, 1
2017/4/10, , 20, 33, 1, 1
2017/4/11, , 12, 30, 3, 1
2017/4/12, , 10, 31, 4, 1
2017/4/13, , 7, 36, 2, 1
2017/4/14, , 8, 35, 2, 1
2017/4/15, , 7, 35, 3, 1
2017/4/16, , 6, 36, 7, 1
2017/4/17, , 13, 34, 4, 
2017/4/18, , 7, 33, 3, 
2017/4/19, , 9, 37, 4, 
2017/4/20, , 14, 34, , 
2017/4/21, , 11, 34, , 
2017/4/22, , 9, 34, , 
2017/4/23, , 10, 31, 1, 
2017/4/24, , 10, 31, 5, 
2017/4/25, , 7, 33, 3, 
2017/4/26, , 8, 29, 12, 
2017/4/27, , 15, 28, 13, 
2017/4/28, , 22, 35, 1, 
2017/4/29, , 6, 36, 3, 
2017/4/30, , 8, 36, 2, 
2017/5/1, , 9, 37, 3, 
2017/5/2, , 10, 37, 3, 
2017/5/3, , 12, 36, 4, 
2017/5/4, , 11, 32, 6, 
2017/5/5, , 14, 36, 6, 
2017/5/6, , 20, 35, 1, 1
2017/5/7, , 9, 32, 2, 
2017/5/8, , 8, 28, 2, 
2017/5/9, , 8, 26, 8, 
2017/5/10, , 10, 30, 6, 
2017/5/11, , 9, 34, 8, 1
2017/5/12, , 12, 39, 11, 
2017/5/13, , 16, 45, 8, 
2017/5/14, , 20, 41, 1, 
2017/5/15, , 16, 33, 2, 
2017/5/16, , 16, 41, 13, 
2017/5/17, , 20, 52, 10, 
2017/5/18, , 30, 49, 6, 
2017/5/19, , 25, 42, 6, 
2017/5/20, , 22, 37, , 
2017/5/21, , 12, 35, 4, 
2017/5/22, , 13, 37, 7, 
2017/5/23, , 18, 44, 10, 
2017/5/24, , 24, 33, 2, 
2017/5/25, , 15, 32, 2, 1
2017/5/26, , 12, 30, 8, 
2017/5/27, , 13, 42, 4, 1
2017/5/28, , 25, 38, 1, 
2017/5/29, , 12, 34, 6, 
2017/5/30, , 20, 33, , 
2017/5/31, , 20, 32, , 
2017/6/1, , 13, 30, 3, 
2017/6/2, , 9, 28, 8, 1
2017/6/3, , 11, 26, 6, 1
2017/6/4, , 12, 30, 2, 
2017/6/5, , 9, 33, 8, 1
2017/6/6, , 14, 29, 3, 
2017/6/7, , 12, 29, 7, 
2017/6/8, , 13, 34, 8, 1
2017/6/9, , 15, 33, 4, 
2017/6/10, , 11, 33, 3, 
2017/6/11, , 12, 30, 2, 
2017/6/12, , 14, 28, , 
2017/6/13, , 10, 26, , 
2017/6/14, , 9, 30, 2, 
2017/6/15, , 9, 28, 5, 
2017/6/16, , 11, 30, 1, 
2017/6/17, , 10, 24, , 
2017/6/18, , 9, 36, , 
2017/6/19, , 12, 34, 2, 
2017/6/20, , 14, 28, , 1
2017/6/21, , 11, 30, 4, 
2017/6/22, , 13, 23, 14, 1
2017/6/23, , 21, 23, 2, 
2017/6/24, , 14, 26, 1, 
2017/6/25, , 8, 28, 1, 
2017/6/26, , 10, 29, 3, 
2017/6/27, , 12, 30, 11, 
2017/6/28, , 16, 24, 7, 
2017/6/29, , 17, 19, 4, 
2017/6/30, , 8, 21, 1, 
2017/1/3, , 9, 31, 3, 1
2017/1/4, , 6, 29, 5, 1
2017/1/5, , 4, 28, 8, 2
2017/1/6, , 15, 25, 7, 2
2017/1/7, , 13, 18, 8, 3
2017/1/8, , 27, 14, 9, 2
2017/1/9, , 22, 19, 12, 5
2017/1/10, , 37, 22, 11, 7
2017/1/11, , 41, 29, 4, 2
2017/1/12, , 9, 21, 12, 3
2017/1/13, , 15, 25, 4, 1
2017/1/14, , 8, 24, 4, 1
2017/1/15, , 8, 25, 8, 2
2017/1/16, , 7, 24, 11, 2
2017/1/17, , 14, 23, 8, 2
2017/1/18, , 18, 23, 5, 1
2017/1/19, , 8, 20, 5, 1
2017/1/20, , 6, 22, 3, 1
2017/1/21, , 6, 19, 4, 1
2017/1/22, , 12, 20, 6, 2
2017/1/23, , 35, 21, 4, 1
2017/1/24, , 11, 20, 10, 2
2017/1/25, , 15, 24, 5, 1
2017/1/26, , 13, 18, 13, 3
2017/1/27, , 36, 22, 18, 8
2017/1/28, , 65, 27, 9, 7
2017/1/29, , 58, 16, 17, 7
2017/1/30, , 70, 15, 20, 11
2017/1/31, , 53, 16, 19, 4
2017/2/1, , 53, 23, 15, 4
2017/2/2, , 53, 20, 12, 3
2017/2/3, , 39, 21, 6, 1
2017/2/4, , 33, 25, 6, 2
2017/2/5, , 22, 20, 9, 2
2017/2/6, , 16, 24, 8, 1
2017/2/7, , 11, 25, 7, 2
2017/2/8, , 9, 24, 11, 4
2017/2/9, , 15, 28, 13, 9
2017/2/10, , 18, 29, 8, 6
2017/2/11, , 14, 27, 7, 7
2017/2/12, , 12, 27, 6, 2
2017/2/13, , 24, 26, 5, 2
2017/2/14, , 19, 21, 28, 5
2017/2/15, , 41, 27, 11, 5
2017/2/16, , 43, 20, 6, 1
2017/2/17, , 15, 25, 4, 1
2017/2/18, , 5, 27, 3, 1
2017/2/19, , 11, 22, 4, 1
2017/2/20, , 7, 32, 2, 1
2017/2/21, , 8, 33, 4, 1
2017/2/22, , 9, 32, 5, 1
2017/2/23, , 11, 31, 4, 1
2017/2/24, , 5, 31, 4, 1
2017/2/25, , 8, 25, 3, 1
2017/2/26, , 5, 22, 9, 1
2017/2/27, , 13, 26, 8, 2
2017/2/28, , 19, 26, 9, 1
2017/3/1, , 14, 22, 7, 1
2017/3/2, , 9, 31, 8, 1
2017/3/3, , 15, 24, 11, 3
2017/3/4, , 28, 24, 10, 2
2017/3/5, , 26, 20, 14, 1
2017/3/6, , 13, 26, 3, 1
2017/3/7, , 4, 24, 7, 1
2017/3/8, , 13, 22, 6, 2
2017/3/9, , 29, 28, 8, 2
2017/3/10, , 22, 23, 5, 1
2017/3/11, , 7, 27, 7, 1
2017/3/12, , 7, 25, 10, 1
2017/3/13, , 13, 29, 8, 2
2017/3/14, , 30, 28, 1, 1
2017/3/15, , 15, 30, 3, 1
2017/3/16, , 17, 31, 2, 1
2017/3/17, , 15, 27, 2, 1
2017/3/18, , 7, 31, 2, 1
2017/3/19, , 5, 26, 5, 1
2017/3/20, , 10, 34, 4, 1
2017/3/21, , 7, 35, 7, 1
2017/3/22, , 18, 29, 14, 3
2017/3/23, , 33, 32, 5, 1
2017/3/24, , 13, 32, 2, 1
2017/3/25, , 10, 35, 2, 1
2017/3/26, , 9, 34, 1, 1
2017/3/27, , 12, 25, 4, 1
2017/3/28, , 11, 35, 6, 1
2017/3/29, , 20, 27, 6, 1
2017/3/30, , 13, 34, 5, 1
2017/3/31, , 13, 44, 7, 2
2016/10/1, , 15, 23, 3, 1
2016/10/2, , 13, 25, 5, 1
2016/10/3, , 14, 24, 2, 
2016/10/4, , 6, 21, 1, 
2016/10/5, , 8, 15, 2, 
2016/10/6, , 7, 11, 7, 
2016/10/7, , 9, 11, 4, 
2016/10/8, , 6, 5, 5, 
2016/10/9, , 9, 10, 5, 
2016/10/10, , 9, 13, 4, 
2016/10/11, , 9, 12, 5, 
2016/10/12, , 9, 14, 4, 
2016/10/13, , 14, 13, 6, 3
2016/10/14, , 22, 13, , 1
2016/10/15, , 15, 17, , 1
2016/10/16, , 14, 18, 15, 1
2016/10/17, , 17, 13, 10, 2
2016/10/18, , 29, 4, 9, 1
2016/10/19, , 29, 11, 8, 
2016/10/20, , 20, 13, 6, 
2016/10/21, , 24, 9, 4, 
2016/10/22, , 11, 11, 5, 1
2016/10/23, , 26, 12, 5, 1
2016/10/24, , 16, 12, 3, 
2016/10/25, , 15, 18, 7, 1
2016/10/26, , 24, 12, 6, 1
2016/10/27, , 24, 30, 3, 
2016/10/28, , 13, 31, , 
2016/10/29, , 11, 28, , 
2016/10/30, , 6, 20, 4, 1
2016/10/31, , 10, 27, 3, 
2016/11/1, , 12, 24, 1, 
2016/11/2, , 4, 20, 1, 
2016/11/3, , 5, 13, 8, 
2016/11/4, , 14, 12, 6, 1
2016/11/5, , 24, 20, 2, 
2016/11/6, , 13, 13, 3, 
2016/11/7, , 7, 13, 6, 
2016/11/8, , 15, 3, 11, 1
2016/11/9, , 31, 9, 12, 1
2016/11/10, , 32, 12, 8, 1
2016/11/11, , 20, 13, 4, 1
2016/11/12, , 14, 19, 3, 1
2016/11/13, , 11, 18, 3, 1
2016/11/14, , 10, 15, 6, 1
2016/11/15, , 15, 21, 5, 1
2016/11/16, , 10, 14, 9, 1
2016/11/17, , 11, 24, 4, 
2016/11/18, , 10, 23, 8, 
2016/11/19, , 13, 20, 3, 1
2016/11/20, , 11, 11, 8, 1
2016/11/21, , 24, 10, 7, 1
2016/11/22, , 23, 4, 8, 
2016/11/23, , 30, 18, 4, 
2016/11/24, , 12, 18, 5, 
2016/11/25, , 12, 24, , 
2016/11/26, , 6, 26, , 
2016/11/27, , 5, 28, 3, 
2016/11/28, , 5, 27, 3, 
2016/11/29, , 8, 26, 3, 
2016/11/30, , 7, 23, 10, 
2016/12/1, , 15, 24, 4, 
2016/12/2, , 5, 24, 2, 
2016/12/3, , 6, 20, 5, 1
2016/12/4, , 10, 24, 2, 
2016/12/5, , 6, 22, 6, 1
2016/12/6, , 9, 13, 12, 1
2016/12/7, , 18, 19, 4, 
2016/12/8, , 11, 24, 1, 
2016/12/9, , 8, 24, 2, 
2016/12/10, , 6, 27, 1, 
2016/12/11, , 8, 23, 10, 1
2016/12/12, , 16, 16, 5, 1
2016/12/13, , 16, 25, 2, 1
2016/12/14, , 6, 23, 10, 1
2016/12/15, , 10, 22, 3, 1
2016/12/16, , 16, 22, 5, 1
2016/12/17, , 25, 13, 6, 1
2016/12/18, , 10, 25, 4, 
2016/12/19, , 6, 26, 5, 
2016/12/20, , 10, 6, 11, 2
2016/12/21, , 33, 7, 9, 1
2016/12/22, , 21, 19, 4, 1
2016/12/23, , 9, 27, 4, 1
2016/12/24, , 10, 29, 1, 
2016/12/25, , 7, 34, 1, 
2016/12/26, , 4, 31, 1, 
2016/12/27, , 6, 29, 4, 
2016/12/28, , 7, 26, 7, 1
2016/12/29, , 12, 23, 4, 1
2016/12/30, , 13, 15, 5, 
2016/12/31, , 11, 15, 4, 1
2017/1/1, , 11, , , 
2016/7/1, , 20, 38, 6, 1
2016/7/2, , 21, 27, 1, 1
2016/7/3, , 10, 27, 2, 1
2016/7/4, , 13, 34, 5, 1
2016/7/5, , 21, 29, 2, 1
2016/7/6, , 14, 29, 1, 1
2016/7/7, , 6, 32, 5, 1
2016/7/8, , 15, 31, 1, 1
2016/7/9, , 8, 24, 2, 1
2016/7/10, , 12, 26, 6, 1
2016/7/11, , 15, 31, 6, 1
2016/7/12, , 16, 26, 6, 1
2016/7/13, , 12, 29, 10, 1
2016/7/14, , 9, 29, 1, 1
2016/7/15, , 7, 27, 3, 1
2016/7/16, , 10, 25, 3, 1
2016/7/17, , 15, 24, 1, 
2016/7/18, , 13, 23, 1, 
2016/7/19, , 9, 22, 7, 
2016/7/20, , 11, 27, 5, 1
2016/7/21, , 10, 21, 3, 
2016/7/22, , 12, 26, 3, 
2016/7/23, , 16, 27, 6, 
2016/7/24, , 11, 27, 10, 1
2016/7/25, , 20, 31, 9, 1
2016/7/26, , 24, 26, 4, 1
2016/7/27, , 13, 32, 5, 1
2016/7/28, , 12, 29, 9, 1
2016/7/29, , 18, 26, 6, 1
2016/7/30, , 15, 24, 3, 1
2016/7/31, , 11, 26, 4, 1
2016/8/1, , 11, 27, 3, 1
2016/8/2, , 11, 28, 4, 1
2016/8/3, , 14, 19, 4, 1
2016/8/4, , 11, 17, 7, 1
2016/8/5, , 12, 20, 1, 1
2016/8/6, , 11, 22, 1, 1
2016/8/7, , 8, 27, 3, 1
2016/8/8, , 15, 21, 3, 1
2016/8/9, , 14, 18, 5, 1
2016/8/10, , 16, 19, 2, 1
2016/8/11, , 12, 21, 5, 1
2016/8/12, , 14, 22, 3, 1
2016/8/13, , 14, 17, , 1
2016/8/14, , 9, 19, , 1
2016/8/15, , 9, 18, 1, 1
2016/8/16, , 8, 14, 1, 1
2016/8/17, , 8, 12, 3, 1
2016/8/18, , 8, 16, 7, 1
2016/8/19, , 12, 36, 9, 2
2016/8/20, , 20, 22, 6, 1
2016/8/21, , 18, 22, 6, 1
2016/8/22, , 14, 14, 4, 1
2016/8/23, , 12, 23, 5, 1
2016/8/24, , 11, 26, 10, 1
2016/8/25, , 18, 34, 5, 2
2016/8/26, , 25, 28, 8, 1
2016/8/27, , 20, 21, 11, 1
2016/8/28, , 22, 31, 2, 1
2016/8/29, , 15, 20, 1, 2
2016/8/30, , 13, 27, , 1
2016/8/31, , 12, 42, , 
2016/9/1, , 23, 33, , 
2016/9/2, , 17, 34, , 
2016/9/3, , 17, 19, , 
2016/9/4, , 8, 21, , 
2016/9/5, , 8, 21, , 
2016/9/6, , 12, 31, 11, 1
2016/9/7, , 20, 37, 13, 1
2016/9/8, , 24, 25, 19, 1
2016/9/9, , 34, 34, 4, 1
2016/9/10, , 25, 32, 7, 1
2016/9/11, , 25, 33, 15, 1
2016/9/12, , 29, 22, 16, 2
2016/9/13, , 14, 25, 14, 1
2016/9/14, , 21, 26, 15, 2
2016/9/15, , 26, 30, 11, 1
2016/9/16, , 22, 27, 5, 1
2016/9/17, , 14, 21, 2, 1
2016/9/18, , 9, 25, 10, 1
2016/9/19, , 19, 25, 6, 1
2016/9/20, , 12, 22, 9, 1
2016/9/21, , 18, 25, 3, 1
2016/9/22, , 10, 23, 4, 1
2016/9/23, , 15, 30, 4, 1
2016/9/24, , 14, 28, 8, 1
2016/9/25, , 15, 20, 11, 2
2016/9/26, , 15, 22, 13, 2
2016/9/27, , 29, 21, 6, 1
2016/9/28, , 24, 24, 3, 1
2016/9/29, , 19, 24, 4, 1
2016/9/30, , 14, 20, 7, 1
2016/4/1, , 10, 34, 9, 2
2016/4/2, , 15, 40, 11, 4
2016/4/3, , 28, 32, 29, 4
2016/4/4, , 58, 43, 19, 3
2016/4/5, , 48, 41, 7, 1
2016/4/6, , 23, 31, 12, 1
2016/4/7, , 17, 31, 14, 1
2016/4/8, , 17, 35, 15, 1
2016/4/9, , 29, 35, 6, 1
2016/4/10, , 11, 33, 6, 1
2016/4/11, , 10, 31, 14, 1
2016/4/12, , 22, 24, 10, 1
2016/4/13, , 21, 32, 6, 1
2016/4/14, , 10, 27, 12, 1
2016/4/15, , 18, 37, 3, 
2016/4/16, , 14, 33, 2, 
2016/4/17, , 7, 35, 2, 
2016/4/18, , 9, 34, 2, 
2016/4/19, , 13, 33, 1, 1
2016/4/20, , 21, 36, 2, 2
2016/4/21, , 17, 34, 4, 2
2016/4/22, , 13, 34, 5, 2
2016/4/23, , 18, 34, 5, 2
2016/4/24, , 12, 33, 8, 2
2016/4/25, , 15, 34, 11, 2
2016/4/26, , 19, 32, 6, 2
2016/4/27, , 9, 35, 8, 2
2016/4/28, , 15, 38, 7, 2
2016/4/29, , 12, 42, 9, 2
2016/4/30, , 15, 42, 8, 2
2016/5/1, , 13, 45, 7, 2
2016/5/2, , 15, 42, 9, 2
2016/5/3, , 20, 46, 4, 2
2016/5/4, , 10, 44, 7, 2
2016/5/5, , 13, 35, 17, 2
2016/5/6, , 16, 44, 13, 3
2016/5/7, , 18, 48, 10, 2
2016/5/8, , 17, 43, 17, 2
2016/5/9, , 24, 49, 17, 2
2016/5/10, , 25, 47, 17, 2
2016/5/11, , 26, 33, 6, 2
2016/5/12, , 17, 44, 8, 2
2016/5/13, , 16, 41, 2, 1
2016/5/14, , 12, 34, 1, 1
2016/5/15, , 10, 31, 1, 1
2016/5/16, , 7, 32, 1, 1
2016/5/17, , 8, 35, 6, 1
2016/5/18, , 9, 38, 15, 2
2016/5/19, , 19, 47, 14, 2
2016/5/20, , 26, 37, 4, 1
2016/5/21, , 11, 40, 8, 2
2016/5/22, , 16, 46, 10, 2
2016/5/23, , 18, 38, 10, 2
2016/5/24, , 17, 42, 13, 2
2016/5/25, , 19, 29, 3, 1
2016/5/26, , 8, 19, 13, 1
2016/5/27, , 15, 34, 11, 1
2016/5/28, , 16, 35, 7, 1
2016/5/29, , 17, 33, 6, 1
2016/5/30, , 17, 34, 10, 1
2016/5/31, , 16, 30, 9, 1
2016/6/1, , 15, 37, 9, 1
2016/6/2, , 13, 44, 12, 2
2016/6/3, , 20, 34, 7, 1
2016/6/4, , 14, 34, 5, 1
2016/6/5, , 8, 32, 5, 1
2016/6/6, , 10, 34, 11, 2
2016/6/7, , 15, 41, 6, 2
2016/6/8, , 23, 33, 3, 1
2016/6/9, , 11, 34, 5, 1
2016/6/10, , 24, 29, 2, 1
2016/6/11, , 7, 30, 6, 1
2016/6/12, , 14, 23, 7, 2
2016/6/13, , 11, 29, 11, 1
2016/6/14, , 15, 35, 9, 2
2016/6/15, , 13, 27, 7, 1
2016/6/16, , 12, 27, 11, 1
2016/6/17, , 21, 30, 1, 1
2016/6/18, , 5, 40, 3, 1
2016/6/19, , 10, 31, 6, 1
2016/6/20, , 13, 22, 5, 1
2016/6/21, , 14, 28, 8, 1
2016/6/22, , 13, 49, 8, 1
2016/6/23, , 20, 49, 9, 1
2016/6/24, , 26, 28, 12, 
2016/6/25, , 33, 28, 1, 
2016/6/26, , 14, 31, 5, 
2016/6/27, , 12, 33, 7, 1
2016/6/28, , 18, 29, 6, 1
2016/6/29, , 18, 36, 11, 1
2016/6/30, , 18, 31, 10, 1
2016/1/4, , 15, 15, 16, 8
2016/1/5, , 17, 14, 13, 10
2016/1/6, , 24, 21, 8, 9
2016/1/7, , 8, 13, 9, 9
2016/1/8, , 20, 12, 7, 7
2016/1/9, , 7, 20, 4, 6
2016/1/10, , 10, 13, 8, 7
2016/1/11, , 16, 18, 9, 7
2016/1/12, , 6, 27, 3, 5
2016/1/13, , 2, 30, 6, 5
2016/1/14, , 7, 13, 14, 7
2016/1/15, , 12, 28, 5, 3
2016/1/16, , 6, 28, 3, 3
2016/1/17, , 5, 25, 9, 4
2016/1/18, , 11, 23, 5, 4
2016/1/19, , 8, 28, 4, 3
2016/1/20, , 6, 28, 4, 2
2016/1/21, , 2, 30, 11, 6
2016/1/22, , 17, 24, 10, 17
2016/1/23, , 28, 21, 3, 19
2016/1/24, , 10, 19, 4, 7
2016/1/25, , 5, 26, 4, 7
2016/1/26, , 6, 19, 4, 2
2016/1/27, , 5, 32, 1, 
2016/1/28, , 2, 27, 4, 2
2016/1/29, , 9, 24, 2, 3
2016/1/30, , 11, 32, , 2
2016/1/31, , 5, 30, 1, 3
2016/2/1, , 10, 33, 1, 2
2016/2/2, , 9, 33, 1, 2
2016/2/3, , 4, 26, 3, 
2016/2/4, , 6, 28, 4, 
2016/2/5, , 7, 16, 6, 
2016/2/6, , 15, 27, 4, 
2016/2/7, , 20, 26, 5, 
2016/2/8, , 16, 27, 5, 
2016/2/9, , 16, 30, 7, 
2016/2/10, , 40, 19, 8, 1
2016/2/11, , 93, 17, 5, 1
2016/2/12, , 82, 19, 9, 1
2016/2/22, , 13, 29, 1, 1
2016/2/23, , 6, 29, 1, 1
2016/2/24, , 4, 30, 1, 1
2016/2/25, , 6, 27, 2, 2
2016/2/26, , 7, 28, 4, 1
2016/2/27, , 10, 25, 8, 2
2016/2/28, , 28, 27, 9, 2
2016/2/29, , 12, 28, 6, 1
2016/3/1, , 22, 20, 5, 2
2016/3/2, , 31, 16, 9, 2
2016/3/3, , 43, 10, 8, 1
2016/3/4, , 20, 18, 3, 1
2016/3/5, , 17, 21, 2, 1
2016/3/6, , 20, 23, 5, 1
2016/3/7, , 14, 28, 6, 1
2016/3/8, , 18, 17, 9, 1
2016/3/9, , 39, 23, 4, 
2016/3/10, , 9, 24, 2, 
2016/3/11, , 5, 32, 1, 
2016/3/12, , 4, 32, 2, 
2016/3/13, , 10, 31, 1, 
2016/3/14, , 13, 26, 3, 
2016/3/15, , 3, 27, 5, 1
2016/3/16, , 15, 29, 2, 2
2016/3/17, , 15, 28, 5, 2
2016/3/18, , 9, 30, 3, 2
2016/3/19, , 13, 32, 1, 2
2016/3/20, , 8, 29, 2, 2
2016/3/21, , 10, 29, 11, 2
2016/3/22, , 9, 28, 13, 3
2016/3/23, , 27, 20, 21, 4
2016/3/24, , 37, 29, 9, 3
2016/3/25, , 24, 24, 4, 2
2016/3/26, , 7, 35, 3, 2
2016/3/27, , 15, 39, 5, 3
2016/3/28, , 26, 30, 5, 2
2016/3/29, , 17, 27, 5, 2
2016/3/30, , 11, 31, 3, 2
2016/3/31, , 6, 32, 4, 2
2015/10/1, , 8, 28, , 
2015/10/2, , 7, 24, , 1
2015/10/3, , 8, 38, , 2
2015/10/4, , 18, 31, , 1
2015/10/5, , 9, 22, , 
2015/10/6, , 5, 21, , 1
2015/10/7, , 6, 20, , 1
2015/10/8, , 7, 21, 22, 3
2015/10/9, , 14, 22, 21, 3
2015/10/10, , 15, 26, 12, 2
2015/10/11, , 11, 23, 8, 2
2015/10/12, , 7, 20, 13, 2
2015/10/13, , 10, 26, 11, 3
2015/10/14, , 17, 30, 9, 2
2015/10/15, , 17, 31, 9, 1
2015/10/16, , 18, 15, 15, 2
2015/10/17, , 20, 23, 10, 1
2015/10/18, , 20, 19, 17, 1
2015/10/19, , 13, 15, 14, 1
2015/10/20, , 17, 20, 4, 1
2015/10/21, , 8, 19, 6, 1
2015/10/22, , 8, 25, 2, 1
2015/10/23, , 3, 24, 5, 2
2015/10/24, , 8, 25, 3, 3
2015/10/25, , 7, 26, 11, 4
2015/10/26, , 11, 18, 22, 8
2015/10/27, , 17, 16, 14, 9
2015/10/28, , 9, 11, 12, 7
2015/10/29, , 8, 10, 16, 8
2015/10/30, , 13, 17, 12, 9
2015/10/31, , 18, 23, 5, 8
2015/11/1, , 16, 20, 3, 5
2015/11/2, , 5, 19, 5, 5
2015/11/3, , 5, 15, 5, 7
2015/11/4, , 9, 10, 8, 7
2015/11/5, , 7, 10, 8, 7
2015/11/6, , 13, 15, 10, 13
2015/11/7, , 13, 28, , 6
2015/11/8, , 4, 26, 3, 4
2015/11/9, , 7, 23, 2, 3
2015/11/10, , 3, 23, 1, 2
2015/11/11, , 1, 26, 2, 2
2015/11/12, , 2, 21, 6, 2
2015/11/13, , 7, 29, 1, 2
2015/11/14, , 3, 25, 4, 2
2015/11/15, , 5, 17, 5, 2
2015/11/16, , 4, 15, 7, 
2015/11/17, , 5, 26, 2, 
2015/11/18, , 5, 27, 1, 
2015/11/19, , 5, 23, 2, 
2015/11/20, , 4, 19, 8, 
2015/11/21, , 4, 16, 7, 2
2015/11/22, , 4, 20, 2, 
2015/11/23, , 2, 17, 5, 
2015/11/24, , 6, 13, 9, 2
2015/11/25, , 17, 10, 10, 3
2015/11/26, , 8, 18, 7, 2
2015/11/27, , 8, 17, 5, 2
2015/11/28, , 11, 22, 2, 1
2015/11/29, , 5, 28, 1, 
2015/11/30, , 2, 27, 1, 
2015/12/1, , 2, 21, 4, 
2015/12/2, , 4, 23, 3, 
2015/12/3, , 4, 27, 3, 
2015/12/4, , 6, 23, 2, 
2015/12/5, , 4, 26, 1, 
2015/12/6, , 3, 28, 1, 
2015/12/7, , 2, 19, 7, 
2015/12/8, , 7, 25, 6, 1
2015/12/9, , 8, 23, 4, 
2015/12/10, , 6, 21, 6, 
2015/12/11, , 7, 26, 1, 
2015/12/12, , 2, 24, 2, 
2015/12/13, , 5, 24, 12, 1
2015/12/14, , 13, 16, 16, 4
2015/12/15, , 16, 11, 13, 6
2015/12/16, , 21, 17, 7, 4
2015/12/17, , 10, 23, 3, 1
2015/12/18, , 5, 21, 2, 
2015/12/19, , 3, 15, 3, 
2015/12/20, , 5, 23, 4, 
2015/12/21, , 6, 29, 2, 
2015/12/22, , 5, 31, 2, 
2015/12/23, , 2, 28, 3, 
2015/12/24, , 6, 30, 1, 
2015/12/25, , 4, 26, 4, 
2015/12/26, , 4, 27, 2, 
2015/12/27, , 3, 27, 3, 
2015/12/28, , 1, 22, 8, 10
2015/12/29, , 4, 17, 6, 1
2015/12/30, , 7, , , 
2016/1/2, , 4, 17, 8, 7
2016/1/3, , 12, 14, 11, 6
2015/7/1, , 11, 25, 11, 2
2015/7/2, , 10, 37, 12, 2
2015/7/3, , 18, 62, 12, 3
2015/7/4, , 24, 55, 12, 3
2015/7/5, , 30, 41, 9, 2
2015/7/6, , 19, 37, 3, 2
2015/7/7, , 12, 42, 4, 2
2015/7/8, , 14, 28, 2, 2
2015/7/9, , 10, 27, 1, 2
2015/7/10, , 9, 25, 1, 2
2015/7/11, , 9, 26, 3, 2
2015/7/12, , 9, 30, 3, 2
2015/7/13, , 11, 27, 1, 2
2015/7/14, , 9, 29, 1, 2
2015/7/15, , 9, 33, 2, 2
2015/7/16, , 10, 30, 3, 1
2015/7/17, , 12, 37, 4, 1
2015/7/18, , 14, 33, 3, 
2015/7/19, , 13, 37, 2, 
2015/7/20, , 6, 41, 5, 
2015/7/21, , 14, 31, 5, 
2015/7/22, , 11, 31, 7, 
2015/7/23, , 10, 33, 6, 
2015/7/24, , 11, 28, 8, 
2015/7/25, , 19, 29, 2, 
2015/7/26, , 5, 31, 9, 1
2015/7/27, , 15, 26, 7, 
2015/7/28, , 13, 33, 4, 1
2015/7/29, , 11, 26, 3, 1
2015/7/30, , 7, 28, 2, 1
2015/7/31, , 6, 33, 6, 1
2015/8/1, , 10, 55, 12, 2
2015/8/2, , 18, 53, 18, 1
2015/8/3, , 23, 46, 10, 2
2015/8/4, , 23, 46, 6, 1
2015/8/5, , 24, 35, 10, 1
2015/8/6, , 12, 52, 16, 1
2015/8/7, , 34, 62, 8, 1
2015/8/8, , 32, 44, 4, 
2015/8/9, , 13, 33, 12, 1
2015/8/10, , 15, 10, 24, 
2015/8/11, , 18, 29, 14, 1
2015/8/12, , 21, 29, 3, 
2015/8/13, , 7, 29, 6, 
2015/8/14, , 11, 39, 7, 2
2015/8/15, , 16, 36, 5, 1
2015/8/16, , 17, 31, 5, 1
2015/8/17, , 15, 30, 5, 
2015/8/18, , 13, 32, 9, 1
2015/8/19, , 16, 29, 14, 1
2015/8/20, , 19, 36, 17, 2
2015/8/21, , 12, 36, 12, 1
2015/8/22, , 11, 36, 7, 1
2015/8/23, , 12, 45, 15, 1
2015/8/24, , 13, 34, 8, 1
2015/8/25, , 9, 34, 9, 1
2015/8/26, , 6, 46, 11, 2
2015/8/27, , 11, 32, 6, 1
2015/8/28, , 4, 34, 4, 1
2015/8/29, , 4, 43, 9, 1
2015/8/30, , 9, 29, 13, 1
2015/8/31, , 10, 53, 8, 1
2015/9/1, , 13, 31, 4, 1
2015/9/2, , 4, 30, 13, 1
2015/9/3, , 8, 31, 13, 1
2015/9/4, , 8, 29, 4, 1
2015/9/5, , 7, 24, 1, 
2015/9/6, , 4, 27, 1, 
2015/9/7, , 2, 21, 2, 
2015/9/8, , 5, 24, 10, 1
2015/9/9, , 4, 27, 13, 1
2015/9/10, , 9, 27, 10, 1
2015/9/11, , 6, 23, 6, 2
2015/9/12, , 6, 25, 3, 1
2015/9/13, , 8, 26, 4, 1
2015/9/14, , 11, 25, 8, 1
2015/9/15, , 6, 25, 16, 1
2015/9/16, , 13, 40, 8, 1
2015/9/17, , 10, 32, 6, 1
2015/9/18, , 4, 34, 9, 1
2015/9/19, , 7, 32, 5, 1
2015/9/20, , 9, 30, 2, 
2015/9/21, , 5, 29, 7, 1
2015/9/22, , 8, 24, 13, 2
2015/9/23, , 10, 30, 12, 2
2015/9/24, , 8, 26, 12, 1
2015/9/25, , 11, 27, 2, 1
2015/9/26, , 5, 24, 2, 1
2015/9/27, , 5, 22, , 1
2015/9/28, , 5, 23, , 1
2015/9/29, , 6, 27, , 1
2015/9/30, , 13, 31, , 1
2015/4/1, , 5, 32, 1, 
2015/4/2, , 8, 30, 1, 
2015/4/3, , 6, 28, 2, 
2015/4/4, , 7, 28, 1, 
2015/4/5, , 5, 30, 2, 1
2015/4/6, , 6, 31, 2, 
2015/4/7, , 9, 30, 6, 1
2015/4/8, , 10, 34, 10, 1
2015/4/9, , 19, 38, 15, 2
2015/4/10, , 23, 52, 15, 3
2015/4/11, , 36, 39, 3, 1
2015/4/12, , 14, 32, 2, 1
2015/4/13, , 11, 32, 1, 
2015/4/14, , 11, 35, 2, 
2015/4/15, , 12, 34, 1, 
2015/4/16, , 8, 31, 2, 
2015/4/17, , 9, 30, 2, 1
2015/4/18, , 7, 34, 2, 1
2015/4/19, , 9, 35, 3, 1
2015/4/20, , 10, 34, 4, 1
2015/4/21, , 12, 33, 13, 2
2015/4/22, , 15, 35, 2, 1
2015/4/23, , 17, 31, 5, 
2015/4/24, , 11, 58, 13, 2
2015/4/25, , 21, 49, 8, 1
2015/4/26, , 18, 40, 8, 1
2015/4/27, , 16, 28, 3, 
2015/4/28, , 5, 33, 5, 
2015/4/29, , 10, 38, 10, 2
2015/4/30, , 22, 36, 4, 1
2015/5/1, , 15, 38, 1, 
2015/5/2, , 9, 39, 4, 1
2015/5/3, , 9, 31, 8, 1
2015/5/4, , 14, 36, 11, 2
2015/5/5, , 21, 39, 5, 1
2015/5/6, , 12, 39, 7, 1
2015/5/7, , 14, 32, 6, 
2015/5/8, , 10, 37, 12, 1
2015/5/9, , 17, 35, 2, 
2015/5/10, , 9, 32, 5, 
2015/5/11, , 7, 47, 6, 1
2015/5/12, , 21, 37, 1, 
2015/5/13, , 9, 33, 2, 
2015/5/14, , 9, 34, 4, 
2015/5/15, , 8, 36, 3, 
2015/5/16, , 14, 35, 1, 
2015/5/17, , 11, 35, 2, 
2015/5/18, , 9, 44, 6, 1
2015/5/19, , 16, 33, 14, 
2015/5/20, , 11, 36, 7, 
2015/5/21, , 9, 38, 10, 1
2015/5/22, , 14, 35, 7, 1
2015/5/23, , 15, 33, 5, 
2015/5/24, , 11, 40, 13, 1
2015/5/25, , 19, 34, 4, 
2015/5/26, , 10, 33, 1, 
2015/5/27, , 10, 35, 4, 
2015/5/28, , 14, 34, 5, 
2015/5/29, , 11, 38, 5, 
2015/5/30, , 14, 33, 4, 
2015/5/31, , 8, 33, 5, 
2015/6/1, , 15, 39, 8, 1
2015/6/2, , 15, 35, 3, 
2015/6/3, , 15, 32, 1, 
2015/6/4, , 8, 36, 7, 
2015/6/5, , 12, 59, 8, 1
2015/6/6, , 20, 40, 1, 
2015/6/7, , 10, 31, 3, 
2015/6/8, , 13, 30, 8, 1
2015/6/9, , 11, 28, 11, 1
2015/6/10, , 10, 34, 6, 1
2015/6/11, , 16, 49, 11, 1
2015/6/12, , 21, 40, 7, 1
2015/6/13, , 16, 40, 3, 1
2015/6/14, , 13, 33, 1, 1
2015/6/15, , 8, 31, 2, 2
2015/6/16, , 10, 32, 4, 2
2015/6/17, , 12, 34, 4, 2
2015/6/18, , 13, 24, 2, 2
2015/6/19, , 8, 28, 4, 2
2015/6/20, , 8, 27, 6, 2
2015/6/21, , 12, 30, 6, 2
2015/6/22, , 12, 25, 7, 2
2015/6/23, , 10, 28, 2, 2
2015/6/24, , 10, 31, 3, 2
2015/6/25, , 10, 30, 2, 2
2015/6/26, , 10, 30, 6, 2
2015/6/27, , 11, 34, 7, 2
2015/6/28, , 10, 29, 5, 2
2015/6/29, , 11, 28, 5, 2
2015/6/30, , 12, 28, 7, 2
2015/1/1, , 12, 30, , 2
2015/1/2, , 9, 31, , 1
2015/1/3, , 6, 28, , 2
2015/1/4, , 4, 27, 1, 2
2015/1/5, , 6, 24, 2, 3
2015/1/6, , 8, 19, 2, 4
2015/1/7, , 24, 11, , 3
2015/1/8, , 16, 30, , 1
2015/1/9, , 8, 32, , 1
2015/1/10, , 8, 30, , 
2015/1/11, , 7, 24, , 1
2015/1/12, , 6, 21, 4, 1
2015/1/13, , 6, 25, 2, 1
2015/1/14, , 6, 19, 5, 2
2015/1/15, , 11, 18, 6, 3
2015/1/16, , 14, 20, 5, 3
2015/1/17, , 16, 17, 4, 3
2015/1/18, , 16, 16, 6, 4
2015/1/19, , 19, 11, 6, 5
2015/1/20, , 15, 8, 9, 4
2015/1/21, , 27, 7, 15, 8
2015/1/22, , 33, 12, 7, 5
2015/1/23, , 20, 10, 13, 5
2015/1/24, , 22, 19, 3, 3
2015/1/25, , 19, 25, 7, 3
2015/1/26, , 14, 18, 8, 4
2015/1/27, , 22, 20, 4, 2
2015/1/28, , 10, 21, 5, 2
2015/1/29, , 10, 15, 7, 4
2015/1/30, , 19, 19, 8, 3
2015/1/31, , 18, 21, 3, 2
2015/2/1, , 8, 21, 6, 2
2015/2/2, , 13, 18, 8, 1
2015/2/3, , 13, 12, 11, 2
2015/2/4, , 22, 11, 21, 6
2015/2/5, , 35, 21, 10, 2
2015/2/6, , 23, 29, 1, 1
2015/2/7, , 7, 31, , 
2015/2/8, , 5, 26, 2, 
2015/2/9, , 7, 23, 2, 
2015/2/10, , 7, 22, 2, 
2015/2/11, , 8, 19, 5, 
2015/2/12, , 18, 15, 9, 2
2015/2/13, , 36, 16, 20, 5
2015/2/14, , 53, 24, 4, 1
2015/2/15, , 28, 24, 4, 3
2015/2/16, , 10, 20, 5, 2
2015/2/17, , 20, 22, 3, 1
2015/2/18, , 20, 20, 4, 
2015/2/19, , 12, 20, 8, 1
2015/2/20, , 25, 31, 6, 2
2015/2/21, , 28, 28, 4, 
2015/2/22, , 9, 22, 9, 2
2015/2/23, , 22, 20, 8, 1
2015/2/24, , 16, 18, 19, 3
2015/2/25, , 32, 22, 11, 1
2015/2/26, , 48, 14, 13, 1
2015/2/27, , 22, 17, 10, 3
2015/2/28, , 41, 27, 3, 1
2015/3/1, , 20, 30, 4, 
2015/3/2, , 9, 28, 2, 
2015/3/3, , 6, 27, 7, 
2015/3/4, , 13, 26, 3, 
2015/3/5, , 6, 19, 9, 1
2015/3/6, , 14, 26, 3, 
2015/3/7, , 10, 31, 3, 1
2015/3/8, , 12, 26, 8, 1
2015/3/9, , 17, 25, 6, 1
2015/3/10, , 22, 24, 4, 
2015/3/11, , 15, 25, 5, 
2015/3/12, , 7, 23, 6, 
2015/3/13, , 10, 21, 6, 
2015/3/14, , 16, 20, 4, 
2015/3/15, , 16, 23, 7, 2
2015/3/16, , 27, 33, 6, 1
2015/3/17, , 18, 31, 19, 4
2015/3/18, , 32, 39, 28, 3
2015/3/19, , 48, 42, 11, 3
2015/3/20, , 48, 33, 2, 
2015/3/21, , 10, 32, 5, 
2015/3/22, , 8, 33, 6, 1
2015/3/23, , 18, 24, 10, 1
2015/3/24, , 25, 24, 14, 
2015/3/25, , 21, 15, 19, 1
2015/3/26, , 41, 20, 5, 
2015/3/27, , 15, 31, 6, 
2015/3/28, , 13, 20, 4, 
2015/3/29, , 15, 34, 2, 
2015/3/30, , 5, 32, 4, 
2015/3/31, , 8, 32, 2, 
2014/10/1, , 12, 18, 13, 3
2014/10/2, , 22, 19, 20, 4
2014/10/3, , 34, 28, 15, 5
2014/10/4, , 31, 25, 10, 4
2014/10/5, , 24, 13, 11, 3
2014/10/6, , 23, 25, 6, 4
2014/10/7, , 33, 23, 6, 3
2014/10/8, , 26, 15, 9, 3
2014/10/9, , 30, 21, 9, 3
2014/10/10, , 22, 11, 13, 3
2014/10/11, , 23, 23, 3, 2
2014/10/12, , 14, 14, 11, 3
2014/10/13, , 17, 16, 6, 3
2014/10/14, , 21, 21, 7, 2
2014/10/15, , 6, 15, 15, 2
2014/10/16, , 11, 7, 10, 2
2014/10/17, , 10, 12, 5, 2
2014/10/18, , 8, 22, 3, 3
2014/10/19, , 16, 23, 1, 2
2014/10/20, , 8, 21, 5, 4
2014/10/21, , 15, 10, 6, 3
2014/10/22, , 11, 11, 7, 3
2014/10/23, , 12, 15, 7, 3
2014/10/24, , 17, 16, 5, 5
2014/10/25, , 24, 11, 4, 4
2014/10/26, , 24, 13, 6, 3
2014/10/27, , 21, 19, 9, 5
2014/10/28, , 28, 20, 13, 6
2014/10/29, , 34, 16, 11, 6
2014/10/30, , 26, 15, 12, 5
2014/10/31, , 26, 5, 6, 5
2014/11/1, , 34, 14, 6, 7
2014/11/2, , 37, 13, 6, 5
2014/11/3, , 24, 15, 7, 5
2014/11/4, , 35, 12, 13, 6
2014/11/5, , 34, 8, 9, 12
2014/11/6, , 27, 14, 9, 13
2014/11/7, , 14, 8, 11, 19
2014/11/8, , 26, 13, 7, 18
2014/11/9, , 16, 7, 6, 14
2014/11/10, , 24, 4, 7, 15
2014/11/11, , 24, 5, 7, 13
2014/11/12, , 28, 5, 6, 12
2014/11/13, , 31, 4, 8, 13
2014/11/14, , 26, 9, 6, 12
2014/11/15, , 18, 11, 4, 12
2014/11/16, , 29, 7, 8, 12
2014/11/17, , 18, 10, 5, 11
2014/11/18, , 20, 10, 6, 6
2014/11/19, , 26, , 8, 2
2014/11/20, , 37, 3, 9, 3
2014/11/21, , 30, 8, 8, 2
2014/11/22, , 30, 12, 7, 3
2014/11/23, , 29, 17, 6, 1
2014/11/24, , 17, 18, 8, 1
2014/11/25, , 18, 13, 8, 2
2014/11/26, , 17, 4, 10, 3
2014/11/27, , 27, 15, 7, 2
2014/11/28, , 20, 13, 10, 7
2014/11/29, , 25, 11, 12, 3
2014/11/30, , 30, 15, 5, 1
2014/12/1, , 20, 19, 10, 2
2014/12/2, , 20, 12, 9, 2
2014/12/3, , 36, 11, 8, 2
2014/12/4, , 22, 9, 7, 2
2014/12/5, , 27, 1, 10, 5
2014/12/6, , 28, 18, 5, 1
2014/12/7, , 12, 20, 5, 1
2014/12/8, , 11, 14, 9, 3
2014/12/9, , 22, 16, 7, 2
2014/12/10, , 16, 14, 6, 1
2014/12/11, , 12, 23, 5, 
2014/12/12, , 8, 29, 1, 
2014/12/13, , 6, 20, 4, 
2014/12/14, , 12, 17, 5, 
2014/12/15, , 12, 19, 6, 
2014/12/16, , 11, 24, 3, 
2014/12/17, , 10, 12, 8, 1
2014/12/18, , 15, 27, 2, 
2014/12/19, , 4, 29, 1, 
2014/12/20, , 6, 27, 1, 
2014/12/21, , 6, 27, 2, 
2014/12/22, , 4, 31, 1, 1
2014/12/23, , 6, 31, 2, 1
2014/12/24, , 5, 29, 2, 1
2014/12/25, , 4, 25, 6, 2
2014/12/26, , 11, 19, 6, 3
2014/12/27, , 20, 24, 4, 4
2014/12/28, , 14, , , 
2014/7/1, , 9, 28, 3, 2
2014/7/2, , 9, 30, 2, 1
2014/7/3, , 9, 44, 8, 2
2014/7/4, , 16, 51, 9, 2
2014/7/5, , 20, 47, 6, 2
2014/7/6, , 25, 43, 15, 3
2014/7/7, , 25, 32, 12, 3
2014/7/8, , 23, 37, 5, 2
2014/7/9, , 17, 37, 4, 2
2014/7/10, , 16, 21, 3, 2
2014/7/11, , 12, 17, 4, 2
2014/7/12, , 8, 25, 2, 1
2014/7/13, , 5, 27, 7, 2
2014/7/14, , 13, 33, 4, 2
2014/7/15, , 13, 39, 9, 2
2014/7/16, , 16, 28, 7, 2
2014/7/17, , 14, 30, 9, 2
2014/7/18, , 15, 31, 8, 2
2014/7/19, , 14, 32, 4, 2
2014/7/20, , 12, 32, 7, 2
2014/7/21, , 12, 33, 6, 2
2014/7/22, , 13, 28, 3, 2
2014/7/23, , 15, 34, 5, 2
2014/7/24, , 16, 34, 7, 2
2014/7/25, , 17, 29, 12, 2
2014/7/26, , 19, 42, 12, 2
2014/7/27, , 24, 28, 14, 2
2014/7/28, , 29, 42, 12, 2
2014/7/29, , 30, 46, 11, 2
2014/7/30, , 23, 36, 2, 1
2014/7/31, , 11, 33, 6, 1
2014/8/1, , 11, 30, 11, 2
2014/8/2, , 17, 55, 5, 3
2014/8/3, , 30, 53, 13, 2
2014/8/4, , 28, 35, 4, 2
2014/8/5, , 13, 34, 1, 2
2014/8/6, , 7, 33, 9, 3
2014/8/7, , 15, 36, 13, 3
2014/8/8, , 15, 44, 10, 3
2014/8/9, , 19, 37, 2, 3
2014/8/10, , 11, 28, 5, 2
2014/8/11, , 13, 32, 7, 3
2014/8/12, , 14, 38, 8, 3
2014/8/13, , 12, 33, 6, 2
2014/8/14, , 10, 32, 4, 2
2014/8/15, , 11, 31, 1, 2
2014/8/16, , 8, 29, 1, 2
2014/8/17, , 7, 27, 3, 2
2014/8/18, , 9, 26, 3, 2
2014/8/19, , 8, 26, 3, 2
2014/8/20, , 8, 30, 4, 2
2014/8/21, , 8, 37, 8, 3
2014/8/22, , 14, 34, 7, 3
2014/8/23, , 15, 33, 6, 3
2014/8/24, , 12, 30, 1, 2
2014/8/25, , 7, 33, 5, 2
2014/8/26, , 8, 29, 1, 2
2014/8/27, , 6, 31, 2, 2
2014/8/28, , 6, 31, 5, 3
2014/8/29, , 9, 30, 8, 3
2014/8/30, , 11, 24, 6, 3
2014/8/31, , 14, 23, 4, 2
2014/9/1, , 6, 21, 7, 3
2014/9/2, , 10, 25, 7, 3
2014/9/3, , 11, 25, 10, 3
2014/9/4, , 12, 27, 13, 3
2014/9/5, , 17, 32, 12, 3
2014/9/6, , 19, 41, 12, 3
2014/9/7, , 22, 32, 11, 3
2014/9/8, , 28, 29, 8, 3
2014/9/9, , 16, 19, 4, 3
2014/9/10, , 10, 26, 10, 3
2014/9/11, , 10, 22, 7, 2
2014/9/12, , 21, 31, 9, 3
2014/9/13, , 24, 27, 5, 3
2014/9/14, , 26, 22, 7, 3
2014/9/15, , 15, 22, 13, 3
2014/9/16, , 19, 25, 11, 3
2014/9/17, , 19, 26, 16, 3
2014/9/18, , 26, 27, 18, 4
2014/9/19, , 37, 41, 16, 4
2014/9/20, , 35, 35, 9, 3
2014/9/21, , 26, 29, 1, 2
2014/9/22, , 8, 27, 2, 3
2014/9/23, , 7, 25, 8, 3
2014/9/24, , 14, 23, 5, 2
2014/9/25, , 16, 20, 5, 2
2014/9/26, , 11, 27, 1, 2
2014/9/27, , 12, 29, 3, 2
2014/9/28, , 13, 32, 10, 2
2014/9/29, , 19, 23, 10, 2
2014/9/30, , 13, 18, 9, 4
2014/4/1, , 8, 29, 18, 2
2014/4/2, , 24, 27, 12, 2
2014/4/3, , 19, 30, 6, 1
2014/4/4, , 6, 34, 6, 2
2014/4/5, , 15, 31, 8, 3
2014/4/6, , 26, 21, 4, 2
2014/4/7, , 17, 30, 7, 1
2014/4/8, , 16, 27, 1, 1
2014/4/9, , 5, 20, 7, 1
2014/4/10, , 8, 29, 9, 1
2014/4/11, , 18, 20, 8, 1
2014/4/12, , 17, 32, 2, 1
2014/4/13, , 13, 29, 2, 1
2014/4/14, , 8, 25, 2, 1
2014/4/15, , 5, 27, 6, 3
2014/4/16, , 8, 33, 9, 3
2014/4/17, , 20, 35, 8, 3
2014/4/18, , 19, 33, 8, 3
2014/4/19, , 24, 39, 4, 3
2014/4/20, , 20, 28, 6, 2
2014/4/21, , 20, 31, 16, 3
2014/4/22, , 25, 32, 15, 3
2014/4/23, , 27, 31, 9, 2
2014/4/24, , 17, 33, 12, 3
2014/4/25, , 20, 33, 14, 3
2014/4/26, , 22, 35, 7, 2
2014/4/27, , 15, 35, 13, 2
2014/4/28, , 19, 35, 20, 3
2014/4/29, , 23, 43, 8, 3
2014/4/30, , 22, , , 
2014/5/5, , 22, 29, 9, 3
2014/5/6, , 12, 34, 5, 2
2014/5/7, , 15, 26, 8, 2
2014/5/8, , 12, 14, 8, 2
2014/5/9, , 9, 28, 2, 2
2014/5/10, , 7, 26, 2, 2
2014/5/11, , 9, 20, 7, 2
2014/5/12, , 9, 30, 2, 2
2014/5/13, , 7, 27, 2, 2
2014/5/14, , 9, 25, 6, 2
2014/5/15, , 9, 26, 5, 2
2014/5/16, , 9, 29, 4, 2
2014/5/17, , 10, 19, 6, 2
2014/5/18, , 14, 31, 15, 2
2014/5/19, , 22, 33, 12, 2
2014/5/20, , 18, 38, 19, 2
2014/5/21, , 25, 43, 8, 2
2014/5/22, , 23, 42, 4, 2
2014/5/23, , 22, 28, 4, 2
2014/5/24, , 25, 30, 3, 2
2014/5/25, , 10, 34, 6, 2
2014/5/26, , 9, 31, 3, 1
2014/5/27, , 7, 16, 2, 1
2014/5/28, , 6, 18, 3, 1
2014/5/29, , 6, 21, 3, 2
2014/5/30, , 9, 28, 2, 3
2014/5/31, , 11, 29, 3, 3
2014/6/1, , 12, 23, 2, 3
2014/6/2, , 8, 13, 6, 3
2014/6/3, , 11, 15, 8, 3
2014/6/4, , 13, 35, 5, 4
2014/6/5, , 15, 28, 5, 3
2014/6/6, , 9, 41, 5, 3
2014/6/7, , 13, 34, 6, 4
2014/6/8, , 14, 35, 8, 4
2014/6/9, , 13, 28, 9, 3
2014/6/10, , 15, 21, 10, 2
2014/6/11, , 18, 28, 2, 2
2014/6/12, , 11, 24, 1, 2
2014/6/13, , 8, 14, 1, 2
2014/6/14, , 5, 23, 1, 2
2014/6/15, , 5, 29, 4, 2
2014/6/16, , 9, 24, 5, 2
2014/6/17, , 8, 37, 3, 1
2014/6/18, , 13, 28, , 1
2014/6/19, , 11, 21, 1, 1
2014/6/20, , 4, 25, 1, 1
2014/6/21, , 7, 28, , 1
2014/6/22, , 5, 23, 1, 1
2014/6/23, , 7, 22, 1, 1
2014/6/24, , 8, 22, 3, 1
2014/6/25, , 8, 22, 5, 1
2014/6/26, , 7, 27, 6, 1
2014/6/27, , 10, 29, 7, 2
2014/6/28, , 14, 23, 4, 2
2014/6/29, , 13, 30, 1, 2
2014/6/30, , 17, 33, 1, 2
2014/1/1, , 35, 9, 8, 4
2014/1/2, , 32, 6, 10, 5
2014/1/3, , 36, 17, 7, 4
2014/1/4, , 19, 10, 7, 4
2014/1/5, , 20, 20, 3, 3
2014/1/6, , 10, 14, 5, 3
2014/1/7, , 10, 17, 6, 3
2014/1/8, , 11, 17, 6, 3
2014/1/9, , 12, 26, 1, 2
2014/1/10, , 3, 22, 3, 2
2014/1/11, , 7, 26, 1, 2
2014/1/12, , 4, 19, 7, 3
2014/1/13, , 9, 9, 12, 5
2014/1/14, , 24, 13, 7, 4
2014/1/15, , 12, 15, 8, 4
2014/1/16, , 13, 13, 7, 3
2014/1/17, , 16, 9, 8, 4
2014/1/18, , 17, 18, 3, 3
2014/1/19, , 10, 16, 4, 3
2014/1/20, , 9, 17, 7, 3
2014/1/21, , 12, 17, 7, 3
2014/1/22, , 10, 15, 15, 4
2014/1/23, , 19, 16, 13, 8
2014/1/24, , 25, 15, 15, 15
2014/1/25, , 21, 21, 5, 6
2014/1/26, , 13, 22, 5, 5
2014/1/27, , 13, 20, 7, 6
2014/1/28, , 11, 19, 5, 6
2014/1/29, , 12, 23, 5, 6
2014/1/30, , 16, 21, 6, 5
2014/1/31, , 31, 25, 6, 10
2014/2/1, , 29, 20, 7, 9
2014/2/2, , 33, 11, 11, 6
2014/2/3, , 43, 20, 17, 12
2014/2/4, , 49, 19, 18, 13
2014/2/5, , 54, 12, 11, 7
2014/2/6, , 37, 10, 10, 6
2014/2/7, , 31, 18, 5, 6
2014/2/8, , 11, 16, 6, 5
2014/2/9, , 22, 18, 16, 6
2014/2/10, , 30, 8, 10, 5
2014/2/11, , 21, 12, 9, 5
2014/2/12, , 16, 12, 9, 5
2014/2/13, , 26, 14, 6, 4
2014/2/14, , 23, 14, 5, 4
2014/2/15, , 16, 19, 3, 3
2014/2/16, , 8, 24, 2, 3
2014/2/17, , 9, 21, 6, 3
2014/2/18, , 16, 8, 10, 4
2014/2/19, , 30, 11, 7, 3
2014/2/20, , 12, 15, 7, 4
2014/2/21, , 21, 24, 5, 3
2014/2/22, , 12, 23, 9, 4
2014/2/23, , 19, 26, 7, 4
2014/2/24, , 20, 17, 6, 4
2014/2/25, , 22, 12, 9, 3
2014/2/26, , 29, 15, 11, 4
2014/2/27, , 45, 8, 8, 2
2014/2/28, , 41, 17, 4, 2
2014/3/1, , 26, 15, 3, 2
2014/3/2, , 28, 18, 6, 2
2014/3/3, , 24, 17, 8, 2
2014/3/4, , 22, 14, 11, 2
2014/3/5, , 22, 20, 7, 2
2014/3/6, , 23, 22, 12, 2
2014/3/7, , 32, 28, 5, 2
2014/3/8, , 23, 30, 4, 3
2014/3/9, , 27, 29, 7, 3
2014/3/10, , 32, 22, 6, 3
2014/3/11, , 14, 29, 8, 2
2014/3/12, , 18, 34, 2, 2
2014/3/13, , 15, 25, 3, 2
2014/3/14, , 16, 30, 1, 1
2014/3/15, , 11, 29, 1, 1
2014/3/16, , 6, 31, 1, 1
2014/3/17, , 8, 24, 2, 1
2014/3/18, , 8, 22, 2, 1
2014/3/19, , 9, 26, 4, 1
2014/3/20, , 16, 32, 7, 2
2014/3/21, , 18, 27, 4, 1
2014/3/22, , 9, 24, 7, 1
2014/3/23, , 9, 24, 8, 1
2014/3/24, , 11, 20, 5, 1
2014/3/25, , 5, , 10, 1
2014/3/26, , 12, , 7, 1
2014/3/27, , 11, , 12, 2
2014/3/28, , 19, , 17, 3
2014/3/29, , 22, , 13, 2
2014/3/30, , 25, , 19, 3
2014/3/31, , 31, 23, 9, 1
2020/3/31, , , 31, 2, 
2019/12/31, , , 29, 1, 1
2018/12/31, , , 30, 1, 1
2018/8/15, , , 6, , 1
2017/12/31, , , 27, 3, 1
2017/9/10, , , 27, 6, 
2017/1/2, , , 19, 6, 1
2016/2/13, , , 17, 6, 
2016/2/14, , , 15, 7, 
2016/2/15, , , 25, 6, 1
2016/2/16, , , 21, 8, 1
2016/2/17, , , 17, 4, 
2016/2/18, , , 20, 6, 
2016/2/19, , , 23, 3, 
2016/2/20, , , 32, 1, 
2016/2/21, , , 31, 1, 1
2016/1/1, , , 20, 3, 3
2014/12/31, , , 24, , 2
2014/5/4, , , 27, 14, 3
2013/12/31, , , 9, 5, 4