date, pm10, no2
2019/10/1, 12, 11
2019/10/2, 12, 10
2019/10/3, 14, 11
2019/10/4, 19, 5
2019/10/5, 8, 8
2019/10/6, 7, 12
2019/10/7, 10, 10
2019/10/8, 16, 9
2019/10/9, 20, 5
2019/10/10, 12, 4
2019/10/11, 17, 5
2019/10/12, 8, 7
2019/10/13, 17, 6
2019/10/14, 20, 14
2019/10/15, 38, 11
2019/10/16, 43, 7
2019/10/17, 16, 13
2019/10/18, 33, 9
2019/10/19, 24, 11
2019/10/20, 37, 12
2019/10/21, 50, 11
2019/10/22, 73, 12
2019/10/23, 58, 10
2019/7/1, 33, 2
2019/7/2, 20, 4
2019/7/3, 23, 3
2019/7/4, 19, 4
2019/7/5, 12, 4
2019/7/6, 10, 3
2019/7/7, 12, 4
2019/7/8, 8, 6
2019/7/9, 14, 6
2019/7/10, 14, 13
2019/7/11, 29, 5
2019/7/12, 19, 8
2019/7/13, 22, 5
2019/7/14, 14, 8
2019/7/15, 19, 4
2019/7/16, 14, 6
2019/7/17, 10, 10
2019/7/18, 17, 10
2019/7/19, 25, 8
2019/7/20, 18, 6
2019/7/21, 15, 4
2019/7/22, 19, 8
2019/7/23, 17, 8
2019/7/24, 20, 12
2019/7/25, 23, 8
2019/7/26, 24, 6
2019/7/27, 17, 4
2019/7/28, 23, 10
2019/7/29, 30, 7
2019/7/30, 34, 3
2019/7/31, 16, 14
2019/8/1, 30, 9
2019/8/2, 32, 5
2019/8/3, 15, 5
2019/8/4, 13, 13
2019/8/5, 21, 10
2019/8/6, 21, 9
2019/8/7, 20, 9
2019/8/8, 16, 10
2019/8/9, 17, 8
2019/8/10, 16, 6
2019/8/11, 16, 12
2019/8/12, 28, 11
2019/8/13, 40, 5
2019/8/14, 19, 4
2019/8/15, 14, 12
2019/8/16, 24, 13
2019/8/17, 23, 8
2019/8/18, 21, 8
2019/8/19, 16, 13
2019/8/20, 31, 14
2019/8/21, 45, 9
2019/8/22, 28, 10
2019/8/23, 26, 23
2019/8/24, 40, 13
2019/8/25, 31, 13
2019/8/26, 37, 13
2019/8/27, 38, 9
2019/8/28, 42, 11
2019/8/29, 28, 9
2019/8/30, 31, 8
2019/8/31, 27, 5
2019/9/1, 30, 7
2019/9/2, 21, 5
2019/9/3, 17, 8
2019/9/4, 21, 9
2019/9/5, 25, 6
2019/9/6, 33, 13
2019/9/7, 21, 5
2019/9/8, 15, 10
2019/9/9, 25, 8
2019/9/10, 16, 7
2019/9/11, 16, 6
2019/9/12, 26, 5
2019/9/13, 32, 4
2019/9/14, 21, 2
2019/9/15, 17, 3
2019/9/16, 34, 4
2019/9/17, 9, 7
2019/9/18, 12, 9
2019/9/19, 14, 10
2019/9/20, 11, 4
2019/9/21, 8, 6
2019/9/22, 11, 3
2019/9/23, 11, 9
2019/9/24, 23, 12
2019/9/25, 39, 16
2019/9/26, 54, 12
2019/9/27, 37, 5
2019/9/28, 14, 4
2019/9/29, 12, 7
2019/9/30, 10, 8
2019/4/1, 30, 4
2019/4/2, 56, 7
2019/4/3, 42, 7
2019/4/4, 47, 7
2019/4/5, 49, 11
2019/4/6, 43, 22
2019/4/7, 61, 17
2019/4/8, 38, 14
2019/4/9, 22, 10
2019/4/10, 26, 8
2019/4/11, 9, 6
2019/4/12, 13, 4
2019/4/13, 17, 3
2019/4/14, 17, 15
2019/4/15, 32, 9
2019/4/16, 26, 21
2019/4/17, 43, 26
2019/4/18, 62, 25
2019/4/19, 39, 14
2019/4/20, 27, 15
2019/4/21, 30, 7
2019/4/22, 20, 7
2019/4/23, 67, 6
2019/4/24, 59, 14
2019/4/25, 51, 25
2019/4/26, 76, 17
2019/4/27, 51, 5
2019/4/28, 12, 11
2019/4/29, 39, 13
2019/4/30, 35, 6
2019/5/1, 23, 2
2019/5/2, 21, 3
2019/5/3, 11, 4
2019/5/4, 15, 7
2019/5/5, 11, 7
2019/5/6, 26, 14
2019/5/7, 26, 11
2019/5/8, 41, 10
2019/5/9, 37, 10
2019/5/10, 27, 12
2019/5/11, 24, 8
2019/5/12, 20, 13
2019/5/13, 33, 9
2019/5/14, 40, 13
2019/5/15, 28, 17
2019/5/16, 24, 17
2019/5/17, 21, 20
2019/5/18, 33, 12
2019/5/19, 21, 16
2019/5/20, 32, 11
2019/5/21, 30, 14
2019/5/22, 36, 9
2019/5/23, 23, 13
2019/5/24, 24, 3
2019/5/25, 16, 2
2019/5/26, 14, 5
2019/5/27, 15, 10
2019/5/28, 13, 8
2019/5/29, 22, 10
2019/5/30, 33, 5
2019/5/31, 15, 8
2019/6/1, 16, 3
2019/6/2, 14, 9
2019/6/3, 32, 13
2019/6/4, 33, 13
2019/6/5, 46, 10
2019/6/6, 40, 13
2019/6/7, 36, 8
2019/6/8, 27, 3
2019/6/9, 17, 10
2019/6/10, 25, 11
2019/6/11, 34, 13
2019/6/12, 45, 13
2019/6/13, 30, 9
2019/6/14, 17, 9
2019/6/15, 32, 3
2019/6/16, 11, 7
2019/6/17, 18, 12
2019/6/18, 29, 9
2019/6/19, 23, 12
2019/6/20, 34, 8
2019/6/21, 16, 5
2019/6/22, 12, 7
2019/6/23, 14, 8
2019/6/24, 20, 10
2019/6/25, 30, 14
2019/6/26, 78, 6
2019/6/27, 34, 7
2019/6/28, 26, 3
2019/6/29, 21, 7
2019/6/30, 18, 4
2019/1/1, 13, 3
2019/1/2, 9, 3
2019/1/3, 6, 7
2019/1/4, 11, 5
2019/1/5, 5, 4
2019/1/6, 8, 4
2019/1/7, 12, 8
2019/1/8, 18, 7
2019/1/9, 23, 9
2019/1/10, 26, 7
2019/1/11, 14, 6
2019/1/12, 11, 2
2019/1/13, 5, 8
2019/1/14, 12, 8
2019/1/15, 14, 8
2019/1/16, 11, 3
2019/1/17, 7, 9
2019/1/18, 7, 4
2019/1/19, 10, 8
2019/1/20, 14, 10
2019/1/21, 18, 12
2019/1/22, 47, 11
2019/1/23, 44, 16
2019/1/24, 36, 12
2019/1/25, 32, 6
2019/1/26, 36, 9
2019/1/27, 51, 14
2019/1/28, 41, 10
2019/1/29, 19, 10
2019/1/30, 20, 7
2019/1/31, 25, 11
2019/2/1, 38, 10
2019/2/2, 29, 7
2019/2/3, 15, 11
2019/2/4, 16, 5
2019/2/5, 17, 9
2019/2/6, 14, 13
2019/2/7, 42, 8
2019/2/8, 23, 6
2019/2/9, 19, 4
2019/2/10, 14, 7
2019/2/11, 11, 10
2019/2/12, 9, 5
2019/2/13, 15, 6
2019/2/14, 15, 9
2019/2/15, 18, 13
2019/2/16, 29, 8
2019/2/17, 20, 14
2019/2/18, 30, 11
2019/2/19, 37, 7
2019/2/20, 13, 6
2019/2/21, 11, 10
2019/2/22, 19, 9
2019/2/23, 23, 4
2019/2/24, 14, 8
2019/2/25, 16, 15
2019/2/26, 23, 15
2019/2/27, 33, 11
2019/2/28, 26, 16
2019/3/1, 26, 8
2019/3/2, 22, 3
2019/3/3, 15, 5
2019/3/4, 10, 6
2019/3/5, 6, 12
2019/3/6, 15, 10
2019/3/7, 24, 3
2019/3/8, 10, 3
2019/3/9, 14, 3
2019/3/10, 12, 7
2019/3/11, 11, 12
2019/3/12, 19, 7
2019/3/13, 18, 5
2019/3/14, 11, 6
2019/3/15, 11, 3
2019/3/16, 9, 3
2019/3/17, 10, 3
2019/3/18, 7, 5
2019/3/19, 8, 4
2019/3/20, 12, 4
2019/3/21, 13, 8
2019/3/22, 15, 6
2019/3/23, 22, 3
2019/3/24, 19, 7
2019/3/25, 17, 9
2019/3/26, 16, 8
2019/3/27, 15, 14
2019/3/28, 30, 4
2019/3/29, 22, 7
2019/3/30, 22, 5
2019/3/31, 18, 15
2018/10/1, 30, 3
2018/10/2, 13, 6
2018/10/3, 7, 8
2018/10/4, 12, 8
2018/10/5, 18, 10
2018/10/6, 26, 8
2018/10/7, 18, 14
2018/10/8, 16, 11
2018/10/9, 23, 20
2018/10/10, 45, 15
2018/10/11, 50, 17
2018/10/12, 48, 19
2018/10/13, 53, 9
2018/10/14, 42, 14
2018/10/15, 44, 25
2018/10/16, 58, 27
2018/10/17, 70, 32
2018/10/18, 82, 22
2018/10/19, 34, 15
2018/10/20, 28, 7
2018/10/21, 12, 10
2018/10/22, 21, 6
2018/10/23, 18, 10
2018/10/24, 41, 9
2018/10/25, 13, 12
2018/10/26, 28, 6
2018/10/27, 14, 10
2018/10/28, 13, 6
2018/10/29, 14, 7
2018/10/30, 27, 11
2018/10/31, 22, 10
2018/11/1, 34, 10
2018/11/2, 38, 12
2018/11/3, 23, 8
2018/11/4, 22, 7
2018/11/5, 27, 12
2018/11/6, 47, 11
2018/11/7, 51, 19
2018/11/8, 72, 12
2018/11/9, 39, 10
2018/11/10, 46, 6
2018/11/11, 48, 8
2018/11/12, 42, 11
2018/11/13, 24, 14
2018/11/14, 16, 14
2018/11/15, 29, 11
2018/11/16, 22, 12
2018/11/17, 40, 8
2018/11/18, 24, 2
2018/11/19, 7, 2
2018/11/20, 7, 3
2018/11/21, 12, 10
2018/11/22, 29, 10
2018/11/23, 39, 12
2018/11/24, 58, 12
2018/11/25, 47, 16
2018/11/26, 28, 23
2018/11/27, 29, 20
2018/11/28, 26, 6
2018/11/29, 26, 7
2018/11/30, 27, 9
2018/12/1, 39, 9
2018/12/2, 39, 8
2018/12/3, 17, 6
2018/12/4, 13, 10
2018/12/5, 18, 12
2018/12/6, 27, 11
2018/12/7, 16, 4
2018/12/8, 9, 3
2018/12/9, 7, 5
2018/12/10, 7, 8
2018/12/11, 12, 12
2018/12/12, 17, 9
2018/12/13, 12, 15
2018/12/14, 30, 7
2018/12/15, 18, 5
2018/12/16, 15, 12
2018/12/17, 41, 12
2018/12/18, 46, 11
2018/12/19, 48, 12
2018/12/20, 47, 14
2018/12/21, 48, 8
2018/12/22, 17, 9
2018/12/23, 17, 7
2018/12/24, 10, 2
2018/12/25, 9, 2
2018/12/26, 12, 4
2018/12/27, 6, 7
2018/12/28, 9, 3
2018/12/29, 7, 5
2018/12/30, 7, 
2018/7/1, 15, 7
2018/7/2, 33, 8
2018/7/3, 26, 9
2018/7/4, 63, 8
2018/7/5, 23, 4
2018/7/6, 23, 6
2018/7/7, 27, 8
2018/7/8, 15, 11
2018/7/9, 21, 11
2018/7/10, 19, 12
2018/7/11, 22, 10
2018/7/12, 18, 12
2018/7/13, 17, 6
2018/7/14, 63, 3
2018/7/15, 97, 8
2018/7/16, 25, 15
2018/7/17, 28, 9
2018/7/18, 26, 7
2018/7/19, 31, 5
2018/7/20, 21, 5
2018/7/21, 14, 8
2018/7/22, 16, 13
2018/7/23, 25, 7
2018/7/24, 21, 9
2018/7/25, 27, 9
2018/7/26, 28, 11
2018/7/27, 39, 9
2018/7/28, 35, 6
2018/7/29, 26, 11
2018/7/30, 31, 
2018/7/31, 32, 14
2018/8/1, 37, 21
2018/8/2, 42, 
2018/8/16, 15, 15
2018/8/17, 19, 11
2018/8/18, 14, 6
2018/8/19, 15, 5
2018/8/20, 18, 10
2018/8/21, 23, 12
2018/8/22, 23, 13
2018/8/23, 45, 18
2018/8/24, 28, 10
2018/8/25, 13, 5
2018/8/26, 9, 10
2018/8/27, 14, 10
2018/8/28, 15, 12
2018/8/29, 22, 12
2018/8/30, 28, 8
2018/8/31, 18, 5
2018/9/1, 13, 8
2018/9/2, 10, 11
2018/9/3, 20, 21
2018/9/4, 40, 18
2018/9/5, 31, 22
2018/9/6, 32, 17
2018/9/7, 40, 17
2018/9/8, 26, 16
2018/9/9, 20, 18
2018/9/10, 41, 10
2018/9/11, 25, 6
2018/9/12, 24, 12
2018/9/13, 22, 20
2018/9/14, 33, 6
2018/9/15, 19, 9
2018/9/16, 11, 13
2018/9/17, 29, 33
2018/9/18, 60, 11
2018/9/19, 32, 17
2018/9/20, 43, 10
2018/9/21, 45, 4
2018/9/22, 10, 4
2018/9/23, 12, 9
2018/9/24, 13, 14
2018/9/25, 20, 4
2018/9/26, 13, 4
2018/9/27, 12, 8
2018/9/28, 17, 9
2018/9/29, 19, 9
2018/9/30, 19, 17
2018/4/1, 12, 4
2018/4/2, 10, 17
2018/4/3, 29, 21
2018/4/4, 43, 19
2018/4/5, 25, 4
2018/4/6, 12, 10
2018/4/7, 28, 8
2018/4/8, 35, 28
2018/4/9, 109, 19
2018/4/10, 39, 9
2018/4/11, 35, 13
2018/4/12, 37, 7
2018/4/13, 39, 9
2018/4/14, 30, 10
2018/4/15, 25, 23
2018/4/16, 58, 7
2018/4/17, 13, 7
2018/4/18, 24, 13
2018/4/19, 31, 12
2018/4/20, 34, 4
2018/4/21, 27, 6
2018/4/22, 17, 12
2018/4/23, 24, 3
2018/4/24, 21, 6
2018/4/25, 12, 5
2018/4/26, 9, 9
2018/4/27, 17, 21
2018/4/28, 33, 12
2018/4/29, 34, 14
2018/4/30, 31, 4
2018/5/1, 12, 7
2018/5/2, 22, 6
2018/5/3, 18, 10
2018/5/4, 24, 16
2018/5/5, 37, 12
2018/5/6, 22, 19
2018/5/7, 41, 17
2018/5/8, 39, 21
2018/5/9, 38, 15
2018/5/10, 46, 14
2018/5/11, 55, 11
2018/5/12, 20, 11
2018/5/13, 28, 10
2018/5/14, 39, 15
2018/5/15, 37, 14
2018/5/16, 35, 10
2018/5/17, 26, 8
2018/5/18, 28, 8
2018/5/19, 17, 9
2018/5/20, 15, 14
2018/5/21, 36, 13
2018/5/22, 26, 15
2018/5/23, 37, 17
2018/5/24, 34, 15
2018/5/25, 63, 10
2018/5/26, 35, 8
2018/5/27, 16, 18
2018/5/28, 48, 17
2018/5/29, 44, 17
2018/5/30, 41, 7
2018/5/31, 26, 13
2018/6/1, 35, 10
2018/6/2, 34, 9
2018/6/3, 25, 5
2018/6/4, 44, 8
2018/6/5, 20, 9
2018/6/6, 20, 5
2018/6/7, 22, 13
2018/6/8, 33, 10
2018/6/9, 20, 12
2018/6/10, 24, 7
2018/6/11, 30, 8
2018/6/12, 17, 11
2018/6/13, 17, 10
2018/6/14, 19, 8
2018/6/15, 20, 7
2018/6/16, 20, 7
2018/6/17, 26, 8
2018/6/18, 19, 5
2018/6/19, 29, 5
2018/6/20, 26, 6
2018/6/21, 23, 2
2018/6/22, 9, 4
2018/6/23, 11, 8
2018/6/24, 24, 12
2018/6/25, 15, 13
2018/6/26, 19, 11
2018/6/27, 31, 14
2018/6/28, 31, 12
2018/6/29, 40, 5
2018/6/30, 38, 3
2018/1/1, 14, 14
2018/1/2, 22, 8
2018/1/3, 15, 6
2018/1/4, 8, 6
2018/1/5, 11, 6
2018/1/6, 9, 11
2018/1/7, 9, 14
2018/1/8, 16, 15
2018/1/9, 32, 7
2018/1/10, 20, 5
2018/1/11, 17, 4
2018/1/12, 13, 4
2018/1/13, 14, 6
2018/1/14, 24, 7
2018/1/15, 33, 10
2018/1/16, 42, 9
2018/1/17, 19, 6
2018/1/18, 11, 17
2018/1/19, 17, 14
2018/1/20, 24, 17
2018/1/21, 45, 10
2018/1/22, 30, 12
2018/1/23, 39, 10
2018/1/24, 29, 10
2018/1/25, 18, 19
2018/1/26, 37, 9
2018/1/27, 18, 2
2018/1/28, 18, 4
2018/1/29, 9, 6
2018/1/30, 9, 9
2018/1/31, 17, 10
2018/2/1, 16, 7
2018/2/2, 19, 10
2018/2/3, 29, 3
2018/2/4, 14, 12
2018/2/5, 14, 8
2018/2/6, 13, 21
2018/2/7, 40, 29
2018/2/8, 54, 21
2018/2/9, 45, 10
2018/2/10, 42, 8
2018/2/11, 56, 9
2018/2/12, 26, 8
2018/2/13, 17, 18
2018/2/14, 37, 13
2018/2/15, 35, 8
2018/2/16, 33, 8
2018/2/17, 11, 12
2018/2/18, 22, 9
2018/2/19, 22, 12
2018/2/20, 33, 11
2018/2/21, 18, 7
2018/2/22, 27, 8
2018/2/23, 20, 3
2018/2/24, 22, 8
2018/2/25, 13, 13
2018/2/26, 15, 5
2018/2/27, 14, 5
2018/2/28, 22, 8
2018/3/1, 18, 9
2018/3/2, 19, 4
2018/3/3, 24, 18
2018/3/4, 38, 17
2018/3/5, 57, 25
2018/3/6, 72, 11
2018/3/7, 45, 12
2018/3/8, 41, 8
2018/3/9, 14, 5
2018/3/10, 12, 9
2018/3/11, 31, 19
2018/3/12, 43, 8
2018/3/13, 14, 7
2018/3/14, 8, 8
2018/3/15, 30, 5
2018/3/16, 67, 2
2018/3/17, 71, 6
2018/3/18, 18, 23
2018/3/19, 56, 9
2018/3/20, 21, 12
2018/3/21, 18, 6
2018/3/22, 16, 13
2018/3/23, 31, 11
2018/3/24, 40, 11
2018/3/25, 39, 19
2018/3/26, 37, 5
2018/3/27, 20, 8
2018/3/28, 38, 7
2018/3/29, 19, 9
2018/3/30, 15, 10
2018/3/31, 13, 9
2017/10/1, 34, 8
2017/10/2, 40, 5
2017/10/3, 17, 2
2017/10/4, 13, 5
2017/10/5, 13, 7
2017/10/6, 12, 4
2017/10/7, 11, 2
2017/10/8, 7, 7
2017/10/9, 8, 6
2017/10/10, 9, 7
2017/10/11, 14, 3
2017/10/12, 12, 10
2017/10/13, 24, 4
2017/10/14, 13, 9
2017/10/15, 16, 10
2017/10/16, 29, 11
2017/10/17, 37, 13
2017/10/18, 29, 12
2017/10/19, 23, 8
2017/10/20, 34, 6
2017/10/21, 45, 4
2017/10/22, 22, 9
2017/10/23, 16, 6
2017/10/24, 24, 8
2017/10/25, 26, 5
2017/10/26, 12, 9
2017/10/27, 12, 2
2017/10/28, 11, 5
2017/10/29, 9, 9
2017/10/30, 19, 13
2017/10/31, 14, 3
2017/11/1, 7, 5
2017/11/2, 8, 10
2017/11/3, 11, 8
2017/11/4, 19, 9
2017/11/5, 37, 17
2017/11/6, 30, 13
2017/11/7, 30, 6
2017/11/8, 27, 8
2017/11/9, 39, 7
2017/11/10, 20, 1
2017/11/11, 7, 2
2017/11/12, 21, 15
2017/11/13, 29, 7
2017/11/14, 8, 4
2017/11/15, 10, 9
2017/11/16, 18, 9
2017/11/17, 18, 4
2017/11/18, 14, 2
2017/11/19, 5, 16
2017/11/20, 11, 17
2017/11/21, 21, 11
2017/11/22, 23, 11
2017/11/23, 24, 12
2017/11/24, 25, 12
2017/11/25, 20, 4
2017/11/26, 9, 8
2017/11/27, 13, 11
2017/11/28, 16, 13
2017/11/29, 24, 13
2017/11/30, 33, 12
2017/12/1, 9, 7
2017/12/2, 12, 5
2017/12/3, 13, 14
2017/12/4, 14, 5
2017/12/5, 6, 7
2017/12/6, 4, 4
2017/12/7, 10, 5
2017/12/8, 9, 5
2017/12/9, 11, 6
2017/12/10, 13, 14
2017/12/11, 27, 8
2017/12/12, 14, 7
2017/12/13, 12, 9
2017/12/14, 16, 10
2017/12/15, 15, 5
2017/12/16, 14, 11
2017/12/17, 16, 24
2017/12/18, 41, 12
2017/12/19, 28, 20
2017/12/20, 47, 9
2017/12/21, 11, 9
2017/12/22, 14, 3
2017/12/23, 8, 2
2017/12/24, 7, 1
2017/12/25, 3, 3
2017/12/26, 12, 10
2017/12/27, 20, 15
2017/12/28, 40, 5
2017/12/29, 11, 9
2017/12/30, 24, 
2017/7/11, 14, 6
2017/7/12, 15, 9
2017/7/13, 15, 6
2017/7/14, 13, 4
2017/7/15, 14, 11
2017/7/16, 14, 7
2017/7/17, 15, 4
2017/7/18, 13, 3
2017/7/19, 19, 8
2017/7/20, 20, 6
2017/7/21, 11, 3
2017/7/22, 12, 5
2017/7/23, 15, 7
2017/7/24, 18, 7
2017/7/25, 18, 5
2017/7/26, 18, 6
2017/7/27, 13, 9
2017/7/28, 17, 9
2017/7/29, 15, 4
2017/7/30, 21, 9
2017/7/31, 19, 11
2017/8/1, 27, 13
2017/8/2, 23, 10
2017/8/3, 24, 16
2017/8/4, 18, 4
2017/8/5, 15, 3
2017/8/6, 11, 3
2017/8/7, 12, 6
2017/8/8, 22, 8
2017/8/9, 28, 9
2017/8/10, 36, 19
2017/8/11, 28, 16
2017/8/12, 15, 4
2017/8/13, 11, 2
2017/8/14, 15, 5
2017/8/15, 16, 6
2017/8/16, 23, 12
2017/8/17, 16, 9
2017/8/18, 27, 10
2017/8/21, 10, 5
2017/8/22, 12, 10
2017/8/23, 13, 13
2017/8/24, 17, 12
2017/8/25, 13, 4
2017/8/26, 13, 7
2017/8/27, 15, 11
2017/8/28, 13, 11
2017/8/29, 19, 14
2017/8/30, 35, 9
2017/8/31, 36, 10
2017/9/1, 13, 12
2017/9/2, 10, 8
2017/9/3, 7, 5
2017/9/4, 14, 10
2017/9/5, 11, 10
2017/9/6, 19, 9
2017/9/11, 18, 8
2017/9/12, 19, 5
2017/9/13, 15, 5
2017/9/14, 13, 3
2017/9/15, 11, 4
2017/9/16, 18, 8
2017/9/17, 14, 7
2017/9/18, 16, 12
2017/9/19, 18, 8
2017/9/20, 32, 17
2017/9/21, 33, 14
2017/9/22, 18, 13
2017/9/23, 32, 8
2017/9/24, 31, 6
2017/9/25, 32, 6
2017/9/26, 48, 9
2017/9/27, 36, 10
2017/9/28, 28, 9
2017/9/29, 32, 8
2017/9/30, 33, 8
2017/4/1, 41, 19
2017/4/2, 47, 13
2017/4/3, 23, 19
2017/4/4, 39, 13
2017/4/5, 33, 17
2017/4/6, 21, 12
2017/4/7, 12, 9
2017/4/8, 13, 3
2017/4/9, 9, 8
2017/4/10, 30, 5
2017/4/11, 16, 5
2017/4/12, 10, 9
2017/4/13, 10, 7
2017/4/14, 15, 6
2017/4/15, 10, 6
2017/4/16, 8, 9
2017/4/17, 17, 6
2017/4/18, 30, 8
2017/4/19, 47, 11
2017/4/20, 27, 5
2017/4/21, 18, 3
2017/4/22, 11, 5
2017/4/23, 10, 5
2017/4/24, 11, 12
2017/4/25, 18, 6
2017/4/26, 12, 15
2017/4/27, 24, 18
2017/4/28, 25, 9
2017/4/29, 11, 8
2017/4/30, 14, 4
2017/5/1, 12, 7
2017/5/2, 21, 8
2017/5/3, 15, 9
2017/5/4, 34, 14
2017/5/5, 27, 13
2017/5/6, 37, 8
2017/5/7, 19, 11
2017/5/8, 18, 12
2017/5/9, 21, 10
2017/5/10, 10, 8
2017/5/11, 11, 12
2017/5/12, 23, 15
2017/5/13, 23, 16
2017/5/14, 27, 10
2017/5/15, 32, 13
2017/5/16, 18, 16
2017/5/17, 29, 15
2017/5/18, 30, 12
2017/5/19, 34, 10
2017/5/20, 34, 3
2017/5/21, 20, 7
2017/5/22, 25, 8
2017/5/23, 23, 18
2017/5/24, 33, 11
2017/5/25, 33, 11
2017/5/26, 27, 14
2017/5/27, 16, 11
2017/5/28, 24, 11
2017/5/29, 22, 15
2017/5/30, 30, 4
2017/5/31, 63, 5
2017/6/1, 28, 9
2017/6/2, 23, 7
2017/6/3, 12, 8
2017/6/4, 19, 7
2017/6/5, 11, 8
2017/6/6, 20, 8
2017/6/7, 14, 6
2017/6/8, 16, 10
2017/6/9, 20, 9
2017/6/10, 20, 5
2017/6/11, 15, 5
2017/6/12, 21, 6
2017/6/13, 22, 7
2017/6/14, 53, 4
2017/6/15, 11, 7
2017/6/16, 14, 5
2017/6/17, 14, 4
2017/6/18, 11, 7
2017/6/19, 30, 7
2017/6/21, 41, 7
2017/1/3, 11, 6
2017/1/4, 12, 4
2017/1/5, 8, 8
2017/1/6, 16, 7
2017/1/7, 15, 12
2017/1/8, 41, 12
2017/1/9, 29, 16
2017/1/10, 54, 14
2017/1/11, 58, 5
2017/1/12, 16, 13
2017/1/13, 25, 10
2017/1/14, 12, 8
2017/1/15, 13, 23
2017/1/16, 46, 29
2017/1/17, 30, 7
2017/1/18, 40, 7
2017/1/19, 10, 8
2017/1/20, 6, 5
2017/1/21, 6, 5
2017/1/22, 14, 9
2017/1/23, 44, 14
2017/1/24, 18, 22
2017/1/25, 28, 8
2017/1/26, 19, 15
2017/1/27, 43, 23
2017/1/28, 84, 13
2017/1/29, 73, 18
2017/1/30, 84, 16
2017/1/31, 60, 20
2017/2/1, 64, 18
2017/2/2, 67, 16
2017/2/3, 56, 8
2017/2/4, 48, 6
2017/2/5, 28, 9
2017/2/6, 25, 6
2017/2/7, 20, 5
2017/2/8, 16, 13
2017/2/9, 24, 6
2017/2/10, 18, 4
2017/2/11, 14, 4
2017/2/12, 14, 8
2017/2/13, 31, 20
2017/2/14, 36, 34
2017/2/15, 67, 22
2017/2/16, 56, 10
2017/2/17, 19, 6
2017/2/18, 7, 3
2017/2/19, 14, 4
2017/2/20, 8, 6
2017/2/21, 14, 7
2017/2/22, 14, 7
2017/2/23, 15, 10
2017/2/24, 8, 4
2017/2/25, 9, 3
2017/2/26, 6, 11
2017/2/27, 21, 13
2017/2/28, 28, 10
2017/3/1, 17, 10
2017/3/2, 12, 9
2017/3/3, 16, 14
2017/3/4, 38, 17
2017/3/5, 37, 15
2017/3/6, 22, 10
2017/3/7, 6, 10
2017/3/8, 19, 17
2017/3/9, 52, 12
2017/3/10, 26, 12
2017/3/11, 14, 9
2017/3/12, 12, 8
2017/3/13, 14, 11
2017/3/14, 36, 5
2017/3/15, 25, 10
2017/3/16, 13, 6
2017/3/23, 34, 18
2017/3/24, 28, 8
2017/3/25, 14, 10
2017/3/26, 19, 9
2017/3/27, 19, 7
2017/3/28, 14, 15
2017/3/29, 25, 10
2017/3/30, 14, 8
2017/3/31, 17, 18
2016/10/1, 16, 8
2016/10/2, 17, 12
2016/10/3, 35, 4
2016/10/4, 23, 3
2016/10/5, 14, 4
2016/10/6, 10, 9
2016/10/7, 17, 6
2016/10/8, 8, 5
2016/10/9, 10, 11
2016/10/10, 23, 6
2016/10/11, 12, 7
2016/10/12, 11, 8
2016/10/13, 16, 9
2016/10/14, 23, 4
2016/10/15, 17, 3
2016/10/16, 15, 9
2016/10/17, 26, 12
2016/10/18, 39, 8
2016/10/19, 46, 8
2016/10/20, 29, 5
2016/10/21, 31, 5
2016/10/22, 16, 8
2016/10/23, 35, 5
2016/10/24, 20, 10
2016/11/7, 18, 13
2016/11/8, 19, 14
2016/11/9, 43, 19
2016/11/10, 41, 11
2016/11/11, 24, 10
2016/11/12, 13, 13
2016/11/13, 23, 8
2016/11/14, 14, 8
2016/11/15, 19, 10
2016/11/16, 13, 12
2016/11/17, 15, 9
2016/11/18, 14, 12
2016/11/19, 19, 6
2016/11/20, 13, 13
2016/11/21, 34, 12
2016/11/22, 32, 13
2016/11/23, 44, 17
2016/11/24, 31, 17
2016/11/25, 25, 2
2016/11/26, 6, 7
2016/11/27, 12, 9
2016/11/28, 13, 12
2016/11/29, 15, 11
2016/11/30, 12, 19
2016/12/1, 19, 14
2016/12/2, 10, 9
2016/12/3, 9, 10
2016/12/4, 14, 6
2016/12/5, 9, 23
2016/12/6, 24, 16
2016/12/7, 22, 8
2016/12/8, 12, 7
2016/12/9, 13, 4
2016/12/10, 9, 6
2016/12/11, 15, 15
2016/12/12, 18, 7
2016/12/13, 22, 12
2016/12/14, 17, 15
2016/12/15, 16, 7
2016/12/16, 20, 7
2016/12/17, 29, 8
2016/12/18, 13, 8
2016/12/19, 8, 11
2016/12/20, 16, 14
2016/12/21, 46, 14
2016/12/22, 34, 6
2016/12/23, 15, 5
2016/12/24, 15, 2
2016/12/25, 9, 2
2016/12/26, 6, 6
2016/12/27, 11, 15
2016/12/28, 17, 15
2016/12/29, 19, 10
2016/12/30, 18, 7
2016/12/31, 20, 5
2017/1/1, 17, 
2016/7/1, 24, 9
2016/7/2, 22, 4
2016/7/3, 10, 5
2016/7/4, 12, 6
2016/7/5, 15, 4
2016/7/6, 9, 5
2016/7/7, 13, 5
2016/7/8, 12, 3
2016/7/9, 8, 3
2016/7/10, 12, 11
2016/7/11, 25, 9
2016/7/12, 22, 15
2016/7/13, 21, 13
2016/7/14, 16, 5
2016/7/15, 11, 4
2016/7/16, 12, 6
2016/7/17, 14, 5
2016/7/18, 12, 7
2016/7/19, 15, 13
2016/7/20, 25, 15
2016/7/21, 24, 13
2016/7/22, 26, 12
2016/7/23, 27, 5
2016/7/24, 13, 13
2016/7/25, 28, 13
2016/7/26, 36, 9
2016/7/27, 17, 11
2016/7/28, 23, 10
2016/7/29, 17, 7
2016/7/30, 18, 5
2016/7/31, 10, 7
2016/8/1, 10, 7
2016/8/2, 10, 8
2016/8/3, 15, 7
2016/8/4, 29, 14
2016/8/5, 19, 4
2016/8/6, 11, 2
2016/8/7, 8, 4
2016/8/8, 16, 4
2016/8/9, 16, 4
2016/8/10, 14, 3
2016/8/11, 11, 5
2016/8/12, 14, 5
2016/8/13, 16, 2
2016/8/14, 9, 2
2016/8/15, 8, 9
2016/8/16, 16, 9
2016/8/17, 10, 7
2016/8/18, 10, 6
2016/8/19, 12, 14
2016/8/20, 30, 12
2016/8/21, 24, 16
2016/8/22, 18, 10
2016/8/23, 13, 11
2016/8/24, 20, 16
2016/8/25, 24, 10
2016/8/26, 27, 6
2016/8/27, 21, 13
2016/8/28, 18, 5
2016/8/29, 17, 7
2016/8/30, 20, 8
2016/8/31, 15, 9
2016/9/1, 32, 8
2016/9/2, 26, 6
2016/9/3, 18, 7
2016/9/4, 16, 9
2016/9/5, 13, 12
2016/9/6, 21, 11
2016/9/7, 18, 18
2016/9/8, 30, 18
2016/9/9, 36, 10
2016/9/10, 32, 8
2016/9/11, 30, 18
2016/9/12, 40, 12
2016/9/13, 29, 13
2016/9/14, 32, 14
2016/9/15, 37, 11
2016/9/16, 34, 3
2016/9/17, 25, 2
2016/9/18, 16, 9
2016/9/19, 31, 15
2016/9/20, 48, 10
2016/9/21, 27, 15
2016/9/22, 25, 10
2016/9/23, 17, 8
2016/9/24, 16, 8
2016/9/25, 14, 12
2016/9/26, 18, 15
2016/9/27, 29, 7
2016/9/28, 27, 6
2016/9/29, 24, 5
2016/9/30, 16, 7
2016/4/1, 11, 13
2016/4/2, 20, 14
2016/4/3, 50, 25
2016/4/4, 104, 24
2016/4/5, 66, 12
2016/4/6, 32, 11
2016/4/7, 21, 13
2016/4/8, 18, 19
2016/4/9, 33, 10
2016/4/10, 16, 11
2016/4/11, 25, 22
2016/4/12, 43, 21
2016/4/13, 38, 15
2016/4/14, 20, 12
2016/4/15, 23, 9
2016/4/16, 23, 7
2016/4/17, 9, 5
2016/4/18, 14, 5
2016/4/19, 19, 9
2016/4/20, 11, 7
2016/4/21, 26, 7
2016/4/22, 20, 7
2016/4/23, 24, 8
2016/4/24, 22, 12
2016/4/25, 16, 12
2016/4/26, 28, 9
2016/4/27, 11, 10
2016/4/28, 17, 8
2016/4/29, 11, 8
2016/4/30, 20, 11
2016/5/1, 19, 13
2016/5/2, 41, 15
2016/5/3, 31, 15
2016/5/4, 36, 15
2016/5/5, 30, 18
2016/5/6, 25, 17
2016/5/7, 29, 19
2016/5/8, 28, 19
2016/5/9, 39, 21
2016/5/10, 41, 22
2016/5/11, 32, 13
2016/5/12, 29, 10
2016/5/13, 29, 8
2016/5/14, 27, 3
2016/5/15, 11, 4
2016/5/16, 19, 8
2016/5/17, 7, 9
2016/5/18, 13, 18
2016/5/19, 24, 24
2016/5/20, 53, 8
2016/5/21, 15, 12
2016/5/22, 26, 11
2016/5/23, 31, 13
2016/5/24, 27, 15
2016/5/25, 33, 4
2016/5/26, 5, 12
2016/5/27, 17, 15
2016/5/28, 28, 11
2016/5/29, 30, 7
2016/5/30, 26, 12
2016/5/31, 22, 11
2016/6/1, 27, 16
2016/6/2, 32, 14
2016/6/3, 34, 8
2016/6/4, 27, 4
2016/6/5, 16, 4
2016/6/6, 23, 11
2016/6/7, 20, 6
2016/6/8, 29, 6
2016/6/9, 18, 6
2016/6/10, 21, 5
2016/6/11, 9, 8
2016/6/12, 11, 6
2016/6/13, 10, 7
2016/6/14, 17, 11
2016/6/15, 20, 8
2016/6/16, 13, 14
2016/6/17, 20, 3
2016/6/18, 10, 6
2016/6/19, 20, 7
2016/6/20, 19, 6
2016/6/21, 17, 8
2016/6/22, 13, 12
2016/6/23, 30, 13
2016/6/24, 33, 17
2016/6/25, 58, 5
2016/6/26, 17, 6
2016/6/27, 13, 12
2016/6/28, 22, 10
2016/6/29, 22, 13
2016/6/30, 25, 16
2016/1/4, 23, 22
2016/1/5, 23, 17
2016/1/6, 28, 10
2016/1/7, 9, 15
2016/1/8, 26, 60
2016/1/9, 23, 66
2016/1/10, 15, 103
2016/1/11, 19, 19
2016/1/12, 15, 13
2016/1/13, 5, 10
2016/1/14, 7, 15
2016/1/15, 14, 13
2016/1/16, 9, 7
2016/1/17, 4, 6
2016/1/18, 7, 5
2016/1/19, 9, 8
2016/1/20, 6, 16
2016/1/21, 3, 13
2016/1/22, 7, 15
2016/1/23, 32, 8
2016/1/24, 16, 12
2016/1/25, 11, 6
2016/1/26, 8, 5
2016/1/27, 7, 3
2016/1/28, 4, 5
2016/1/29, 13, 4
2016/1/30, 19, 2
2016/1/31, 7, 4
2016/2/1, 15, 3
2016/2/2, 15, 2
2016/2/3, 7, 5
2016/2/4, 8, 6
2016/2/5, 8, 9
2016/2/6, 28, 8
2016/2/7, 37, 7
2016/2/8, 27, 8
2016/2/9, 16, 10
2016/2/10, 16, 18
2016/2/11, 23, 8
2016/2/12, 9, 10
2016/2/13, 27, 8
2016/2/14, 19, 11
2016/2/15, 17, 14
2016/2/16, 9, 13
2016/2/17, 51, 8
2016/2/18, 25, 17
2016/2/19, 39, 9
2016/2/20, 35, 3
2016/2/21, 13, 6
2016/2/22, 15, 4
2016/2/23, 8, 5
2016/2/24, 7, 4
2016/2/25, 9, 6
2016/2/26, 9, 8
2016/2/27, 15, 14
2016/2/28, 43, 13
2016/2/29, 29, 9
2016/3/1, 36, 11
2016/3/2, 48, 11
2016/3/3, 47, 12
2016/3/4, 28, 5
2016/3/5, 23, 5
2016/3/6, 30, 12
2016/3/7, 21, 19
2016/3/8, 35, 17
2016/3/9, 40, 9
2016/3/10, 12, 9
2016/3/11, 12, 7
2016/3/12, 8, 10
2016/3/13, 19, 12
2016/3/14, 30, 8
2016/3/15, 5, 16
2016/3/16, 25, 9
2016/3/17, 25, 8
2016/3/18, 11, 10
2016/3/19, 21, 5
2016/3/20, 13, 6
2016/3/21, 15, 14
2016/3/22, 13, 15
2016/3/23, 31, 24
2016/3/24, 47, 10
2016/3/25, 30, 9
2016/3/26, 10, 6
2016/3/27, 34, 9
2016/3/28, 44, 11
2016/3/29, 29, 8
2016/3/30, 15, 7
2016/3/31, 13, 11
2015/10/1, 10, 4
2015/10/2, 9, 9
2015/10/3, 10, 16
2015/10/4, 22, 14
2015/10/5, 17, 3
2015/10/6, 5, 4
2015/10/7, 6, 8
2015/10/8, 9, 10
2015/10/9, 9, 18
2015/10/10, 18, 10
2015/10/11, 15, 3
2015/10/12, 7, 7
2015/10/13, 10, 6
2015/10/14, 19, 3
2015/10/15, 19, 8
2015/10/16, 23, 11
2015/10/17, 26, 12
2015/10/18, 30, 14
2015/10/19, 20, 15
2015/10/20, 21, 17
2015/10/21, 16, 8
2015/10/22, 10, 5
2015/10/23, 4, 8
2015/10/24, 9, 5
2015/10/25, 10, 16
2015/10/26, 12, 23
2015/10/27, 21, 10
2015/10/28, 12, 9
2015/10/29, 11, 11
2015/10/30, 16, 13
2015/10/31, 25, 6
2015/11/1, 21, 6
2015/11/2, 6, 9
2015/11/3, 10, 11
2015/11/4, 14, 11
2015/11/5, 10, 10
2015/11/6, 17, 11
2015/11/7, 18, 3
2015/11/8, 4, 5
2015/11/9, 10, 4
2015/11/10, 4, 3
2015/11/11, 2, 4
2015/11/12, 2, 10
2015/11/13, 11, 2
2015/11/14, 4, 6
2015/11/15, 6, 11
2015/11/16, 7, 8
2015/11/17, 7, 7
2015/11/18, 7, 3
2015/11/19, 6, 10
2015/11/20, 5, 12
2015/11/21, 6, 9
2015/11/22, 3, 9
2015/11/23, 2, 8
2015/11/24, 8, 13
2015/11/25, 19, 12
2015/11/26, 12, 13
2015/11/27, 12, 9
2015/11/28, 15, 4
2015/11/29, 7, 2
2015/11/30, 4, 8
2015/12/1, 3, 7
2015/12/2, 4, 6
2015/12/3, 4, 5
2015/12/4, 8, 3
2015/12/5, 6, 2
2015/12/6, 4, 7
2015/12/7, 2, 14
2015/12/8, 11, 9
2015/12/9, 11, 6
2015/12/10, 7, 7
2015/12/11, 9, 3
2015/12/12, 3, 6
2015/12/13, 5, 21
2015/12/14, 12, 19
2015/12/15, 23, 19
2015/12/16, 36, 10
2015/12/17, 15, 10
2015/12/18, 8, 5
2015/12/19, 5, 6
2015/12/20, 8, 6
2015/12/21, 7, 4
2015/12/22, 7, 4
2015/12/23, 3, 5
2015/12/24, 8, 2
2015/12/25, 4, 8
2015/12/26, 6, 5
2015/12/27, 5, 6
2015/12/28, 1, 6
2015/12/29, 3, 13
2015/12/30, 13, 
2016/1/2, 5, 11
2016/1/3, 17, 15
2015/7/1, 21, 10
2015/7/2, 15, 10
2015/7/3, 23, 13
2015/7/4, 28, 17
2015/7/5, 41, 11
2015/7/6, 28, 4
2015/7/7, 16, 5
2015/7/8, 20, 3
2015/7/9, 15, 3
2015/7/10, 13, 3
2015/7/11, 10, 5
2015/7/12, 11, 8
2015/7/13, 35, 5
2015/7/14, 23, 4
2015/7/15, 18, 3
2015/7/16, 16, 4
2015/7/17, 30, 5
2015/7/18, 25, 2
2015/7/19, 13, 4
2015/7/20, 8, 4
2015/7/21, 15, 4
2015/7/22, 15, 8
2015/7/23, 15, 6
2015/7/24, 15, 7
2015/7/25, 25, 2
2015/7/26, 8, 7
2015/7/27, 18, 7
2015/7/28, 14, 4
2015/7/29, 13, 3
2015/7/30, 8, 3
2015/7/31, 7, 2
2015/8/1, 12, 12
2015/8/2, 25, 11
2015/8/3, 34, 8
2015/8/4, 31, 10
2015/8/5, 37, 8
2015/8/6, 20, 15
2015/8/7, 37, 29
2015/8/8, 39, 25
2015/8/9, 18, 8
2015/8/10, 24, 11
2015/8/11, 34, 21
2015/8/12, 42, 17
2015/8/13, 20, 5
2015/8/14, 17, 5
2015/8/18, 33, 6
2015/8/19, 27, 9
2015/8/20, 22, 10
2015/8/21, 12, 10
2015/8/22, 15, 8
2015/8/23, 14, 11
2015/8/24, 17, 13
2015/8/25, 11, 9
2015/8/26, 7, 11
2015/8/27, 14, 8
2015/8/28, 7, 4
2015/8/29, 5, 8
2015/8/30, 11, 11
2015/8/31, 12, 15
2015/9/1, 17, 8
2015/9/2, 6, 10
2015/9/3, 8, 15
2015/9/4, 7, 4
2015/9/5, 9, 3
2015/9/6, 6, 8
2015/9/7, 2, 10
2015/9/8, 7, 13
2015/9/9, 7, 12
2015/9/10, 13, 7
2015/9/11, 7, 4
2015/9/12, 6, 4
2015/9/13, 10, 5
2015/9/14, 14, 10
2015/9/15, 23, 14
2015/9/16, 17, 15
2015/9/17, 16, 6
2015/9/18, 3, 8
2015/9/19, 13, 7
2015/9/20, 8, 7
2015/9/21, 7, 8
2015/9/22, 9, 15
2015/9/23, 10, 12
2015/9/24, 8, 16
2015/9/25, 17, 9
2015/9/26, 8, 9
2015/9/27, 7, 13
2015/9/28, 10, 12
2015/9/29, 9, 17
2015/9/30, 12, 8
2015/4/1, 11, 6
2015/4/2, 18, 10
2015/4/3, 13, 10
2015/4/4, 15, 5
2015/4/5, 8, 5
2015/4/6, 10, 6
2015/4/7, 12, 12
2015/4/8, 23, 16
2015/4/9, 35, 17
2015/4/10, 37, 23
2015/4/11, 52, 3
2015/4/12, 19, 5
2015/4/13, 15, 4
2015/4/14, 16, 5
2015/4/15, 16, 4
2015/4/16, 18, 8
2015/4/17, 18, 6
2015/4/18, 11, 6
2015/4/19, 11, 7
2015/4/20, 22, 12
2015/4/21, 22, 20
2015/4/22, 32, 5
2015/4/23, 43, 6
2015/4/24, 17, 16
2015/4/25, 40, 11
2015/4/26, 22, 13
2015/4/27, 29, 14
2015/4/28, 18, 8
2015/4/29, 13, 11
2015/4/30, 25, 7
2015/5/1, 20, 2
2015/5/2, 10, 5
2015/5/3, 11, 10
2015/5/4, 19, 11
2015/5/5, 29, 7
2015/5/6, 21, 8
2015/5/7, 21, 5
2015/5/8, 13, 11
2015/5/9, 21, 4
2015/5/10, 12, 9
2015/5/11, 13, 11
2015/5/12, 27, 4
2015/5/13, 10, 4
2015/5/14, 15, 7
2015/5/15, 18, 4
2015/5/16, 20, 1
2015/5/17, 24, 3
2015/5/18, 13, 8
2015/5/19, 32, 13
2015/5/20, 15, 12
2015/5/21, 17, 11
2015/5/22, 18, 9
2015/5/23, 19, 3
2015/5/24, 15, 15
2015/5/25, 27, 9
2015/5/26, 29, 4
2015/5/27, 24, 6
2015/5/28, 17, 7
2015/5/29, 14, 7
2015/5/30, 17, 2
2015/5/31, 9, 8
2015/6/1, 17, 6
2015/6/2, 17, 3
2015/6/3, 23, 1
2015/6/4, 11, 6
2015/6/5, 12, 11
2015/6/6, 24, 11
2015/6/7, 14, 7
2015/6/8, 35, 11
2015/6/9, 18, 9
2015/6/10, 18, 5
2015/6/11, 22, 7
2015/6/12, 20, 8
2015/6/13, 20, 4
2015/6/14, 15, 4
2015/6/15, 27, 4
2015/6/16, 17, 4
2015/6/17, 14, 5
2015/6/18, 14, 3
2015/6/19, 8, 3
2015/6/20, 9, 7
2015/6/21, 11, 6
2015/6/22, 14, 8
2015/6/23, 11, 3
2015/6/24, 12, 4
2015/6/25, 13, 4
2015/6/26, 12, 6
2015/6/27, 10, 4
2015/6/28, 12, 5
2015/6/29, 16, 8
2015/6/30, 22, 9
2015/1/1, 18, 2
2015/1/2, 12, 2
2015/1/3, 10, 5
2015/1/4, 7, 11
2015/1/5, 12, 7
2015/1/6, 14, 9
2015/1/7, 34, 8
2015/1/8, 19, 4
2015/1/9, 12, 4
2015/1/10, 11, 1
2015/1/11, 11, 5
2015/1/12, 7, 7
2015/1/13, 8, 4
2015/1/14, 6, 9
2015/1/15, 17, 11
2015/1/16, 21, 9
2015/1/17, 21, 8
2015/1/18, 23, 9
2015/1/19, 26, 4
2015/1/20, 17, 12
2015/1/21, 36, 15
2015/1/22, 41, 19
2015/1/23, 44, 14
2015/1/24, 31, 10
2015/1/25, 27, 10
2015/1/26, 18, 14
2015/1/27, 36, 7
2015/1/28, 14, 7
2015/1/29, 16, 10
2015/1/30, 29, 9
2015/1/31, 20, 3
2015/2/1, 10, 6
2015/2/2, 17, 12
2015/2/3, 21, 16
2015/2/4, 40, 22
2015/2/5, 50, 16
2015/2/6, 34, 4
2015/2/7, 10, 7
2015/2/8, 9, 9
2015/2/9, 17, 9
2015/2/10, 11, 7
2015/2/11, 11, 5
2015/2/12, 25, 13
2015/2/13, 51, 17
2015/2/14, 68, 4
2015/2/15, 40, 4
2015/2/16, 18, 8
2015/2/17, 30, 6
2015/2/18, 27, 7
2015/2/19, 20, 9
2015/2/20, 38, 10
2015/2/21, 41, 4
2015/2/22, 11, 14
2015/2/23, 38, 8
2015/2/24, 23, 21
2015/2/25, 56, 10
2015/2/26, 24, 13
2015/2/27, 36, 13
2015/2/28, 66, 5
2015/3/1, 30, 6
2015/3/2, 14, 4
2015/3/3, 10, 11
2015/3/4, 17, 14
2015/3/5, 19, 11
2015/3/6, 18, 6
2015/3/7, 14, 4
2015/3/8, 17, 13
2015/3/9, 36, 11
2015/3/10, 41, 11
2015/3/11, 33, 11
2015/3/12, 20, 9
2015/3/13, 24, 9
2015/3/14, 22, 4
2015/3/15, 21, 5
2015/3/16, 35, 8
2015/3/17, 27, 22
2015/3/18, 55, 33
2015/3/19, 69, 24
2015/3/20, 59, 5
2015/3/21, 13, 6
2015/3/22, 14, 6
2015/3/23, 28, 10
2015/3/24, 37, 17
2015/3/25, 40, 22
2015/3/26, 59, 16
2015/3/27, 27, 11
2015/3/28, 21, 8
2015/3/29, 21, 4
2015/3/30, 7, 7
2015/3/31, 14, 10
2014/10/1, 14, 14
2014/10/2, 34, 19
2014/10/3, 46, 14
2014/10/4, 40, 8
2014/10/5, 36, 7
2014/10/6, 31, 6
2014/10/7, 49, 10
2014/10/8, 42, 14
2014/10/9, 54, 10
2014/10/10, 33, 12
2014/10/11, 42, 5
2014/10/12, 29, 16
2014/10/13, 30, 13
2014/10/14, 45, 11
2014/10/15, 12, 12
2014/10/16, 22, 11
2014/10/17, 26, 5
2014/10/18, 13, 4
2014/10/19, 27, 5
2014/10/20, 16, 9
2014/10/21, 23, 7
2014/10/22, 21, 5
2014/10/23, 15, 9
2014/10/24, 25, 7
2014/10/25, 34, 5
2014/10/26, 44, 8
2014/10/27, 39, 15
2014/10/28, 43, 14
2014/10/29, 59, 17
2014/10/30, 49, 17
2014/10/31, 40, 8
2014/11/1, 60, 9
2014/11/2, 62, 8
2014/11/3, 43, 12
2014/11/4, 53, 21
2014/11/5, 63, 15
2014/11/6, 60, 13
2014/11/7, 23, 13
2014/11/8, 42, 8
2014/11/9, 30, 9
2014/11/10, 36, 9
2014/11/11, 43, 8
2014/11/12, 45, 6
2014/11/13, 39, 6
2014/11/14, 34, 3
2014/11/15, 21, 2
2014/11/16, 36, 5
2014/11/17, 24, 4
2014/11/18, 24, 4
2014/11/19, 32, 7
2014/11/20, 50, 9
2014/11/21, 43, 10
2014/11/22, 33, 10
2014/11/23, 40, 8
2014/11/24, 25, 11
2014/11/25, 20, 15
2014/11/26, 25, 12
2014/11/27, 38, 4
2014/11/28, 24, 6
2014/11/29, 29, 12
2014/11/30, 42, 5
2014/12/1, 33, 9
2014/12/2, 35, 13
2014/12/3, 59, 9
2014/12/4, 40, 9
2014/12/5, 41, 10
2014/12/6, 31, 6
2014/12/7, 17, 7
2014/12/8, 15, 8
2014/12/9, 19, 10
2014/12/10, 26, 7
2014/12/11, 18, 7
2014/12/12, 12, 2
2014/12/13, 9, 4
2014/12/14, 17, 7
2014/12/15, 17, 7
2014/12/16, 14, 6
2014/12/17, 15, 9
2014/12/18, 20, 6
2014/12/19, 5, 1
2014/12/20, 8, 4
2014/12/21, 9, 5
2014/12/22, 6, 4
2014/12/23, 10, 4
2014/12/24, 7, 3
2014/12/25, 6, 5
2014/12/26, 14, 6
2014/12/27, 21, 12
2014/12/28, 24, 
2014/7/1, 13, 5
2014/7/2, 10, 3
2014/7/3, 12, 10
2014/7/4, 28, 12
2014/7/5, 29, 7
2014/7/6, 33, 13
2014/7/7, 37, 12
2014/7/8, 41, 7
2014/7/9, 32, 5
2014/7/10, 31, 6
2014/7/11, 26, 3
2014/7/12, 11, 3
2014/7/13, 8, 10
2014/7/14, 16, 4
2014/7/15, 17, 6
2014/7/16, 19, 8
2014/7/17, 18, 7
2014/7/18, 15, 8
2014/7/19, 17, 2
2014/7/20, 17, 6
2014/7/21, 21, 6
2014/7/22, 25, 4
2014/7/23, 34, 12
2014/7/24, 32, 7
2014/7/25, 30, 9
2014/7/26, 21, 12
2014/7/27, 32, 13
2014/7/28, 56, 12
2014/7/29, 54, 10
2014/7/30, 36, 7
2014/7/31, 26, 6
2014/8/1, 18, 7
2014/8/2, 27, 9
2014/8/3, 41, 13
2014/8/4, 46, 8
2014/8/5, 27, 6
2014/8/6, 16, 9
2014/8/7, 25, 11
2014/8/8, 24, 12
2014/8/9, 28, 3
2014/8/10, 23, 7
2014/8/11, 26, 8
2014/8/12, 27, 9
2014/8/13, 18, 10
2014/8/14, 23, 6
2014/8/15, 20, 2
2014/8/16, 10, 2
2014/8/17, 10, 5
2014/8/18, 12, 4
2014/8/19, 14, 3
2014/8/20, 14, 4
2014/8/21, 16, 6
2014/8/22, 17, 6
2014/8/23, 20, 9
2014/8/24, 14, 3
2014/8/25, 13, 6
2014/8/26, 14, 8
2014/8/27, 11, 10
2014/8/28, 24, 8
2014/8/29, 18, 11
2014/8/30, 26, 7
2014/8/31, 22, 4
2014/9/1, 15, 5
2014/9/2, 19, 6
2014/9/3, 23, 6
2014/9/4, 30, 10
2014/9/5, 25, 12
2014/9/6, 27, 12
2014/9/7, 33, 18
2014/9/8, 48, 12
2014/9/9, 23, 10
2014/9/10, 16, 11
2014/9/11, 28, 9
2014/9/12, 40, 8
2014/9/13, 44, 7
2014/9/14, 43, 5
2014/9/15, 25, 9
2014/9/16, 26, 9
2014/9/17, 33, 11
2014/9/18, 46, 17
2014/9/19, 51, 18
2014/9/20, 55, 17
2014/9/21, 52, 3
2014/9/22, 11, 7
2014/9/23, 25, 8
2014/9/24, 15, 6
2014/9/25, 20, 8
2014/9/26, 18, 3
2014/9/27, 23, 3
2014/9/28, 22, 11
2014/9/29, 31, 14
2014/9/30, 31, 4
2014/4/1, 12, 12
2014/4/2, 24, 12
2014/4/3, 30, 6
2014/4/4, 14, 7
2014/4/5, 19, 7
2014/4/6, 25, 6
2014/4/7, 29, 9
2014/4/8, 24, 4
2014/4/9, 8, 7
2014/4/10, 11, 13
2014/4/11, 26, 9
2014/4/12, 20, 4
2014/4/13, 18, 5
2014/4/14, 12, 10
2014/4/15, 12, 10
2014/4/16, 18, 6
2014/4/17, 18, 7
2014/4/18, 24, 14
2014/4/19, 32, 7
2014/4/20, 26, 7
2014/4/21, 28, 17
2014/4/22, 46, 16
2014/4/23, 40, 12
2014/4/24, 35, 8
2014/4/25, 30, 13
2014/4/26, 38, 11
2014/4/27, 28, 15
2014/4/28, 34, 18
2014/4/29, 29, 15
2014/4/30, 37, 
2014/5/4, 20, 12
2014/5/5, 22, 12
2014/5/6, 27, 8
2014/5/7, 19, 8
2014/5/8, 14, 11
2014/5/9, 16, 4
2014/5/10, 8, 4
2014/5/11, 11, 6
2014/5/12, 11, 4
2014/5/13, 10, 5
2014/5/14, 16, 9
2014/5/15, 22, 11
2014/5/16, 30, 9
2014/5/17, 25, 9
2014/5/18, 23, 14
2014/5/19, 31, 14
2014/5/20, 29, 15
2014/5/21, 33, 12
2014/5/22, 36, 7
2014/5/23, 36, 8
2014/5/24, 34, 6
2014/5/25, 15, 12
2014/5/26, 19, 6
2014/5/27, 16, 4
2014/5/28, 29, 4
2014/5/29, 15, 8
2014/5/30, 16, 7
2014/5/31, 16, 5
2014/6/1, 19, 7
2014/6/2, 21, 12
2014/6/3, 19, 8
2014/6/4, 20, 8
2014/6/5, 22, 9
2014/6/6, 13, 7
2014/6/7, 20, 9
2014/6/8, 19, 14
2014/6/9, 20, 15
2014/6/10, 22, 6
2014/6/11, 14, 6
2014/6/12, 24, 5
2014/6/13, 17, 6
2014/6/14, 12, 6
2014/6/15, 18, 10
2014/6/16, 29, 5
2014/6/17, 10, 6
2014/6/18, 27, 2
2014/6/19, 14, 4
2014/6/20, 8, 3
2014/6/21, 9, 2
2014/6/22, 7, 5
2014/6/23, 12, 5
2014/6/24, 15, 9
2014/6/25, 18, 4
2014/6/26, 14, 6
2014/6/27, 12, 8
2014/6/28, 20, 8
2014/6/29, 19, 7
2014/6/30, 13, 6
2014/1/1, 52, 9
2014/1/2, 50, 14
2014/1/3, 49, 10
2014/1/4, 24, 8
2014/1/5, 32, 5
2014/1/6, 15, 8
2014/1/7, 14, 7
2014/1/8, 14, 9
2014/1/9, 18, 4
2014/1/10, 5, 4
2014/1/11, 10, 4
2014/1/12, 6, 13
2014/1/13, 15, 13
2014/1/14, 35, 7
2014/1/15, 14, 5
2014/1/16, 17, 5
2014/1/17, 19, 4
2014/1/18, 20, 2
2014/1/19, 13, 2
2014/1/20, 13, 4
2014/1/21, 15, 7
2014/1/22, 14, 10
2014/1/23, 23, 10
2014/1/24, 30, 9
2014/1/25, 28, 4
2014/1/26, 18, 7
2014/1/27, 21, 5
2014/1/28, 18, 4
2014/1/29, 20, 6
2014/1/30, 27, 8
2014/1/31, 42, 9
2014/2/1, 42, 12
2014/2/2, 46, 18
2014/2/3, 64, 23
2014/2/4, 67, 26
2014/2/5, 76, 17
2014/2/6, 53, 14
2014/2/7, 44, 8
2014/2/8, 18, 13
2014/2/9, 42, 21
2014/2/10, 43, 13
2014/2/11, 35, 11
2014/2/12, 22, 14
2014/2/13, 36, 10
2014/2/14, 34, 9
2014/2/15, 25, 3
2014/2/16, 11, 2
2014/2/17, 13, 10
2014/2/18, 26, 16
2014/2/19, 42, 9
2014/2/20, 13, 10
2014/2/21, 30, 5
2014/2/22, 16, 8
2014/2/23, 19, 11
2014/2/24, 37, 6
2014/2/25, 38, 11
2014/2/26, 19, 16
2014/3/5, 38, 15
2014/3/6, 43, 14
2014/3/7, 42, 7
2014/3/8, 31, 7
2014/3/9, 33, 6
2014/3/10, 43, 14
2014/3/11, 32, 19
2014/3/12, 38, 7
2014/3/13, 28, 6
2014/3/14, 25, 2
2014/3/15, 15, 5
2014/3/16, 8, 3
2014/3/17, 13, 6
2014/3/18, 12, 4
2014/3/19, 12, 4
2014/3/20, 21, 7
2014/3/21, 21, 7
2014/3/22, 11, 8
2014/3/23, 12, 12
2014/3/24, 16, 9
2014/3/25, 9, 12
2014/3/26, 20, 12
2014/3/27, 17, 13
2014/3/28, 34, 16
2014/3/29, 30, 17
2014/3/30, 36, 18
2014/3/31, 37, 7
2021/4/1, , 25
2021/4/2, , 8
2021/4/3, , 8
2021/4/4, , 1
2021/4/5, , 1
2021/4/6, , 2
2021/4/7, , 5
2021/4/8, , 7
2021/4/9, , 4
2021/4/10, , 7
2021/4/11, , 8
2021/4/12, , 11
2021/4/13, , 10
2021/4/14, , 12
2021/4/15, , 8
2021/4/16, , 12
2021/4/17, , 15
2021/4/18, , 16
2021/4/19, , 15
2021/4/20, , 23
2021/4/21, , 19
2021/4/22, , 3
2021/4/23, , 7
2021/4/24, , 6
2021/4/25, , 5
2021/4/26, , 15
2021/4/27, , 9
2021/4/28, , 14
2021/4/29, , 13
2021/4/30, , 12
2021/5/1, , 10
2021/5/2, , 5
2021/5/3, , 4
2021/5/4, , 7
2021/5/5, , 5
2021/5/6, , 3
2021/5/7, , 7
2021/5/8, , 7
2021/5/9, , 5
2021/5/10, , 8
2021/5/11, , 9
2021/5/12, , 7
2021/5/13, , 14
2021/5/14, , 11
2021/5/15, , 10
2021/5/16, , 7
2021/5/17, , 12
2021/5/18, , 18
2021/5/19, , 8
2021/5/20, , 7
2021/5/21, , 7
2021/5/22, , 5
2021/5/23, , 4
2021/5/24, , 8
2021/5/25, , 8
2021/5/26, , 4
2021/5/27, , 8
2021/5/28, , 14
2021/5/29, , 5
2021/5/30, , 4
2021/5/31, , 9
2021/6/1, , 11
2021/1/4, , 4
2021/1/5, , 4
2021/1/6, , 3
2021/1/7, , 11
2021/1/8, , 8
2021/1/9, , 9
2021/1/10, , 6
2021/1/11, , 4
2021/1/12, , 8
2021/1/13, , 11
2021/1/14, , 12
2021/1/15, , 11
2021/1/16, , 6
2021/1/17, , 7
2021/1/18, , 11
2021/1/19, , 18
2021/1/20, , 11
2021/1/21, , 6
2021/1/22, , 8
2021/1/23, , 9
2021/1/24, , 7
2021/1/25, , 5
2021/2/1, , 14
2021/2/5, , 27
2021/2/7, , 5
2021/2/8, , 3
2021/2/9, , 4
2021/2/10, , 6
2021/2/11, , 7
2021/2/12, , 6
2021/2/14, , 4
2021/2/16, , 9
2021/2/18, , 5
2021/2/19, , 9
2021/2/24, , 6
2021/2/26, , 5
2021/3/2, , 6
2021/3/5, , 15
2021/3/8, , 10
2021/3/11, , 9
2021/3/15, , 14
2021/3/16, , 18
2021/3/17, , 9
2021/3/18, , 13
2021/3/19, , 4
2021/3/20, , 4
2021/3/21, , 5
2021/3/22, , 9
2021/3/23, , 7
2021/3/24, , 6
2021/3/25, , 12
2021/3/26, , 20
2021/3/27, , 7
2021/3/28, , 2
2021/3/29, , 4
2021/3/30, , 6
2021/3/31, , 15
2020/10/1, , 7
2020/10/2, , 2
2020/10/3, , 2
2020/10/4, , 4
2020/10/5, , 8
2020/10/6, , 7
2020/10/7, , 7
2020/10/8, , 7
2020/10/9, , 10
2020/10/10, , 4
2020/10/11, , 5
2020/10/12, , 14
2020/10/13, , 13
2020/10/14, , 3
2020/10/15, , 9
2020/10/16, , 14
2020/10/17, , 7
2020/10/18, , 2
2020/10/19, , 4
2020/10/20, , 10
2020/10/21, , 10
2020/10/22, , 7
2020/10/23, , 9
2020/10/24, , 7
2020/10/25, , 3
2020/10/26, , 8
2020/10/27, , 11
2020/10/28, , 7
2020/10/29, , 6
2020/10/30, , 8
2020/10/31, , 9
2020/11/1, , 2
2020/11/2, , 5
2020/11/3, , 10
2020/11/4, , 5
2020/11/5, , 3
2020/11/6, , 7
2020/11/7, , 3
2020/11/8, , 7
2020/11/9, , 12
2020/11/10, , 5
2020/11/11, , 3
2020/11/12, , 8
2020/11/13, , 8
2020/11/14, , 6
2020/11/15, , 6
2020/11/16, , 6
2020/11/17, , 6
2020/11/18, , 4
2020/11/19, , 3
2020/11/20, , 7
2020/11/21, , 3
2020/11/22, , 1
2020/11/23, , 4
2020/11/24, , 4
2020/11/25, , 10
2020/11/26, , 9
2020/11/27, , 13
2020/11/28, , 5
2020/11/29, , 6
2020/11/30, , 7
2020/12/1, , 8
2020/12/2, , 8
2020/12/3, , 6
2020/12/4, , 6
2020/12/5, , 8
2020/12/6, , 4
2020/12/7, , 3
2020/12/8, , 5
2020/12/9, , 4
2020/12/10, , 4
2020/12/11, , 7
2020/12/12, , 4
2020/12/13, , 5
2020/12/14, , 8
2020/12/15, , 9
2020/12/16, , 10
2020/12/17, , 8
2020/12/18, , 8
2020/12/19, , 7
2020/12/20, , 4
2020/12/21, , 7
2020/12/22, , 8
2020/12/23, , 7
2020/12/24, , 7
2020/12/25, , 3
2020/12/26, , 2
2020/12/27, , 2
2020/12/28, , 5
2020/12/29, , 7
2020/12/30, , 9
2020/12/31, , 7
2021/1/1, , 4
2021/1/2, , 6
2021/1/3, , 3
2020/7/1, , 5
2020/7/2, , 4
2020/7/3, , 10
2020/7/4, , 3
2020/7/5, , 1
2020/7/6, , 3
2020/7/7, , 3
2020/7/8, , 2
2020/7/9, , 4
2020/7/10, , 5
2020/7/11, , 1
2020/7/12, , 1
2020/7/13, , 5
2020/7/14, , 5
2020/7/15, , 7
2020/7/16, , 9
2020/7/17, , 10
2020/7/18, , 9
2020/7/19, , 11
2020/7/20, , 9
2020/7/21, , 2
2020/7/22, , 3
2020/7/23, , 5
2020/7/24, , 7
2020/7/25, , 4
2020/7/26, , 7
2020/7/27, , 8
2020/7/28, , 8
2020/7/29, , 4
2020/7/30, , 3
2020/7/31, , 6
2020/8/1, , 8
2020/8/2, , 10
2020/8/3, , 12
2020/8/4, , 9
2020/8/5, , 7
2020/8/6, , 9
2020/8/7, , 17
2020/8/8, , 15
2020/8/9, , 10
2020/8/10, , 10
2020/8/11, , 6
2020/8/12, , 9
2020/8/13, , 17
2020/8/14, , 14
2020/8/15, , 12
2020/8/16, , 15
2020/8/17, , 17
2020/8/18, , 6
2020/8/19, , 13
2020/8/20, , 11
2020/8/21, , 10
2020/8/22, , 4
2020/8/23, , 3
2020/8/24, , 5
2020/8/25, , 6
2020/8/26, , 6
2020/8/27, , 10
2020/8/28, , 11
2020/8/29, , 5
2020/8/30, , 9
2020/8/31, , 15
2020/9/1, , 13
2020/9/2, , 8
2020/9/3, , 7
2020/9/4, , 6
2020/9/5, , 3
2020/9/6, , 1
2020/9/7, , 4
2020/9/8, , 3
2020/9/9, , 3
2020/9/10, , 4
2020/9/11, , 10
2020/9/12, , 5
2020/9/13, , 1
2020/9/14, , 8
2020/9/15, , 17
2020/9/16, , 15
2020/9/17, , 11
2020/9/18, , 12
2020/9/19, , 6
2020/9/20, , 9
2020/9/21, , 20
2020/9/22, , 25
2020/9/23, , 17
2020/9/24, , 12
2020/9/25, , 10
2020/9/26, , 5
2020/9/27, , 4
2020/9/28, , 8
2020/9/29, , 14
2020/9/30, , 13
2020/4/1, , 4
2020/4/2, , 6
2020/4/3, , 5
2020/4/4, , 2
2020/4/5, , 5
2020/4/6, , 11
2020/4/7, , 11
2020/4/8, , 20
2020/4/9, , 9
2020/4/10, , 15
2020/4/11, , 10
2020/4/12, , 1
2020/4/13, , 1
2020/4/14, , 7
2020/4/15, , 9
2020/4/16, , 8
2020/4/17, , 14
2020/4/18, , 10
2020/4/19, , 4
2020/4/20, , 13
2020/4/21, , 12
2020/4/22, , 16
2020/4/23, , 20
2020/4/24, , 11
2020/4/25, , 6
2020/4/26, , 7
2020/4/27, , 14
2020/4/28, , 14
2020/4/29, , 9
2020/4/30, , 5
2020/5/1, , 5
2020/5/2, , 5
2020/5/3, , 3
2020/5/4, , 12
2020/5/5, , 10
2020/5/6, , 8
2020/5/7, , 8
2020/5/8, , 8
2020/5/9, , 7
2020/5/10, , 4
2020/5/11, , 9
2020/5/12, , 9
2020/5/13, , 11
2020/5/14, , 13
2020/5/15, , 10
2020/5/16, , 2
2020/5/17, , 1
2020/5/18, , 9
2020/5/19, , 13
2020/5/20, , 10
2020/5/21, , 13
2020/5/22, , 15
2020/5/23, , 6
2020/5/24, , 3
2020/5/25, , 7
2020/5/26, , 8
2020/5/27, , 9
2020/5/28, , 8
2020/5/29, , 6
2020/5/30, , 4
2020/5/31, , 3
2020/6/2, , 11
2020/6/3, , 15
2020/6/4, , 13
2020/6/5, , 7
2020/6/6, , 3
2020/6/7, , 7
2020/6/8, , 12
2020/6/9, , 16
2020/6/10, , 35
2020/6/12, , 46
2020/6/18, , 12
2020/6/19, , 16
2020/6/20, , 6
2020/6/21, , 6
2020/6/22, , 11
2020/6/23, , 11
2020/6/24, , 13
2020/6/25, , 19
2020/6/26, , 9
2020/6/27, , 5
2020/6/28, , 8
2020/6/29, , 11
2020/6/30, , 4
2020/1/1, , 2
2020/1/2, , 7
2020/1/3, , 4
2020/1/4, , 2
2020/1/5, , 6
2020/1/6, , 2
2020/1/7, , 7
2020/1/8, , 4
2020/1/9, , 8
2020/1/10, , 6
2020/1/11, , 5
2020/1/12, , 2
2020/1/13, , 7
2020/1/14, , 6
2020/1/15, , 5
2020/1/16, , 5
2020/1/17, , 13
2020/1/18, , 4
2020/1/19, , 4
2020/1/20, , 4
2020/1/21, , 3
2020/1/22, , 10
2020/1/23, , 12
2020/1/24, , 4
2020/1/25, , 5
2020/1/26, , 3
2020/1/27, , 8
2020/1/28, , 11
2020/1/29, , 4
2020/1/30, , 4
2020/1/31, , 5
2020/2/1, , 3
2020/2/2, , 
2020/2/3, , 9
2020/2/4, , 9
2020/2/5, , 7
2020/2/6, , 11
2020/2/7, , 9
2020/2/8, , 7
2020/2/9, , 3
2020/2/10, , 1
2020/2/11, , 2
2020/2/12, , 1
2020/2/13, , 8
2020/2/14, , 20
2020/2/15, , 7
2020/2/16, , 2
2020/2/17, , 2
2020/2/18, , 2
2020/2/19, , 4
2020/2/20, , 5
2020/2/21, , 4
2020/2/22, , 2
2020/2/23, , 
2020/2/24, , 5
2020/2/25, , 6
2020/2/26, , 2
2020/2/27, , 7
2020/2/28, , 5
2020/2/29, , 5
2020/3/1, , 3
2020/3/2, , 10
2020/3/3, , 9
2020/3/4, , 8
2020/3/5, , 11
2020/3/6, , 8
2020/3/7, , 6
2020/3/8, , 4
2020/3/9, , 10
2020/3/10, , 5
2020/3/11, , 5
2020/3/12, , 3
2020/3/13, , 4
2020/3/14, , 9
2020/3/15, , 3
2020/3/16, , 8
2020/3/17, , 11
2020/3/18, , 7
2020/3/19, , 11
2020/3/20, , 12
2020/3/21, , 1
2020/3/22, , 5
2020/3/23, , 11
2020/3/24, , 16
2020/3/25, , 14
2020/3/26, , 17
2020/3/27, , 24
2020/3/28, , 22
2020/3/29, , 4
2019/10/24, , 8
2019/10/25, , 3
2019/10/26, , 2
2019/10/27, , 13
2019/10/28, , 20
2019/10/29, , 17
2019/10/30, , 4
2019/10/31, , 5
2019/11/1, , 11
2019/11/2, , 14
2019/11/3, , 18
2019/11/4, , 16
2019/11/5, , 15
2019/11/6, , 18
2019/11/7, , 16
2019/11/8, , 14
2019/11/9, , 13
2019/11/10, , 13
2019/11/11, , 14
2019/11/12, , 21
2019/11/13, , 18
2019/11/14, , 14
2019/11/15, , 10
2019/11/16, , 6
2019/11/17, , 11
2019/11/20, , 4
2019/11/21, , 5
2019/11/22, , 5
2019/11/23, , 4
2019/11/24, , 8
2019/11/25, , 7
2019/11/26, , 9
2019/11/27, , 10
2019/11/28, , 4
2019/11/29, , 7
2019/11/30, , 3
2019/12/1, , 10
2019/12/2, , 13
2019/12/3, , 5
2019/12/4, , 7
2019/12/5, , 7
2019/12/6, , 3
2019/12/7, , 2
2019/12/8, , 7
2019/12/9, , 12
2019/12/10, , 10
2019/12/11, , 9
2019/12/12, , 8
2019/12/13, , 8
2019/12/14, , 3
2019/12/15, , 8
2019/12/16, , 13
2019/12/17, , 5
2019/12/18, , 14
2019/12/19, , 13
2019/12/20, , 10
2019/12/21, , 10
2019/12/22, , 10
2019/12/23, , 4
2019/12/24, , 6
2019/12/25, , 4
2019/12/26, , 5
2019/12/27, , 5
2019/12/28, , 4
2018/12/31, , 1
2018/8/15, , 22
2017/12/31, , 3
2017/7/1, , 2
2017/7/2, , 2
2017/7/3, , 3
2017/7/4, , 4
2017/7/5, , 5
2017/7/6, , 9
2017/7/7, , 9
2017/7/8, , 8
2017/7/9, , 2
2017/7/10, , 7
2017/6/20, , 6
2017/6/22, , 15
2017/6/23, , 4
2017/6/24, , 2
2017/6/25, , 3
2017/6/26, , 4
2017/6/27, , 6
2017/6/28, , 6
2017/6/29, , 6
2017/6/30, , 2
2017/1/2, , 8
2017/3/17, , 7
2017/3/18, , 9
2017/3/19, , 11
2017/3/20, , 8
2017/3/21, , 11
2017/3/22, , 26
2016/10/25, , 16
2016/10/26, , 8
2016/10/27, , 7
2016/10/28, , 5
2016/10/29, , 10
2016/10/30, , 15
2016/10/31, , 7
2016/11/1, , 5
2016/11/2, , 15
2016/11/3, , 13
2016/11/4, , 10
2016/11/5, , 6
2016/11/6, , 14
2016/1/1, , 3
2015/8/15, , 4
2015/8/16, , 5
2015/8/17, , 4
2014/12/31, , 2
2014/5/3, , 2
2013/12/31, , 8
2014/2/27, , 9
2014/2/28, , 7
2014/3/1, , 6
2014/3/2, , 7
2014/3/3, , 5
2014/3/4, , 9