date, pm10, o3, no2, so2
2024/5/1, 23, 46, 3, 
2024/5/2, 22, 47, 3, 
2024/5/3, 23, 50, 3, 
2024/5/4, 28, 49, 2, 
2024/5/5, 23, 34, 3, 
2024/5/6, 18, 26, 8, 
2024/5/7, 18, 39, 7, 
2024/5/8, 27, 40, 12, 
2024/5/9, 24, 35, 12, 
2024/5/10, 31, 33, 4, 
2024/5/11, 20, 39, 3, 
2024/5/12, 17, 43, 8, 
2024/5/13, 24, 41, 6, 
2024/5/14, 24, 41, 3, 
2024/5/15, 26, 41, 2, 
2024/5/16, 29, 41, 2, 
2024/5/17, 22, 40, 3, 
2024/5/20, 18, 48, 7, 
2024/5/21, 23, 38, 4, 
2024/5/22, 21, , , 
2024/4/1, 80, 32, 2, 
2024/4/2, 14, 30, 2, 
2024/4/3, 12, 31, 3, 
2024/4/4, 16, 33, 2, 
2024/4/5, 16, 34, 4, 
2024/4/6, 18, 39, 3, 
2024/4/7, 22, 41, 5, 
2024/4/8, 22, 42, 5, 
2024/4/9, 24, 26, 4, 
2024/4/10, 23, 35, 7, 
2024/4/11, 23, 22, 7, 
2024/4/12, 30, 36, 3, 
2024/4/13, 29, 34, , 
2024/4/14, 25, 35, 5, 
2024/4/15, 17, 35, 2, 
2024/4/16, 16, 19, 8, 
2024/4/17, 25, 29, 7, 
2024/4/18, 34, 31, 3, 
2024/4/19, 20, 30, 2, 
2024/4/20, 13, 30, 3, 
2024/4/21, 14, 28, 5, 
2024/4/22, 16, 33, 5, 
2024/4/23, 24, 26, 11, 
2024/4/24, 30, 37, 4, 
2024/4/25, 26, 38, 6, 
2024/4/26, 24, 44, 3, 
2024/4/27, 17, 43, 2, 
2024/4/28, 19, 48, 4, 
2024/4/29, 24, 48, 4, 
2024/4/30, 25, 48, 1, 
2024/1/7, 18, 10, 10, 
2024/1/8, 34, 8, 20, 
2024/1/9, 81, 13, 18, 
2024/1/10, 99, 12, 12, 
2024/1/11, 60, 16, 11, 
2024/1/12, 23, 18, 3, 
2024/1/13, 14, 22, 2, 
2024/1/14, 12, 21, 3, 
2024/1/15, 14, 22, 10, 
2024/1/16, 27, 19, 9, 
2024/1/17, 35, 11, 11, 
2024/1/18, 34, 19, 7, 
2024/1/19, 28, 21, 4, 
2024/1/20, 19, 19, 6, 
2024/1/21, 40, 23, 4, 
2024/1/22, 24, 17, 5, 
2024/1/23, 21, 25, 3, 
2024/1/24, 14, 25, 2, 
2024/1/25, 10, 17, 7, 
2024/1/26, 21, 24, 1, 
2024/1/27, 11, 15, 5, 
2024/1/28, 28, 12, 9, 
2024/1/29, 32, 18, 8, 
2024/1/30, 34, 17, 5, 
2024/1/31, 19, 21, 4, 
2024/2/1, 17, 19, 3, 
2024/2/2, 15, 18, 1, 
2024/2/3, 7, 24, , 
2024/2/4, 7, 23, 1, 
2024/2/5, 6, 18, 2, 
2024/2/6, 14, 26, 2, 
2024/2/7, 8, 17, 9, 
2024/2/8, 28, 17, 8, 
2024/2/9, 23, 9, 9, 
2024/2/10, 38, 15, 4, 
2024/2/11, 25, 16, 4, 
2024/2/12, 15, 18, 3, 
2024/2/13, 15, 19, 9, 
2024/2/14, 30, 14, 9, 
2024/2/15, 33, 19, 8, 
2024/2/16, 31, 19, 3, 
2024/2/17, 13, 19, 5, 
2024/2/18, 4, , 1, 
2024/2/19, 6, 18, 3, 
2024/2/20, 7, 16, 4, 
2024/2/21, 16, 18, 7, 
2024/2/22, 20, 20, 9, 
2024/2/23, 22, 25, 5, 
2024/2/24, 18, 22, 6, 
2024/2/25, 28, 23, 10, 
2024/2/26, 31, 22, 14, 
2024/2/27, 35, 4, 12, 
2024/2/28, 35, 10, 7, 
2024/2/29, 24, 14, 6, 
2024/3/1, 48, 9, 5, 
2024/3/2, 36, 24, 4, 
2024/3/3, 36, 16, 6, 
2024/3/4, 38, 9, 9, 
2024/3/5, 26, 22, 9, 
2024/3/6, 41, 27, 10, 
2024/3/7, 35, 28, 16, 
2024/3/8, 55, 30, 9, 
2024/3/9, 43, 32, 2, 
2024/3/10, 25, 27, 4, 
2024/3/11, 25, 11, 9, 
2024/3/12, 24, 5, 12, 
2024/3/13, 27, , 9, 
2024/3/14, 34, 25, 7, 
2024/3/15, 22, 30, 4, 
2024/3/16, 18, 28, 2, 
2024/3/17, 7, 25, 7, 
2024/3/18, 8, 19, 12, 
2024/3/19, 24, 26, 14, 
2024/3/20, 49, 26, 14, 
2024/3/21, 46, 21, 5, 
2024/3/22, 19, 31, 3, 
2024/3/23, 16, 32, 3, 
2024/3/24, 13, 21, 4, 
2024/3/25, 11, 31, 4, 
2024/3/26, 18, 35, 2, 
2024/3/27, 12, 29, 5, 
2024/3/28, 26, 36, 3, 
2024/3/29, 14, 33, 3, 
2024/3/30, 57, 36, , 
2024/3/31, 77, 33, 1, 
2023/10/1, 7, 25, 6, 
2023/10/2, 19, 36, 5, 
2023/10/3, 24, 25, 3, 
2023/10/4, 14, 26, 4, 
2023/10/5, 14, 25, 3, 
2023/10/6, 12, 24, 3, 
2023/10/7, 9, 24, 2, 
2023/10/8, 7, 20, 8, 
2023/10/9, 19, 16, 8, 
2023/10/10, 28, 26, 6, 
2023/10/11, 28, 23, 4, 
2023/10/12, 27, 22, 6, 
2023/10/13, 16, 27, 2, 
2023/10/15, 10, 21, 3, 
2023/10/16, 13, 16, 9, 
2023/10/17, 33, 19, 12, 
2023/10/18, 49, 12, 12, 
2023/10/19, 38, 7, 6, 
2023/10/20, 20, 6, 6, 
2023/10/21, 37, 17, 5, 
2023/10/22, 18, 15, 7, 
2023/10/23, 21, 15, 7, 
2023/10/24, 28, 7, 6, 
2023/10/25, 17, 12, 6, 
2023/10/26, 19, 5, 8, 
2023/10/27, 18, 15, 5, 
2023/10/28, 16, 19, 3, 
2023/10/29, 17, 16, 7, 
2023/10/30, 21, 21, 5, 
2023/10/31, 16, 20, 4, 
2023/11/1, 16, 21, 3, 
2023/11/2, 11, 19, 5, 
2023/11/3, 14, 21, 3, 
2023/11/4, 13, 19, 3, 
2023/11/5, 21, 21, 3, 
2023/11/6, 10, 20, 6, 
2023/11/7, 20, 17, 7, 
2023/11/8, 22, 19, 7, 
2023/11/9, 21, 14, 10, 
2023/11/10, 30, 13, 10, 
2023/11/11, 34, 14, 5, 
2023/11/12, 27, 16, 9, 
2023/11/13, 22, 20, 4, 
2023/11/14, 14, 18, 5, 
2023/11/15, 11, 6, 9, 
2023/11/16, 21, 10, 8, 
2023/11/17, 20, 6, 7, 
2023/11/18, 13, 15, 6, 
2023/11/19, 21, 16, 9, 
2023/11/20, 26, 9, 9, 
2023/11/21, 22, 14, 12, 
2023/11/22, 31, 22, 5, 
2023/11/23, 15, 28, 4, 
2023/11/24, 10, 21, 2, 
2023/11/25, 10, 20, 2, 
2023/11/26, 10, 14, 9, 
2023/11/27, 30, 8, 14, 
2023/11/28, 36, 14, 8, 
2023/11/29, 31, 10, 12, 
2023/11/30, 51, 2, 17, 
2023/12/1, 77, 4, 13, 
2023/12/2, 46, 15, 5, 
2023/12/3, 19, 13, 11, 
2023/12/4, 32, 7, 15, 
2023/12/5, 47, 10, 12, 
2023/12/6, 52, 7, 13, 
2023/12/7, 44, 10, 9, 
2023/12/8, 42, 11, 9, 
2023/12/9, 43, 15, 8, 
2023/12/10, 37, 18, 6, 
2023/12/11, 16, 20, 8, 
2023/12/20, 8, 29, 2, 
2023/12/21, 6, 30, 1, 
2023/12/22, 10, 29, , 
2023/12/23, 10, 26, 2, 
2023/12/24, 15, 28, , 
2023/12/25, 6, 29, , 
2023/12/26, 6, 28, 5, 
2023/12/27, 22, 16, 6, 
2023/12/28, 24, 15, 4, 
2023/12/29, 19, , , 
2023/7/1, 42, 36, 1, 
2023/7/2, 37, 45, 4, 
2023/7/3, 1, 45, 6, 
2023/7/4, 14, 42, 8, 
2023/7/5, 33, 35, 7, 
2023/7/6, 15, 42, 10, 
2023/7/7, 14, 55, 7, 
2023/7/8, 18, 46, 6, 
2023/7/9, 10, 44, 8, 
2023/7/10, 16, 41, 5, 
2023/7/11, 13, 47, 5, 
2023/7/12, 18, 25, 5, 
2023/7/14, 25, 58, 6, 
2023/7/17, 22, 38, 4, 
2023/7/18, 15, 48, 8, 
2023/7/19, 16, 34, 4, 
2023/7/20, 14, 40, 4, 
2023/7/21, 11, 41, 2, 
2023/7/22, 12, 43, 3, 
2023/7/23, 16, 42, 3, 
2023/7/24, 17, 39, 3, 
2023/7/25, 18, 18, 6, 
2023/7/26, 15, 36, 4, 
2023/7/27, 10, 22, 3, 
2023/7/28, 14, 36, 2, 
2023/7/29, 21, 36, 1, 
2023/7/30, 15, 32, 2, 
2023/7/31, 15, 32, 3, 
2023/8/1, 22, 34, 2, 
2023/8/2, 18, 31, 2, 
2023/8/3, 21, 36, 5, 
2023/8/4, 15, 25, 10, 
2023/8/7, 4, 33, 1, 
2023/8/9, 11, 34, 6, 
2023/8/10, 13, 38, 10, 
2023/8/11, 18, 2, 14, 
2023/8/12, 21, , , 
2023/8/15, 19, 62, 6, 
2023/8/16, 27, 45, 7, 
2023/8/23, 19, 43, 9, 
2023/8/24, 24, 46, 8, 
2023/8/25, 26, 41, 6, 
2023/8/31, 17, 35, 5, 
2023/9/1, 3, 33, 6, 
2023/9/2, 19, 34, 7, 
2023/9/3, 19, 30, 10, 
2023/9/4, 13, 42, 10, 
2023/9/5, 20, 46, 12, 
2023/9/6, 18, 48, 10, 
2023/9/7, 32, 43, 13, 
2023/9/8, 32, 46, 8, 
2023/9/9, 33, 48, 8, 
2023/9/10, 37, 53, 12, 
2023/9/11, 30, 57, 15, 
2023/9/12, 41, 54, 11, 
2023/9/13, 47, 20, 10, 
2023/9/14, 19, 30, 7, 
2023/9/15, 10, 32, 4, 
2023/9/16, 16, 34, 3, 
2023/9/17, 20, 39, 6, 
2023/9/18, 26, 22, 7, 
2023/9/19, 27, 33, 7, 
2023/9/20, 11, 37, 4, 
2023/9/21, 15, 32, 7, 
2023/9/22, 19, 23, 4, 
2023/9/23, 18, 27, 7, 
2023/9/24, 6, 28, 7, 
2023/9/25, 14, 17, 8, 
2023/9/26, 36, 35, 8, 
2023/9/27, 35, 41, 8, 
2023/9/28, 27, 41, 8, 
2023/9/29, 23, 26, 4, 
2023/9/30, 23, 26, 4, 
2023/4/1, 11, 21, 5, 
2023/4/2, 8, 32, 6, 
2023/4/3, 11, 28, 13, 
2023/4/4, 36, 34, 13, 
2023/4/5, 32, 28, 13, 
2023/4/6, 33, 19, 7, 
2023/4/7, 15, 34, 3, 
2023/4/8, 15, 28, 3, 
2023/4/9, 23, 35, 5, 
2023/4/10, 21, 36, 6, 
2023/4/11, 21, 30, 5, 
2023/4/12, 16, 36, 9, 
2023/4/13, 24, 37, 7, 
2023/4/14, 27, 34, 6, 
2023/4/15, 14, 33, 6, 
2023/4/16, 17, 19, 11, 
2023/4/17, 23, 23, 10, 
2023/4/18, 22, 23, 11, 
2023/4/19, 20, 32, 14, 
2023/4/20, 37, 43, 14, 
2023/4/21, 33, 47, 10, 
2023/4/22, 33, 48, 4, 
2023/4/23, 21, 47, 7, 
2023/4/24, 24, 25, 3, 
2023/4/25, 10, 30, 5, 
2023/4/26, 18, 33, 7, 
2023/4/27, 24, 42, 10, 
2023/4/28, 27, 35, 6, 
2023/4/29, 24, 39, 4, 
2023/4/30, 12, 43, 5, 
2023/5/1, 18, 34, 4, 
2023/5/2, 19, 39, 7, 
2023/5/3, 11, 42, 11, 
2023/5/4, 30, 41, 9, 
2023/5/5, 26, 34, 3, 
2023/5/6, 18, 33, 3, 
2023/5/7, 10, 35, 9, 
2023/5/8, 19, 39, 12, 
2023/5/9, 23, 40, 7, 
2023/5/10, 18, 41, 7, 
2023/5/11, 24, 41, 7, 
2023/5/12, 25, 46, 6, 
2023/5/13, 23, 39, 8, 
2023/5/14, 26, 27, 6, 
2023/5/15, 14, 38, 6, 
2023/5/16, 14, 23, 14, 
2023/5/17, 15, 24, 9, 
2023/5/18, 15, 16, 10, 
2023/5/19, 13, 35, 5, 
2023/5/20, 27, 39, 3, 
2023/5/21, 14, 37, 7, 
2023/5/22, 16, 40, 9, 
2023/5/23, 23, 22, 7, 
2023/5/24, 26, 39, 6, 
2023/5/25, 21, 37, 13, 
2023/5/26, 17, 37, 8, 
2023/5/27, 15, 37, 4, 
2023/5/28, 15, 43, 15, 
2023/5/29, 24, 41, 14, 
2023/5/30, 21, 40, 13, 
2023/5/31, 23, 47, 9, 
2023/6/1, 26, 28, 9, 
2023/6/2, 19, 33, 3, 
2023/6/3, 11, 34, 5, 
2023/6/4, 15, 42, 9, 
2023/6/5, 19, 40, 7, 
2023/6/6, 22, 41, 9, 
2023/6/7, 31, 42, 3, 
2023/6/8, 21, 36, 4, 
2023/6/9, 21, 46, 2, 
2023/6/10, 21, 38, 1, 
2023/6/11, 19, 39, 5, 
2023/6/12, 20, 24, 4, 
2023/6/13, 13, 21, 7, 
2023/6/14, 17, 34, 6, 
2023/6/15, 17, 43, 10, 
2023/6/16, 25, 44, 5, 
2023/6/17, 22, 41, 5, 
2023/6/18, 23, 43, 8, 
2023/6/19, 21, 66, 9, 
2023/6/20, 31, 40, 6, 
2023/6/21, 40, 47, 8, 
2023/6/22, 16, 37, 7, 
2023/6/23, 22, 25, 6, 
2023/6/24, 25, 39, 4, 
2023/6/25, 15, 46, 7, 
2023/6/26, 18, 33, 3, 
2023/6/27, 24, 26, 2, 
2023/6/28, 16, 41, 3, 
2023/6/29, 26, 42, 5, 
2023/6/30, 19, 37, 2, 
2023/1/2, 22, 22, 5, 
2023/1/3, 18, 20, 7, 
2023/1/4, 29, 21, 2, 
2023/1/5, 5, 18, 4, 
2023/1/6, 17, 14, 7, 
2023/1/7, 31, 13, 4, 
2023/1/8, 25, 12, 7, 
2023/1/9, 30, 9, 10, 
2023/1/10, 35, 15, 9, 
2023/1/11, 33, 18, 6, 
2023/1/12, 21, 16, 6, 
2023/1/13, 21, 20, 4, 
2023/1/14, 19, 25, 2, 
2023/1/15, 16, 20, 8, 
2023/1/16, 20, 18, 9, 
2023/1/17, 34, 12, 12, 
2023/1/18, 41, 7, 10, 
2023/1/19, 40, 18, 12, 
2023/1/20, 41, 19, 6, 
2023/1/21, 14, 8, 6, 
2023/1/22, 25, 5, 11, 
2023/1/23, 30, , 11, 
2023/1/24, 43, 18, 9, 
2023/1/25, 25, 16, 8, 
2023/1/26, 36, 10, 12, 
2023/1/27, 48, 23, 7, 
2023/1/28, 19, 24, 4, 
2023/1/29, 18, 22, 5, 
2023/1/30, 14, 23, 4, 
2023/1/31, 14, 26, 3, 
2023/2/1, 11, 24, 5, 
2023/2/2, 9, 26, 5, 
2023/2/3, 15, 22, 4, 
2023/2/4, 9, 21, 8, 
2023/2/5, 15, 18, 15, 
2023/2/6, 38, 16, 13, 
2023/2/7, 44, 16, 15, 
2023/2/8, 33, 27, 10, 
2023/2/9, 39, 23, 8, 
2023/2/10, 32, 19, 6, 
2023/2/11, 21, 28, 5, 
2023/2/12, 16, 19, 4, 
2023/2/13, 14, 19, 7, 
2023/2/14, 20, 19, 10, 
2023/2/15, 38, 14, 12, 
2023/2/16, 44, 17, 9, 
2023/2/17, 28, 28, 2, 
2023/2/18, 10, 25, 1, 
2023/2/19, 8, 23, 3, 
2023/2/20, 14, 26, 2, 
2023/2/21, 18, 20, 10, 
2023/2/22, 23, 20, 7, 
2023/2/23, 26, 22, 8, 
2023/2/24, 27, 20, 3, 
2023/2/25, 9, 25, 4, 
2023/2/26, 8, 21, 12, 
2023/2/27, 17, 25, 18, 
2023/2/28, 49, 25, 19, 
2023/3/1, 81, 13, 17, 
2023/3/2, 75, 22, 6, 
2023/3/3, 30, 27, 3, 
2023/3/4, 17, 28, 4, 
2023/3/5, 19, 27, 8, 
2023/3/6, 29, 29, 7, 
2023/3/7, 20, 29, 6, 
2023/3/8, 17, 27, 8, 
2023/3/9, 17, 26, 10, 
2023/3/10, 28, 31, 2, 
2023/3/11, 10, 33, 3, 
2023/3/12, 21, 27, 3, 
2023/3/13, 16, 27, 4, 
2023/3/14, 21, 29, 5, 
2023/3/15, 18, 28, 11, 
2023/3/16, 41, 32, 9, 
2023/3/17, 31, 33, 5, 
2023/3/18, 28, 39, 10, 
2023/3/19, 39, 28, 13, 
2023/3/20, 50, 19, 10, 
2023/3/21, 38, 26, 10, 
2023/3/22, 35, 33, 5, 
2023/3/23, 25, 32, 5, 
2023/3/24, 18, 29, 3, 
2023/3/25, 13, 32, 3, 
2023/3/26, 14, 27, 9, 
2023/3/27, 34, 30, 4, 
2023/3/28, 16, 35, 5, 
2023/3/29, 20, 27, 5, 
2023/3/30, 23, 31, 3, 
2023/3/31, 13, 23, 3, 
2022/10/1, 31, 19, 5, 1
2022/10/2, 13, 20, 1, 1
2022/10/3, 11, 16, 4, 1
2022/10/4, 19, 17, 5, 1
2022/10/5, 31, 22, 4, 1
2022/10/6, 24, 23, 7, 1
2022/10/7, 32, 27, 3, 1
2022/10/8, 33, 19, 3, 1
2022/10/9, 20, 20, 5, 1
2022/10/10, 20, 20, 8, 1
2022/10/11, 37, 19, 12, 2
2022/10/12, 50, 23, 11, 2
2022/10/13, 43, 19, 10, 2
2022/10/14, 53, 24, 5, 3
2022/10/15, 43, 18, 3, 1
2022/10/16, 31, 22, 7, 1
2022/10/17, 39, 22, 6, 2
2022/10/18, 32, 16, 7, 1
2022/10/19, 14, 19, 9, 1
2022/10/20, 31, 13, 7, 2
2022/10/21, 27, 12, 4, 2
2022/10/22, 29, 15, 4, 1
2022/10/23, 32, 13, 7, 2
2022/10/24, 32, 18, 5, 1
2022/10/25, 24, 14, 8, 1
2022/10/26, 32, 11, 9, 1
2022/10/27, 47, 14, 8, 1
2022/10/28, 36, 17, 4, 1
2022/10/29, 30, 8, 7, 2
2022/10/30, 54, 5, 8, 1
2022/10/31, 52, 3, 6, 1
2022/11/1, 40, 21, 7, 2
2022/11/2, 29, 16, 8, 2
2022/11/3, 25, 11, 8, 2
2022/11/4, 31, 15, 4, 1
2022/11/5, 24, 17, 6, 2
2022/11/6, 35, 13, 5, 2
2022/11/7, 28, 15, 8, 2
2022/11/8, 33, 13, 8, 4
2022/11/9, 46, 11, 7, 2
2022/11/10, 32, 14, 6, 2
2022/11/11, 27, 13, 6, 1
2022/11/12, 32, 11, 5, 3
2022/11/13, 30, 11, 6, 1
2022/11/14, 37, 9, 11, 2
2022/11/15, 42, 7, 7, 1
2022/11/16, 17, 12, 4, 2
2022/11/17, 15, 14, 7, 2
2022/11/18, 19, 15, 7, 4
2022/11/19, 36, 12, 11, 7
2022/11/20, 58, 5, 11, 5
2022/11/21, 56, 7, 8, 2
2022/11/22, 39, 8, 7, 2
2022/11/23, 37, 4, 11, 4
2022/11/24, 40, 1, 10, 3
2022/11/25, 69, 4, 8, 2
2022/11/26, 45, 3, 8, 4
2022/11/27, 63, 6, 9, 4
2022/11/28, 47, 13, 6, 2
2022/11/29, 31, 12, 6, 2
2022/11/30, 34, 14, 7, 2
2022/12/1, 25, 13, 5, 2
2022/12/2, 26, 5, 5, 2
2022/12/3, 47, 6, 4, 4
2022/12/4, 38, 7, 6, 4
2022/12/5, 37, , 9, 4
2022/12/6, 47, 17, 6, 3
2022/12/7, 17, 15, 9, 6
2022/12/8, 44, 4, 13, 6
2022/12/9, 54, 14, 9, 4
2022/12/10, 34, 13, 5, 3
2022/12/11, 22, 13, 5, 3
2022/12/12, 17, 15, 6, 3
2022/12/13, 24, 9, 15, 7
2022/12/14, 57, 7, 15, 7
2022/12/15, 62, 10, 14, 5
2022/12/16, 52, 18, 8, 2
2022/12/17, 41, 21, 3, 
2022/12/18, 37, 22, 7, 3
2022/12/19, 35, 20, 6, 7
2022/12/20, 40, 13, 8, 6
2022/12/21, 40, 12, 9, 4
2022/12/22, 39, 10, 7, 3
2022/12/23, 20, 4, 9, 3
2022/12/24, 31, 18, 3, 2
2022/12/25, 27, 20, 2, 2
2022/12/26, 17, 25, 2, 1
2022/12/27, 10, 18, 4, 3
2022/12/28, 27, 20, 3, 3
2022/12/29, 24, 18, 7, 5
2022/12/30, 35, 17, 2, 3
2022/12/31, 19, 18, 1, 
2023/1/1, 16, 16, 5, 
2022/7/4, 20, 46, 5, 2
2022/7/6, 15, 29, 7, 1
2022/7/7, 16, 37, 4, 1
2022/7/8, 17, 22, 4, 
2022/7/9, 13, 28, 1, 1
2022/7/10, 11, 21, 1, 1
2022/7/11, 13, 19, 2, 1
2022/7/12, 14, 26, 3, 1
2022/7/13, 14, 38, 2, 1
2022/7/14, 21, 37, 6, 1
2022/7/15, 17, 30, 4, 1
2022/7/16, 16, 28, 2, 
2022/7/17, 11, 30, 1, 1
2022/7/18, 20, 35, 6, 1
2022/7/19, 33, 44, 8, 1
2022/7/20, 33, 53, 10, 1
2022/7/21, 27, 44, 5, 1
2022/7/24, 5, 36, 1, 1
2022/7/25, 9, 40, 4, 2
2022/7/26, 17, 35, 5, 1
2022/7/27, 17, 30, 2, 1
2022/7/28, 32, 35, 5, 1
2022/7/29, 27, 35, 6, 1
2022/7/30, 19, 22, 2, 1
2022/8/1, 2, 37, 3, 1
2022/8/5, 32, 49, 6, 
2022/8/6, 13, 28, 6, 
2022/8/7, 9, 30, 3, 
2022/8/8, 22, 30, 7, 
2022/8/9, 27, 26, 9, 
2022/8/10, 35, 27, 11, 
2022/8/11, 31, 25, 10, 
2022/8/12, 22, 34, 7, 
2022/8/27, 31, 44, 5, 1
2022/8/29, 22, 32, 2, 1
2022/8/31, 19, 22, 9, 2
2022/9/1, 22, 22, 9, 1
2022/9/2, 16, 27, 7, 1
2022/9/3, 21, 31, 4, 1
2022/9/4, 18, 29, 4, 1
2022/9/5, 23, 28, 6, 1
2022/9/6, 23, 29, 7, 2
2022/9/7, 27, 33, 6, 2
2022/9/8, 38, 37, 4, 1
2022/9/9, 25, 25, 4, 1
2022/9/11, 15, 21, 2, 2
2022/9/12, 18, 26, 7, 1
2022/9/13, 22, 29, 5, 2
2022/9/14, 21, 30, 4, 2
2022/9/15, 18, 27, 5, 1
2022/9/16, 15, 28, 3, 
2022/9/17, 11, 18, 2, 
2022/9/18, 12, 20, 1, 
2022/9/19, 14, 20, 2, 
2022/9/20, 15, 16, 3, 
2022/9/21, 13, 16, 7, 1
2022/9/22, 16, 11, 8, 1
2022/9/23, 24, 20, 10, 2
2022/9/24, 31, 21, 8, 1
2022/9/25, 45, 33, 8, 2
2022/9/26, 38, 19, 8, 1
2022/9/27, 21, 23, 5, 1
2022/9/28, 14, 17, 4, 1
2022/9/29, 25, 19, 11, 2
2022/9/30, 38, 14, 9, 1
2022/4/1, 21, 32, 5, 3
2022/4/2, 28, 34, 3, 2
2022/4/3, 15, 37, 3, 3
2022/4/4, 25, 32, 3, 2
2022/4/5, 17, 19, 6, 3
2022/4/6, 24, 33, 4, 2
2022/4/7, 19, 32, 3, 2
2022/4/8, 15, 35, 3, 1
2022/4/9, 17, 33, 2, 2
2022/4/10, 17, 28, 6, 3
2022/4/11, 25, 37, 12, 4
2022/4/12, 38, 39, 12, 3
2022/4/13, 39, 44, 12, 3
2022/4/14, 39, 29, 5, 1
2022/4/15, 25, 34, 1, 
2022/4/16, 11, 38, 3, 3
2022/4/17, 13, 37, 4, 2
2022/4/18, 21, 29, 7, 1
2022/4/19, 22, 28, 7, 1
2022/4/20, 23, 22, 8, 1
2022/4/21, 32, 30, 10, 2
2022/4/22, 33, 35, 13, 3
2022/4/23, 41, 38, 9, 2
2022/4/24, 38, 24, 9, 1
2022/4/25, 21, 25, 10, 2
2022/4/26, 24, 33, 14, 2
2022/4/27, 44, 39, 16, 3
2022/4/28, 50, 39, 14, 2
2022/4/29, 40, 39, 13, 2
2022/4/30, 38, 43, 10, 2
2022/5/1, 35, 46, 12, 3
2022/5/2, 43, 43, 8, 1
2022/5/3, 37, 37, 7, 2
2022/5/4, 30, 50, 6, 1
2022/5/5, 30, 38, 8, 1
2022/5/6, 29, 35, 10, 1
2022/5/7, 30, 34, 6, 1
2022/5/8, 28, 37, 6, 1
2022/5/9, 26, 42, 7, 1
2022/5/10, 23, 55, 5, 1
2022/5/11, 35, 40, 4, 1
2022/5/12, 54, 40, 8, 1
2022/5/13, 26, 38, 3, 2
2022/5/14, 30, 38, 3, 1
2022/5/15, 18, 39, 9, 1
2022/5/16, 24, 33, 7, 1
2022/5/17, 25, 34, 9, 2
2022/5/18, 19, 51, 7, 1
2022/5/19, 29, 46, 5, 1
2022/5/20, 34, 37, 3, 1
2022/5/21, 14, 32, 2, 1
2022/5/22, 9, 40, 6, 1
2022/5/23, 17, 28, 5, 1
2022/5/24, 22, 23, 6, 
2022/5/25, 15, 35, 3, 1
2022/5/26, 18, 30, 3, 1
2022/5/27, 13, 26, 1, 1
2022/5/28, 13, 24, 3, 2
2022/5/29, 13, 35, 5, 1
2022/5/30, 18, 40, 5, 1
2022/5/31, 19, 48, 4, 1
2022/6/1, 15, 40, 7, 1
2022/6/2, 15, 48, 8, 2
2022/6/3, 21, 38, 8, 1
2022/6/4, 30, 43, 6, 1
2022/6/5, 19, 45, 8, 1
2022/6/6, 31, 29, 9, 1
2022/6/7, 32, 22, 7, 
2022/6/8, 16, 29, 9, 
2022/6/10, 10, 37, 5, 
2022/6/11, 14, 44, 4, 
2022/6/12, 26, 27, 6, 
2022/6/13, 21, 31, 3, 
2022/6/14, 17, 32, 4, 1
2022/6/15, 16, 43, 3, 1
2022/6/16, 22, 34, 3, 
2022/6/17, 20, 41, 2, 1
2022/6/18, 20, 41, 1, 1
2022/6/19, 27, 25, 5, 1
2022/6/20, 26, 26, 3, 
2022/6/21, 11, 32, 7, 1
2022/6/22, 18, 40, 8, 1
2022/6/23, 28, 35, 5, 1
2022/6/24, 29, 42, 2, 2
2022/6/25, 21, 43, 3, 1
2022/6/26, 28, 27, 5, 1
2022/1/3, 14, 26, 7, 3
2022/1/4, 28, 21, 5, 3
2022/1/5, 16, 21, 2, 2
2022/1/6, 10, 18, 8, 5
2022/1/7, 43, 15, 9, 7
2022/1/8, 54, 14, 11, 7
2022/1/9, 53, 8, 15, 5
2022/1/10, 52, 3, 19, 4
2022/1/11, 70, 10, 14, 4
2022/1/12, 63, 14, 7, 1
2022/1/13, 20, 24, 5, 1
2022/1/14, 15, 22, 4, 1
2022/1/15, 30, 20, 5, 3
2022/1/16, 37, 27, 4, 1
2022/1/17, 13, 21, 7, 1
2022/1/18, 28, 18, 8, 4
2022/1/19, 35, 28, 4, 2
2022/1/20, 15, 28, 4, 1
2022/1/21, 10, 24, 4, 1
2022/1/22, 14, 17, 10, 4
2022/1/23, 42, 15, 13, 6
2022/1/24, 59, 16, 8, 2
2022/1/25, 23, 18, 7, 1
2022/1/26, 13, 19, 7, 2
2022/1/27, 17, 27, 3, 1
2022/1/28, 7, 21, 4, 2
2022/1/29, 17, 32, , 1
2022/1/30, 11, 27, 7, 2
2022/1/31, 31, 23, 7, 2
2022/2/1, 30, 26, 4, 1
2022/2/2, 14, 22, 8, 3
2022/2/3, 34, 17, 7, 2
2022/2/4, 37, 31, 2, 1
2022/2/5, 14, 28, 1, 1
2022/2/6, 13, 27, 3, 1
2022/2/7, 14, 24, 3, 
2022/2/8, 18, 20, 5, 1
2022/2/9, 14, 27, 7, 2
2022/2/10, 27, 26, 7, 1
2022/2/11, 17, 25, 7, 2
2022/2/12, 29, 27, 5, 4
2022/2/13, 38, 25, 10, 5
2022/2/14, 48, 18, 12, 6
2022/2/15, 58, 29, 5, 3
2022/2/16, 32, 32, 2, 1
2022/2/17, 8, 30, 3, 2
2022/2/18, 19, 33, 1, 1
2022/2/19, 15, 24, 3, 3
2022/2/20, 17, 31, 2, 1
2022/2/21, 12, 27, 3, 1
2022/2/22, 16, 30, 4, 1
2022/2/23, 21, 29, 10, 5
2022/2/24, 41, 30, 5, 2
2022/2/25, 24, 20, 11, 4
2022/2/26, 41, 20, 12, 5
2022/2/27, 45, 23, 20, 6
2022/2/28, 71, 27, 22, 7
2022/3/1, 73, 24, 22, 7
2022/3/2, 89, 23, 16, 6
2022/3/3, 71, 18, 13, 4
2022/3/4, 26, 25, 11, 4
2022/3/5, 25, 27, 7, 3
2022/3/6, 23, 24, 11, 2
2022/3/7, 27, 24, 12, 3
2022/3/8, 29, 28, 9, 3
2022/3/9, 34, 29, 8, 2
2022/3/10, 30, 30, 10, 4
2022/3/11, 41, 32, 13, 7
2022/3/12, 50, 39, 12, 6
2022/3/13, 59, 34, 11, 4
2022/3/14, 47, 26, 12, 5
2022/3/15, 56, 16, 18, 4
2022/3/16, 60, 33, 10, 3
2022/3/17, 54, 35, 14, 4
2022/3/18, 47, 38, 14, 6
2022/3/19, 59, 42, 7, 4
2022/3/20, 46, 42, 17, 6
2022/3/21, 54, 41, 23, 6
2022/3/22, 75, 42, 22, 4
2022/3/23, 77, 35, 16, 3
2022/3/24, 49, , , 
2022/3/27, 23, 34, 5, 3
2022/3/28, 32, 27, 8, 2
2022/3/29, 40, 33, 8, 3
2022/3/30, 45, 25, 9, 2
2022/3/31, 27, 29, 7, 1
2021/10/1, 32, 31, 4, 2
2021/10/2, 32, 31, 3, 1
2021/10/3, 30, 29, 10, 1
2021/10/4, 42, 36, 7, 1
2021/10/5, 41, 20, 7, 1
2021/10/6, 33, 15, 9, 1
2021/10/7, 45, 24, 8, 2
2021/10/8, 45, 28, 10, 2
2021/10/9, 40, 26, 9, 3
2021/10/10, 43, 27, 10, 3
2021/10/11, 51, 21, 6, 2
2021/10/12, 23, 17, 6, 1
2021/10/13, 21, 16, 6, 1
2021/10/14, 31, 25, 4, 1
2021/10/15, 16, 22, 4, 1
2021/10/16, 28, 21, 6, 3
2021/10/17, 34, 14, 5, 1
2021/10/18, 28, , , 
2021/10/21, 52, 26, 2, 1
2021/10/22, 19, 26, 2, 1
2021/10/23, 14, 16, 9, 2
2021/10/24, 45, 20, 11, 4
2021/10/25, 35, 25, 8, 3
2021/10/26, 42, 19, 8, 3
2021/10/27, 35, 22, 10, 3
2021/10/28, 41, 28, 10, 3
2021/10/29, 42, 27, 8, 4
2021/10/30, 37, 31, 6, 4
2021/10/31, 34, 29, 6, 3
2021/11/1, 32, 13, 11, 3
2021/11/2, 43, 16, 8, 3
2021/11/3, 27, 17, 5, 2
2021/11/4, 16, 20, 4, 1
2021/11/5, 13, 21, 4, 2
2021/11/6, 17, 24, 3, 2
2021/11/7, 18, 17, 5, 1
2021/11/8, 18, 15, 10, 2
2021/11/9, 29, 11, 11, 3
2021/11/10, 39, 15, 10, 4
2021/11/11, 55, 11, 8, 2
2021/11/12, 47, 9, 6, 2
2021/11/13, 42, 7, 8, 3
2021/11/14, 49, 12, 9, 2
2021/11/15, 47, 11, 10, 3
2021/11/16, 52, 9, 10, 2
2021/11/17, 46, 18, 6, 1
2021/11/18, 22, 20, 4, 1
2021/11/19, 9, 23, 2, 1
2021/11/20, 11, 21, 4, 2
2021/11/21, 24, 14, 12, 3
2021/11/22, 25, 15, 6, 1
2021/11/23, 19, 13, 8, 2
2021/11/24, 26, 15, 9, 4
2021/11/25, 41, 12, 13, 4
2021/11/26, 43, 16, 10, 4
2021/11/27, 36, 9, 11, 4
2021/11/28, 40, 12, 7, 2
2021/11/29, 20, 22, 5, 2
2021/11/30, 12, 18, 8, 3
2021/12/1, 28, 22, 5, 3
2021/12/2, 18, 19, 6, 2
2021/12/3, 20, 19, 8, 4
2021/12/4, 37, 9, 8, 4
2021/12/5, 48, 13, 10, 2
2021/12/6, 34, 17, 12, 2
2021/12/7, 35, 18, 6, 2
2021/12/8, 29, 11, 8, 3
2021/12/9, 41, 4, 14, 6
2021/12/10, 53, 5, 17, 9
2021/12/11, 85, 12, 10, 3
2021/12/12, 57, 7, 15, 5
2021/12/13, 67, 2, 17, 6
2021/12/14, 89, 6, 11, 3
2021/12/15, 45, 22, 6, 1
2021/12/16, 18, 18, 7, 1
2021/12/17, 17, 17, 5, 1
2021/12/18, 19, 22, 2, 1
2021/12/19, 6, 20, 6, 1
2021/12/20, 9, 18, 8, 2
2021/12/21, 18, 8, 15, 5
2021/12/22, 53, 12, 16, 7
2021/12/23, 57, , , 
2021/12/26, 95, 18, 16, 14
2021/12/27, 76, 18, 6, 4
2021/12/28, 33, 13, 12, 7
2021/12/29, 68, 6, 10, 4
2021/12/30, 48, 17, 4, 3
2021/12/31, 14, 19, 3, 1
2022/1/1, 12, 16, 4, 2
2022/1/2, 23, 24, 4, 2
2021/7/1, 22, 28, 4, 1
2021/7/2, 19, 31, 4, 1
2021/7/3, 20, 31, 3, 1
2021/7/4, 18, 46, 5, 1
2021/7/5, 26, 40, 5, 1
2021/7/6, 30, 54, 6, 1
2021/7/7, 38, 25, 7, 1
2021/7/8, 26, 31, 6, 
2021/7/9, 26, 30, 3, 1
2021/7/10, 16, 36, 3, 
2021/7/11, 18, 40, 5, 1
2021/7/12, 22, 46, 6, 1
2021/7/13, 31, 50, 6, 1
2021/7/14, 41, 37, 6, 1
2021/7/15, 25, 44, 9, 1
2021/7/16, 30, 48, 4, 1
2021/7/17, 34, 35, 1, 1
2021/7/18, 23, 27, 3, 
2021/7/19, 26, 31, 4, 1
2021/7/20, 20, 33, 3, 1
2021/7/21, 22, 28, 6, 2
2021/7/22, 26, 38, 7, 1
2021/7/23, 37, 45, 7, 1
2021/7/24, 36, 54, 3, 2
2021/7/25, 34, 53, 7, 1
2021/7/26, 32, 52, 9, 1
2021/7/27, 31, 57, 6, 2
2021/7/28, 30, 39, 3, 1
2021/7/29, 22, 43, 7, 1
2021/7/30, 32, 42, 6, 2
2021/7/31, 31, 28, 4, 1
2021/8/1, 20, 31, 2, 1
2021/8/2, 15, 37, 4, 1
2021/8/3, 16, 29, 9, 1
2021/8/4, 17, 27, 7, 1
2021/8/5, 16, 29, 6, 2
2021/8/6, 7, 34, 4, 1
2021/8/7, 16, 31, 2, 1
2021/8/8, 12, 34, 6, 1
2021/8/9, 17, 38, 7, 2
2021/8/10, 20, 36, 4, 1
2021/8/11, 17, 35, 9, 1
2021/8/12, 25, 52, 7, 2
2021/8/13, 29, 53, 5, 2
2021/8/14, 40, 44, 7, 1
2021/8/15, 32, 44, 5, 2
2021/8/16, 30, 28, 2, 1
2021/8/17, 13, 37, 2, 1
2021/8/18, 17, 29, 3, 2
2021/8/19, 20, 27, 6, 1
2021/8/20, 18, 32, 5, 1
2021/8/21, 16, 39, 4, 2
2021/8/22, 21, 31, 8, 1
2021/8/23, 19, 23, 8, 3
2021/8/24, 13, 31, 5, 2
2021/8/25, 16, 24, 3, 1
2021/8/26, 15, 20, 6, 1
2021/8/27, 23, 28, 5, 1
2021/8/28, 25, 29, 6, 1
2021/8/29, 29, 24, 7, 1
2021/8/30, 21, 22, 8, 2
2021/8/31, 8, 23, 7, 2
2021/9/1, 14, 22, 9, 1
2021/9/2, 21, 33, 5, 1
2021/9/3, 27, 32, 6, 1
2021/9/4, 18, 32, 4, 1
2021/9/5, 15, 34, 7, 1
2021/9/6, 21, 37, 10, 2
2021/9/7, 35, 46, 10, 1
2021/9/8, 43, 42, 9, 2
2021/9/9, 36, 44, 8, 2
2021/9/10, 36, 52, 8, 2
2021/9/11, 41, 34, 3, 1
2021/9/12, 28, 32, 9, 1
2021/9/13, 31, 26, 12, 1
2021/9/14, 31, 37, 10, 1
2021/9/15, 38, 22, 8, 1
2021/9/16, 41, 19, 4, 1
2021/9/17, 16, 13, 3, 1
2021/9/18, 9, 18, 5, 2
2021/9/19, 15, 13, 12, 3
2021/9/20, 23, 23, 7, 1
2021/9/21, 19, 19, 10, 2
2021/9/22, 18, 31, 4, 2
2021/9/23, 22, 28, 3, 1
2021/9/24, 22, 21, 4, 1
2021/9/25, 22, 20, 5, 1
2021/9/26, 23, 25, 5, 
2021/9/27, 25, 19, 6, 1
2021/9/28, 26, 16, 6, 1
2021/9/29, 33, 22, 8, 1
2021/9/30, 33, 26, 7, 1
2021/4/1, 47, 31, 6, 2
2021/4/2, 23, 31, 2, 1
2021/4/3, 14, 34, 2, 1
2021/4/4, 15, 34, 1, 1
2021/4/5, 17, 27, 4, 2
2021/4/6, 23, 28, 4, 1
2021/4/7, 19, 22, 4, 1
2021/4/8, 19, 37, 6, 3
2021/4/9, 37, 39, 8, 3
2021/4/10, 45, 43, 6, 3
2021/4/11, 38, 29, 6, 2
2021/4/12, 30, 24, 11, 2
2021/4/13, 13, 27, 10, 2
2021/4/14, 17, 19, 9, 2
2021/4/15, 10, 22, 7, 1
2021/4/16, 15, 16, 5, 1
2021/4/17, 37, 29, 5, 2
2021/4/18, 36, 43, 13, 3
2021/4/19, 45, 41, 15, 3
2021/4/20, 47, 42, 6, 2
2021/4/21, 47, 32, 6, 2
2021/4/22, 28, 30, 3, 1
2021/4/23, 26, 33, 3, 2
2021/4/24, 20, 34, 3, 2
2021/4/25, 21, 29, 7, 2
2021/4/26, 23, 33, 8, 3
2021/4/27, 33, 44, 7, 2
2021/4/28, 34, 39, 8, 5
2021/4/29, 45, 38, 5, 1
2021/4/30, 29, 23, 7, 2
2021/5/1, 33, 33, 3, 1
2021/5/2, 16, 34, 1, 1
2021/5/3, 13, 43, 3, 2
2021/5/4, 20, 34, 2, 2
2021/5/5, 13, 35, 5, 2
2021/5/6, 24, 27, 10, 2
2021/5/7, 20, 37, 3, 1
2021/5/8, 19, 43, 3, 2
2021/5/9, 20, 44, 3, 1
2021/5/10, 19, 50, 5, 2
2021/5/11, 31, 47, 5, 2
2021/5/12, 41, 44, 9, 2
2021/5/13, 27, 26, 5, 1
2021/5/14, 35, 42, 2, 1
2021/5/15, 13, 32, 1, 1
2021/5/16, 11, 28, 6, 2
2021/5/17, 12, 27, 5, 1
2021/5/18, 8, 32, 8, 1
2021/5/19, 13, 36, 6, 2
2021/5/20, 15, 41, 2, 1
2021/5/21, 16, 29, 2, 1
2021/5/22, 9, 35, 1, 1
2021/5/23, 11, 36, 3, 1
2021/5/24, 13, 32, 3, 1
2021/5/25, 15, 35, 3, 1
2021/5/26, 17, 37, 5, 1
2021/5/27, 21, 32, 5, 1
2021/5/28, 19, 32, 5, 1
2021/5/29, 13, 31, 4, 1
2021/5/30, 11, 32, 12, 2
2021/5/31, 21, 37, 9, 2
2021/6/1, 35, 37, 8, 1
2021/6/2, 27, 7, 13, 2
2021/6/3, 32, , , 
2021/6/7, 27, 39, 12, 3
2021/6/8, 31, 40, 9, 2
2021/6/9, 29, 41, 11, 2
2021/6/10, 31, 38, 11, 2
2021/6/11, 32, 43, 4, 2
2021/6/12, 27, 28, 1, 1
2021/6/13, 14, 33, 7, 2
2021/6/14, 21, 43, 11, 2
2021/6/15, 33, 46, 10, 1
2021/6/16, 36, 51, 6, 
2021/6/17, 33, 48, 6, 1
2021/6/18, 28, 45, 3, 
2021/6/19, 29, 45, 3, 1
2021/6/20, 19, 46, 5, 1
2021/6/21, 45, 44, 9, 1
2021/6/22, 45, 26, 9, 1
2021/6/23, 38, 40, 7, 1
2021/6/24, 28, 25, 8, 1
2021/6/25, 19, 35, 6, 1
2021/6/26, 22, 38, 7, 1
2021/6/27, 23, 37, 10, 1
2021/6/28, 25, 41, 7, 1
2021/6/29, 23, 44, 4, 1
2021/6/30, 19, 36, 4, 1
2021/1/4, 53, 5, 6, 2
2021/1/5, 18, 6, 6, 3
2021/1/6, 35, 7, 7, 4
2021/1/7, 30, 8, 9, 7
2021/1/8, 74, 6, 6, 3
2021/1/9, 39, 5, 5, 3
2021/1/10, 43, 10, 8, 5
2021/1/11, 56, 12, 9, 5
2021/1/12, 50, 19, 8, 2
2021/1/13, 28, 16, 11, 5
2021/1/14, 33, 17, 10, 4
2021/1/15, 29, 23, 3, 2
2021/1/16, 20, 15, 10, 9
2021/1/17, 64, 11, 16, 10
2021/1/18, 100, 17, 16, 9
2021/1/19, 64, 16, 8, 5
2021/1/20, 39, 21, 8, 6
2021/1/21, 43, 19, 10, 7
2021/1/22, 46, 18, 6, 4
2021/1/23, 31, 18, 7, 4
2021/1/24, 44, 24, 7, 2
2021/1/25, 21, 19, 6, 2
2021/1/26, 24, 21, 7, 2
2021/1/27, 19, 17, 10, 4
2021/1/28, 49, 18, 12, 5
2021/1/29, 39, 23, 8, 5
2021/1/30, 38, 22, 8, 7
2021/1/31, 49, 18, 16, 9
2021/2/1, 69, 17, 11, 8
2021/2/2, 68, 17, 9, 5
2021/2/3, 49, 18, 7, 3
2021/2/4, 13, 18, 11, 5
2021/2/5, 40, 14, 7, 4
2021/2/6, 39, , , 
2021/2/8, 42, 16, 10, 5
2021/2/9, 60, 18, 19, 11
2021/2/10, 93, 22, 13, 5
2021/2/11, 47, 25, 12, 4
2021/2/12, 36, 29, 4, 2
2021/2/13, 24, 28, 3, 1
2021/2/14, 28, 24, 7, 2
2021/2/15, 41, 20, 16, 9
2021/2/16, 73, 9, 14, 5
2021/2/17, 52, 26, 13, 4
2021/2/18, 67, 21, 13, 5
2021/2/19, 61, 24, 12, 7
2021/2/20, 61, 30, 7, 5
2021/2/21, 56, 23, 15, 6
2021/2/22, 69, 13, 13, 6
2021/2/23, 66, 15, 16, 9
2021/2/24, 87, 23, 14, 7
2021/2/25, 90, 21, 11, 4
2021/2/26, 55, 27, 2, 1
2021/2/27, 16, 23, 2, 1
2021/2/28, 23, 19, 6, 
2021/3/1, 27, 19, 10, 2
2021/3/2, 54, 23, 15, 6
2021/3/3, 92, 14, 9, 3
2021/3/4, 43, 26, 6, 3
2021/3/5, 16, 29, 5, 2
2021/3/6, 32, 29, 1, 1
2021/3/7, 16, 25, 11, 2
2021/3/8, 22, 22, 16, 6
2021/3/9, 60, 28, 13, 7
2021/3/10, 58, 25, 8, 5
2021/3/11, 48, 26, 5, 3
2021/3/12, 24, 36, 2, 2
2021/3/13, 18, 32, 1, 2
2021/3/14, 12, 21, 11, 4
2021/3/15, 48, 20, 15, 5
2021/3/16, 49, 23, 9, 4
2021/3/17, 20, 25, 13, 5
2021/3/18, 40, 24, 10, 3
2021/3/19, 34, 24, 5, 2
2021/3/20, 19, 21, 3, 2
2021/3/21, 22, 28, 11, 3
2021/3/22, 29, 28, 6, 2
2021/3/23, 25, 22, 9, 2
2021/3/24, 31, 30, 15, 4
2021/3/25, 61, 34, 13, 5
2021/3/26, 65, 37, 6, 2
2021/3/27, 40, 34, 5, 3
2021/3/28, 36, 27, 6, 2
2021/3/29, 33, 22, 11, 2
2021/3/30, 34, 37, 15, 2
2021/3/31, 49, 45, 10, 2
2020/10/1, 73, 8, 5, 1
2020/10/2, 39, 27, 2, 1
2020/10/3, 21, 25, 3, 1
2020/10/4, 20, 22, 7, 1
2020/10/5, 14, 22, 5, 1
2020/10/6, 12, 17, 9, 2
2020/10/7, 27, 17, 9, 1
2020/10/8, 28, 11, 9, 1
2020/10/9, 31, 19, 5, 2
2020/10/10, 21, 21, 7, 3
2020/10/11, 27, 16, 14, 4
2020/10/12, 25, 18, 8, 2
2020/10/13, 11, 11, 6, 2
2020/10/14, 18, 5, 10, 2
2020/10/15, 27, 7, 10, 1
2020/10/16, 28, 11, 6, 1
2020/10/17, 12, 22, 2, 2
2020/10/18, 16, 18, 7, 2
2020/10/19, 24, 24, 8, 2
2020/10/20, 28, 23, 7, 3
2020/10/21, 30, 20, 7, 2
2020/10/22, 38, 16, 10, 3
2020/10/23, 46, 23, 7, 2
2020/10/24, 34, 19, 4, 2
2020/10/25, 27, 13, 6, 2
2020/10/26, 27, 11, 9, 2
2020/10/27, 37, 14, 9, 3
2020/10/28, 31, 14, 6, 2
2020/10/29, 21, 14, 8, 3
2020/10/30, 29, 17, 6, 2
2020/10/31, 25, 15, 5, 2
2020/11/1, 29, 5, 6, 2
2020/11/2, 25, 10, 8, 2
2020/11/3, 43, 8, 12, 2
2020/11/4, 38, 15, 9, 2
2020/11/5, 30, 15, 6, 1
2020/11/6, 19, 7, 7, 4
2020/11/7, 28, 13, 7, 2
2020/11/8, 38, 15, 7, 1
2020/11/9, 34, 14, 7, 2
2020/11/10, 30, 14, 6, 4
2020/11/11, 34, 10, 7, 3
2020/11/12, 31, 6, 9, 5
2020/11/13, 52, 7, 7, 4
2020/11/14, 47, 13, 6, 4
2020/11/15, 40, 11, 7, 3
2020/11/16, 37, 9, 9, 4
2020/11/17, 43, 10, 8, 3
2020/11/18, 39, 21, 5, 2
2020/11/19, 22, 21, 9, 2
2020/11/20, 30, 19, 7, 3
2020/11/21, 45, 22, 4, 3
2020/11/22, 23, 12, 6, 4
2020/11/23, 24, 9, 12, 4
2020/11/24, 54, 15, 11, 5
2020/11/25, 51, 10, 8, 3
2020/11/26, 45, 17, 10, 2
2020/11/27, 46, 12, 6, 2
2020/11/28, 14, , , 
2020/11/30, 63, 9, 11, 4
2020/12/1, 53, 13, 8, 4
2020/12/2, 44, 12, 9, 5
2020/12/3, 45, 20, 5, 4
2020/12/4, 25, 21, 4, 3
2020/12/5, 23, 15, 3, 3
2020/12/6, 26, 12, 5, 6
2020/12/7, 29, 12, 6, 5
2020/12/8, 34, 12, 6, 4
2020/12/9, 43, 12, 6, 3
2020/12/10, 40, 4, 8, 4
2020/12/11, 54, , , 
2020/12/14, 55, 9, 9, 4
2020/12/15, 45, 4, 10, 6
2020/12/16, 59, 8, 10, 6
2020/12/17, 52, , 9, 5
2020/12/18, 52, , , 
2020/12/20, 37, , 7, 4
2020/12/21, 48, 13, 7, 4
2020/12/22, 36, 14, 9, 2
2020/12/23, 26, 20, 3, 2
2020/12/24, 13, 21, , 1
2020/12/25, 7, 19, 2, 1
2020/12/26, 21, 20, 3, 3
2020/12/27, 24, 20, 3, 3
2020/12/28, 17, 19, 4, 4
2020/12/29, 27, 10, 14, 4
2020/12/30, 65, 10, 6, 2
2020/12/31, 43, 12, 5, 3
2021/1/1, 44, 6, 8, 4
2021/1/2, 64, 8, 6, 2
2021/1/3, 54, 9, 7, 2
2020/7/1, 18, 31, 3, 
2020/7/2, 17, 31, 4, 
2020/7/3, 15, 40, 4, 
2020/7/4, 16, 31, 1, 1
2020/7/5, 14, 24, 3, 1
2020/7/6, 12, 27, 4, 1
2020/7/7, 13, 27, 3, 1
2020/7/8, 15, 27, 4, 
2020/7/9, 16, 40, 3, 1
2020/7/10, 21, 21, 2, 1
2020/7/11, 14, 27, 2, 
2020/7/12, 12, 22, 4, 
2020/7/13, 11, 34, 4, 1
2020/7/14, 15, 42, 5, 2
2020/7/15, 18, 25, 4, 1
2020/7/16, 12, 32, 5, 
2020/7/17, 12, 36, 5, 
2020/7/18, 21, 34, 3, 
2020/7/19, 19, 37, 7, 1
2020/7/20, 19, 30, 5, 1
2020/7/21, 15, 28, 8, 1
2020/7/22, 15, 30, 9, 1
2020/7/23, 15, 44, 6, 1
2020/7/24, 20, 34, 4, 1
2020/7/25, 18, 40, 2, 1
2020/7/26, 14, 39, 6, 1
2020/7/27, 20, 43, 6, 1
2020/7/28, 23, 35, 7, 1
2020/7/29, 19, 39, 9, 1
2020/7/30, 26, 35, 6, 1
2020/7/31, 23, 30, 5, 1
2020/8/1, 15, 37, 4, 1
2020/8/2, 19, 25, 9, 1
2020/8/3, 26, 17, 10, 1
2020/8/4, 17, 30, 8, 1
2020/8/5, 21, 38, 8, 1
2020/8/6, 28, 43, 6, 1
2020/8/7, 31, 44, 6, 
2020/8/8, 34, 44, 5, 
2020/8/9, 26, 39, 11, 1
2020/8/10, 29, 28, 13, 1
2020/8/11, 30, 32, 8, 1
2020/8/12, 22, 48, 9, 1
2020/8/13, 3, 52, 6, 1
2020/8/14, 6, 40, 4, 1
2020/8/15, 4, 39, 3, 1
2020/8/16, 4, 37, 6, 1
2020/8/17, 3, 38, 9, 2
2020/8/18, 16, 29, 10, 2
2020/8/19, 17, 37, 11, 1
2020/8/20, 26, 57, 9, 2
2020/8/21, 25, 44, 4, 1
2020/8/22, 23, 28, 4, 1
2020/8/23, 16, 31, 8, 1
2020/8/24, 17, 32, 7, 1
2020/8/25, 19, 32, 5, 2
2020/8/26, 21, 28, 2, 
2020/8/27, 16, 34, 5, 2
2020/8/28, 15, 26, 5, 1
2020/8/29, 17, 20, 4, 
2020/8/30, 13, 23, 6, 
2020/8/31, 15, 17, 8, 1
2020/9/1, 10, 17, 7, 1
2020/9/2, 12, 26, 6, 
2020/9/3, 17, 25, 6, 
2020/9/4, 21, 32, 4, 
2020/9/5, 15, 30, 5, 
2020/9/6, 16, 25, 7, 
2020/9/7, 22, 35, 6, 2
2020/9/8, 20, 40, 6, 1
2020/9/9, 21, 23, 7, 1
2020/9/10, 19, 30, 11, 3
2020/9/11, 29, 35, 9, 1
2020/9/12, 30, 32, 5, 
2020/9/13, 22, 36, 12, 
2020/9/14, 34, 38, 8, 
2020/9/15, 35, 45, 5, 1
2020/9/16, 39, 22, 8, 2
2020/9/17, 22, 23, 8, 1
2020/9/18, 23, 29, 8, 1
2020/9/19, 27, 31, 7, 1
2020/9/20, 23, 29, 10, 1
2020/9/21, 36, 39, 11, 2
2020/9/22, 46, 38, 10, 4
2020/9/23, 40, 34, 9, 1
2020/9/24, 38, 26, 8, 1
2020/9/25, 23, 21, 4, 1
2020/9/26, 14, 16, 3, 1
2020/9/27, 13, 14, 6, 1
2020/9/28, 13, 12, 10, 2
2020/9/29, 27, 18, 10, 2
2020/9/30, 28, 7, 9, 1
2020/4/1, 27, 34, 9, 4
2020/4/2, 36, 32, 7, 4
2020/4/3, 35, 35, 11, 6
2020/4/4, 44, 38, 7, 4
2020/4/5, 41, 42, 8, 4
2020/4/6, 35, 45, 11, 3
2020/4/7, 44, 43, 14, 4
2020/4/8, 38, 45, 6, 2
2020/4/9, 35, 35, 7, 2
2020/4/10, 26, 37, 6, 3
2020/4/11, 32, 45, 3, 2
2020/4/12, 24, 33, 1, 1
2020/4/13, 20, 31, 2, 1
2020/4/14, 16, 33, 3, 2
2020/4/15, 30, 42, 5, 2
2020/4/16, 35, 35, 8, 3
2020/4/17, 23, 37, 4, 4
2020/4/18, 18, 34, 2, 2
2020/4/19, 15, 33, 8, 2
2020/4/20, 23, 38, 6, 3
2020/4/21, 25, 36, 17, 5
2020/4/22, 49, 37, 16, 5
2020/4/23, 41, 50, 8, 4
2020/4/24, 35, 37, 2, 2
2020/4/25, 28, 37, 4, 3
2020/4/26, 21, 44, 8, 2
2020/4/27, 27, 50, 7, 2
2020/4/28, 29, 24, 12, 3
2020/4/29, 32, 37, 6, 3
2020/4/30, 18, 27, 4, 2
2020/5/1, 18, 34, 3, 1
2020/5/2, 14, 30, 2, 1
2020/5/3, 12, 36, 7, 2
2020/5/4, 26, 33, 5, 1
2020/5/5, 9, 31, 6, 1
2020/5/6, 12, 35, 4, 1
2020/5/7, 16, 42, 8, 2
2020/5/8, 27, 43, 8, 2
2020/5/9, 24, 49, 5, 2
2020/5/10, 21, 40, 6, 2
2020/5/11, 19, 25, 4, 1
2020/5/12, 10, 32, 5, 2
2020/5/13, 18, 31, 8, 2
2020/5/14, 19, 37, 7, 2
2020/5/15, 20, 36, 6, 3
2020/5/16, 25, 39, 3, 1
2020/5/17, 19, 34, 6, 2
2020/5/18, 18, 33, 7, 2
2020/5/19, 20, 29, 8, 2
2020/5/20, 12, 29, 7, 2
2020/5/21, 13, 33, 9, 2
2020/5/22, 21, 36, 5, 2
2020/5/23, 24, 30, 1, 1
2020/5/24, 13, 26, 3, 1
2020/5/25, 9, 27, 3, 
2020/5/26, 14, 39, 5, 1
2020/5/27, 18, 33, 7, 1
2020/5/28, 20, 31, 2, 1
2020/5/29, 12, 30, 1, 1
2020/5/30, 11, 25, 2, 1
2020/5/31, 15, 31, 7, 1
2020/6/1, 16, 32, 12, 3
2020/6/2, 15, 23, 11, 2
2020/6/3, 22, 38, 7, 2
2020/6/4, 21, 28, 4, 1
2020/6/5, 15, 27, 3, 
2020/6/6, 12, 29, 3, 
2020/6/7, 14, 20, 8, 1
2020/6/8, 14, 20, 11, 4
2020/6/9, 21, 18, 9, 2
2020/6/10, 22, 36, 3, 1
2020/6/11, 26, 45, 6, 
2020/6/12, 24, 42, 2, 
2020/6/13, 28, 34, 2, 
2020/6/14, 11, 31, 8, 
2020/6/15, 18, 36, 10, 1
2020/6/16, 22, 42, 11, 1
2020/6/17, 25, 30, 8, 
2020/6/18, 24, 27, 7, 
2020/6/19, 21, 20, 2, 
2020/6/20, 23, 32, 1, 
2020/6/21, 22, 24, 2, 
2020/6/22, 14, 32, 2, 
2020/6/23, 13, 15, 5, 
2020/6/24, 15, 29, 4, 
2020/6/25, 20, 29, 5, 
2020/6/26, 22, 46, 4, 
2020/6/27, 18, 47, 1, 1
2020/6/28, 21, 21, 4, 
2020/6/29, 16, 38, 3, 1
2020/6/30, 18, 34, 3, 1
2020/1/1, 23, 8, 12, 11
2020/1/2, 50, 13, 7, 4
2020/1/3, 31, 12, 2, 1
2020/1/4, 12, 5, 5, 3
2020/1/5, 27, 11, 5, 4
2020/1/6, 38, 10, 12, 7
2020/1/7, 51, 14, 8, 3
2020/1/8, 29, 13, 9, 3
2020/1/9, 34, 15, 7, 3
2020/1/10, 33, 19, 4, 2
2020/1/11, 13, 19, 3, 2
2020/1/12, 23, 16, 8, 5
2020/1/13, 32, 14, 9, 5
2020/1/14, 47, 27, 7, 5
2020/1/15, 39, 20, 12, 6
2020/1/16, 65, 13, 10, 4
2020/1/17, 54, 17, 9, 5
2020/1/18, 44, 11, 9, 3
2020/1/19, 47, 21, 7, 3
2020/1/20, 32, 16, 8, 5
2020/1/21, 30, 17, 6, 1
2020/1/22, 19, 18, 8, 4
2020/1/23, 28, 15, 10, 5
2020/1/24, 44, 9, 8, 4
2020/1/25, 39, 7, 10, 8
2020/1/26, 65, 8, 13, 9
2020/1/27, 68, 22, 11, 7
2020/1/28, 43, 23, 6, 4
2020/1/29, 16, 22, 5, 3
2020/1/30, 13, 24, 4, 2
2020/1/31, 13, 20, 5, 6
2020/2/1, 26, 28, 2, 2
2020/2/2, 10, 23, 5, 2
2020/2/3, 16, 26, 8, 3
2020/2/4, 17, 24, 7, 2
2020/2/5, 17, 20, 4, 1
2020/2/6, 19, 20, 14, 7
2020/2/7, 33, 20, 12, 9
2020/2/8, 55, 32, 5, 5
2020/2/9, 35, 29, 2, 2
2020/2/10, 14, 29, 2, 2
2020/2/11, 11, 27, 3, 2
2020/2/12, 14, 25, 6, 4
2020/2/13, 23, 18, 9, 2
2020/2/14, 31, 23, 8, 5
2020/2/15, 40, 31, 3, 3
2020/2/16, 24, 29, 5, 4
2020/2/17, 23, 25, 4, 3
2020/2/18, 15, 24, 3, 2
2020/2/19, 17, 20, 6, 2
2020/2/20, 22, 25, 5, 3
2020/2/21, 22, 26, 4, 3
2020/2/22, 21, 31, 3, 2
2020/2/23, 14, 28, 4, 2
2020/2/24, 18, 23, 4, 3
2020/2/25, 13, 25, 6, 3
2020/2/26, 19, 23, 6, 3
2020/2/27, 27, 23, 11, 5
2020/2/28, 35, 27, 5, 5
2020/2/29, 26, 29, 3, 4
2020/3/1, 21, 14, 11, 5
2020/3/2, 32, 16, 8, 4
2020/3/3, 25, 26, 8, 4
2020/3/4, 28, 26, 12, 6
2020/3/5, 43, 24, 8, 3
2020/3/6, 28, 21, 4, 1
2020/3/7, 18, 25, 4, 1
2020/3/8, 24, 29, 11, 5
2020/3/9, 42, 27, 5, 3
2020/3/10, 26, 30, 3, 1
2020/3/11, 13, 27, 3, 1
2020/3/12, 16, 28, 3, 2
2020/3/13, 13, 28, 6, 3
2020/3/14, 17, 33, 4, 3
2020/3/15, 23, 33, 5, 3
2020/3/16, 29, 30, 13, 6
2020/3/17, 55, 35, 11, 5
2020/3/18, 47, 28, 9, 3
2020/3/19, 33, 25, 12, 2
2020/3/20, 33, 27, 4, 1
2020/3/21, 11, 27, 5, 2
2020/3/22, 15, 29, 9, 4
2020/3/23, 29, 33, 11, 6
2020/3/24, 42, 37, 8, 4
2020/3/25, 38, 35, 7, 3
2020/3/26, 39, 40, 10, 5
2020/3/27, 53, 41, 14, 8
2020/3/28, 62, , , 
2019/10/1, 13, 19, 4, 1
2019/10/2, 12, 15, 5, 1
2019/10/3, 19, 13, 6, 1
2019/10/4, 22, 18, 4, 1
2019/10/5, 19, 24, 6, 3
2019/10/6, 24, 23, 10, 4
2019/10/7, 35, 18, 8, 3
2019/10/8, 28, 19, 6, 2
2019/10/9, 20, 21, 5, 2
2019/10/10, 14, 23, 3, 2
2019/10/11, 14, 28, 2, 1
2019/10/12, 17, 30, 4, 2
2019/10/13, 22, 29, 10, 2
2019/10/14, 31, 25, 11, 3
2019/10/15, 41, 23, 4, 2
2019/10/16, 21, 23, 9, 2
2019/10/17, 20, 26, 11, 2
2019/10/18, 35, 20, 8, 2
2019/10/19, 36, 26, 8, 4
2019/10/20, 34, 22, 15, 4
2019/10/21, 41, 16, 13, 2
2019/10/22, 58, 12, 9, 1
2019/10/23, 43, 14, 9, 2
2019/10/24, 45, 16, 12, 3
2019/10/25, 52, 26, 9, 2
2019/10/26, 40, 27, 3, 1
2019/10/27, 19, 21, 4, 2
2019/10/28, 16, 11, 9, 2
2019/10/29, 32, 10, 11, 4
2019/10/30, 64, 15, 12, 7
2019/10/31, 74, 8, 8, 4
2019/11/1, 52, 17, 5, 5
2019/11/2, 33, 13, 4, 4
2019/11/3, 21, 15, 6, 4
2019/11/4, 20, 18, 8, 4
2019/11/5, 23, 19, 8, 5
2019/11/6, 26, 11, 12, 5
2019/11/7, 52, 9, 10, 4
2019/11/8, 44, 13, 6, 4
2019/11/9, 27, 12, 6, 4
2019/11/10, 31, 11, 6, 3
2019/11/11, 42, 9, 10, 3
2019/11/12, 29, 8, 9, 2
2019/11/13, 36, 17, 6, 2
2019/11/14, 22, 9, 5, 2
2019/11/15, 31, 16, 7, 3
2019/11/16, 32, 15, 6, 4
2019/11/17, 34, 14, 7, 3
2019/11/18, 31, 16, 11, 4
2019/11/19, 34, 8, 8, 2
2019/11/20, 38, 16, 4, 2
2019/11/21, 22, 6, 4, 3
2019/11/22, 21, 6, 4, 3
2019/11/23, 32, 8, 3, 2
2019/11/24, 29, 2, 5, 3
2019/11/25, 33, 2, 7, 2
2019/11/26, 31, 7, 9, 3
2019/11/27, 35, 11, 10, 6
2019/11/28, 39, 16, 4, 2
2019/11/29, 12, 14, 5, 3
2019/11/30, 23, 10, 7, 5
2019/12/1, 37, 11, 10, 5
2019/12/2, 39, 12, 10, 3
2019/12/3, 27, 11, 8, 4
2019/12/4, 29, 13, 7, 4
2019/12/5, 36, 8, 7, 4
2019/12/6, 40, 11, 6, 3
2019/12/7, 19, 13, 3, 3
2019/12/8, 12, 10, 9, 5
2019/12/9, 35, 12, 8, 3
2019/12/10, 25, 9, 12, 5
2019/12/11, 40, 8, 13, 6
2019/12/12, 44, 6, 12, 5
2019/12/13, 37, 14, 6, 5
2019/12/14, 26, 17, 3, 4
2019/12/15, 16, 11, 12, 6
2019/12/16, 41, 5, 15, 7
2019/12/17, 55, 9, 10, 5
2019/12/18, 36, 3, 12, 4
2019/12/19, 52, 13, 8, 4
2019/12/20, 25, 12, 10, 6
2019/12/21, 48, 9, 5, 2
2019/12/22, 17, 6, 6, 1
2019/12/23, 20, 12, 5, 2
2019/12/24, 18, 8, 7, 4
2019/12/25, 35, 11, 2, 1
2019/12/26, 13, 10, 2, 1
2019/12/27, 11, , , 
2019/7/1, 29, 34, 5, 1
2019/7/2, 19, 32, 4, 1
2019/7/3, 14, 35, 5, 1
2019/7/4, 18, 30, 5, 2
2019/7/5, 18, 30, 3, 2
2019/7/6, 12, 31, 2, 2
2019/7/7, 11, 31, 2, 1
2019/7/8, 11, 27, 2, 1
2019/7/9, 11, 20, 3, 1
2019/7/10, 13, 22, 7, 1
2019/7/11, 13, 40, 5, 1
2019/7/12, 18, 33, 7, 2
2019/7/13, 17, 36, 3, 1
2019/7/14, 14, 38, 7, 1
2019/7/15, 12, 28, 3, 1
2019/7/16, 18, 27, 5, 1
2019/7/17, 14, 38, 9, 1
2019/7/18, 19, 43, 8, 1
2019/7/19, 24, 47, 4, 1
2019/7/20, 25, 39, 2, 1
2019/7/21, 17, 38, 4, 
2019/7/22, 18, 28, 3, 
2019/7/23, 15, 20, 6, 1
2019/7/24, 15, 35, 9, 1
2019/7/25, 22, 32, 5, 2
2019/7/26, 17, 30, 5, 2
2019/7/27, 20, 43, 6, 2
2019/7/28, 24, 54, 6, 2
2019/7/29, 27, 35, 7, 2
2019/7/30, 25, 32, 8, 2
2019/7/31, 22, 37, 8, 2
2019/8/1, 18, 29, 7, 1
2019/8/2, 17, 32, 8, 2
2019/8/3, 19, 32, 4, 1
2019/8/4, 14, 39, 8, 2
2019/8/5, 18, 49, 5, 2
2019/8/6, 20, 34, 5, 2
2019/8/7, 18, 38, 3, 1
2019/8/8, 15, 41, 10, 2
2019/8/9, 19, 38, 6, 2
2019/8/10, 21, 40, 3, 1
2019/8/11, 13, 39, 8, 2
2019/8/12, 23, 27, 4, 1
2019/8/13, 18, 34, 10, 1
2019/8/14, 15, 43, 6, 1
2019/8/15, 17, 33, 5, 1
2019/8/16, 16, 41, 6, 2
2019/8/17, 17, 22, 8, 4
2019/8/21, 13, 36, 10, 
2019/8/22, 17, 40, 9, 
2019/8/23, 17, 40, 9, 
2019/8/24, 21, 41, 4, 
2019/8/25, 20, 46, 8, 
2019/8/26, 33, 47, 9, 
2019/8/27, 42, 58, 8, 1
2019/8/28, 36, 59, 9, 2
2019/8/29, 35, 51, 13, 1
2019/8/30, 35, 46, 7, 
2019/8/31, 26, 53, 4, 1
2019/9/1, 26, 27, 7, 
2019/9/2, 13, 33, 6, 
2019/9/3, 15, 38, 8, 
2019/9/4, 18, 45, 5, 1
2019/9/5, 19, 30, 10, 1
2019/9/6, 17, 35, 6, 
2019/9/7, 24, 21, 4, 
2019/9/8, 19, 21, 6, 
2019/9/9, 19, 30, 4, 
2019/9/10, 10, 37, 11, 1
2019/9/11, 22, 41, 7, 
2019/9/12, 19, 27, 5, 
2019/9/13, 17, 28, 5, 
2019/9/14, 16, 35, 3, 1
2019/9/15, 17, 25, 3, 
2019/9/16, 20, 26, 2, 1
2019/9/17, 15, 24, 1, 
2019/9/18, 9, 17, 5, 
2019/9/19, 15, 19, 7, 
2019/9/20, 18, 20, 8, 3
2019/9/21, 29, 33, 9, 1
2019/9/22, 28, 24, 8, 1
2019/9/23, 32, 14, 6, 
2019/9/24, 34, 6, 11, 1
2019/9/25, 50, 9, 8, 1
2019/9/26, 32, 16, 7, 1
2019/9/27, 27, 19, 2, 1
2019/9/28, 12, 25, 2, 1
2019/9/29, 10, 24, 2, 1
2019/9/30, 8, 28, 2, 1
2019/4/1, 27, 38, 5, 2
2019/4/2, 31, 40, 6, 2
2019/4/3, 42, 44, 8, 3
2019/4/4, 49, 43, 11, 2
2019/4/5, 53, 38, 7, 2
2019/4/6, 45, 44, 9, 3
2019/4/7, 43, 45, 16, 2
2019/4/8, 48, 31, 9, 1
2019/4/9, 29, 30, 9, 2
2019/4/10, 23, 30, 10, 2
2019/4/11, 23, 29, 12, 3
2019/4/12, 29, 19, 11, 3
2019/4/13, 32, 39, 5, 3
2019/4/14, 22, 36, 14, 4
2019/4/15, 29, 38, 12, 3
2019/4/16, 35, 42, 18, 4
2019/4/17, 38, 48, 20, 3
2019/4/18, 44, 44, 20, 3
2019/4/19, 47, 35, 9, 3
2019/4/20, 32, , , 
2019/5/1, 22, 38, 3, 1
2019/5/2, 22, 37, 3, 1
2019/5/3, 19, 39, 4, 2
2019/5/4, 18, 32, 4, 2
2019/5/5, 9, 33, 10, 2
2019/5/6, 17, 33, 9, 2
2019/5/7, 21, 39, 9, 3
2019/5/8, 24, 29, 7, 2
2019/5/9, 21, 38, 6, 1
2019/5/10, 21, 40, 5, 2
2019/5/11, 17, 30, 6, 2
2019/5/12, 19, 25, 10, 2
2019/5/13, 10, 19, 9, 2
2019/5/14, 13, 14, 8, 1
2019/5/15, 14, 17, 8, 2
2019/5/16, 19, 22, 9, 2
2019/5/17, 28, 42, 6, 2
2019/5/18, 22, 36, 3, 1
2019/5/19, 19, 40, 7, 2
2019/5/20, 23, 25, 9, 2
2019/5/21, 19, 26, 11, 2
2019/5/22, 13, 16, 10, 3
2019/5/23, 18, 34, 9, 2
2019/5/24, 17, 51, 8, 3
2019/5/25, 20, 41, 3, 2
2019/5/26, 15, 47, 5, 2
2019/5/27, 19, 30, 5, 3
2019/5/28, 18, 27, 12, 4
2019/5/29, 12, 35, 11, 3
2019/5/30, 13, 43, 8, 1
2019/5/31, 21, 34, 8, 2
2019/6/1, 20, 38, 5, 2
2019/6/2, 19, 37, 8, 2
2019/6/3, 17, 41, 9, 2
2019/6/4, 22, 45, 6, 2
2019/6/5, 24, 43, 5, 2
2019/6/6, 21, 42, 7, 2
2019/6/7, 30, 41, 6, 2
2019/6/8, 30, 46, 4, 1
2019/6/9, 15, 44, 5, 2
2019/6/10, 24, 46, 6, 3
2019/6/11, 30, 49, 5, 3
2019/6/12, 29, 41, 8, 3
2019/6/13, 36, 42, 7, 2
2019/6/14, 30, 43, 4, 2
2019/6/15, 33, 40, 6, 3
2019/6/16, 21, 41, 7, 2
2019/6/17, 10, 42, 8, 1
2019/6/18, 18, 45, 7, 2
2019/6/19, 25, 41, 4, 3
2019/6/20, 25, 44, 4, 1
2019/6/21, 19, 41, 3, 
2019/6/22, 14, 41, 4, 
2019/6/23, 10, 48, 8, 
2019/6/24, 21, 44, 6, 
2019/6/25, 25, 63, 4, 2
2019/6/26, 31, 40, 9, 2
2019/6/27, 24, 32, 9, 2
2019/6/28, 16, 41, 6, 1
2019/6/29, 16, 55, 3, 2
2019/6/30, 19, 55, 7, 3
2019/1/1, 15, 26, 3, 
2019/1/2, 6, 24, 8, 2
2019/1/3, 9, 18, 9, 4
2019/1/4, 23, 23, 5, 3
2019/1/5, 8, 24, 7, 4
2019/1/6, 19, 11, 16, 14
2019/1/7, 82, 11, 11, 8
2019/1/8, 38, 11, 12, 6
2019/1/9, 45, 10, 13, 6
2019/1/10, 48, 19, 7, 4
2019/1/11, 38, 22, 5, 3
2019/1/12, 22, 20, 4, 4
2019/1/13, 13, 28, 3, 2
2019/1/14, 8, 26, 4, 1
2019/1/15, 13, 24, 6, 2
2019/1/16, 17, 17, 7, 3
2019/1/17, 24, 24, 5, 2
2019/1/18, 14, 17, 11, 7
2019/1/19, 50, 17, 13, 9
2019/1/20, 73, 16, 7, 3
2019/1/21, 59, 12, 15, 8
2019/1/22, 75, 21, 7, 4
2019/1/23, 40, 21, 8, 5
2019/1/24, 41, 18, 9, 4
2019/1/25, 39, 10, 14, 11
2019/1/26, 72, 16, 9, 6
2019/1/27, 52, 13, 15, 9
2019/1/28, 62, 14, 9, 4
2019/1/29, 33, 7, 17, 8
2019/1/30, 62, 7, 18, 9
2019/1/31, 80, 16, 14, 7
2019/2/1, 59, 22, 6, 6
2019/2/2, 25, 9, 8, 3
2019/2/3, 36, 13, 8, 2
2019/2/4, 22, 19, 12, 7
2019/2/5, 43, 18, 14, 9
2019/2/6, 46, 23, 14, 10
2019/2/7, 50, 24, 11, 8
2019/2/8, 44, 25, 9, 7
2019/2/9, 40, 28, 7, 8
2019/2/10, 37, 23, 5, 4
2019/2/11, 24, 24, 5, 2
2019/2/12, 19, 19, 6, 3
2019/2/13, 22, 16, 7, 2
2019/2/14, 21, 17, 10, 4
2019/2/15, 44, 20, 10, 6
2019/2/16, 42, 25, 11, 7
2019/2/17, 61, 15, 19, 8
2019/2/18, 89, 29, 10, 6
2019/2/19, 49, 23, 5, 2
2019/2/20, 19, 20, 6, 2
2019/2/21, 26, 25, 7, 3
2019/2/22, 14, 25, 10, 5
2019/2/23, 32, 27, 5, 5
2019/2/24, 35, 21, 8, 4
2019/2/25, 36, 25, 10, 3
2019/2/26, 20, 29, 9, 4
2019/2/27, 31, 23, 9, 5
2019/2/28, 38, 17, 11, 3
2019/3/1, 34, 31, 9, 6
2019/3/2, 32, 22, 5, 3
2019/3/3, 35, 34, 3, 2
2019/3/4, 15, 30, 3, 2
2019/3/5, 14, 28, 5, 2
2019/3/6, 20, 27, 6, 4
2019/3/7, 30, 30, 3, 2
2019/3/8, 23, 29, 3, 2
2019/3/9, 14, 35, 3, 2
2019/3/10, 15, 29, 4, 1
2019/3/11, 13, 26, 6, 3
2019/3/12, 25, 28, 8, 5
2019/3/13, 31, 28, 5, 4
2019/3/14, 20, 27, 4, 2
2019/3/15, 15, 33, 3, 2
2019/3/16, 17, 35, 4, 2
2019/3/17, 22, 33, 5, 1
2019/3/18, 15, 25, 8, 1
2019/3/19, 33, 32, 11, 2
2019/3/20, 47, 24, 8, 1
2019/3/21, 32, 15, 10, 1
2019/3/22, 40, 27, 11, 3
2019/3/23, 40, 34, 6, 1
2019/3/24, 20, 28, 11, 2
2019/3/25, 32, 29, 5, 1
2019/3/26, 17, 33, 5, 1
2019/3/27, 16, 27, 12, 2
2019/3/28, 29, 26, 9, 2
2019/3/29, 34, 34, 8, 2
2019/3/30, 36, 36, 6, 2
2019/3/31, 35, 31, 11, 2
2018/10/1, 41, 24, 5, 2
2018/10/2, 27, 23, 3, 2
2018/10/3, 11, 25, 8, 2
2018/10/4, 27, 27, 11, 3
2018/10/5, 36, 41, 10, 4
2018/10/6, 43, 38, 5, 3
2018/10/7, 35, 20, 15, 3
2018/10/8, 35, 26, 17, 5
2018/10/9, 58, 27, 17, 4
2018/10/10, 65, 24, 15, 3
2018/10/11, 50, 36, 19, 5
2018/10/12, 57, 36, 16, 3
2018/10/13, 54, 32, 10, 2
2018/10/14, 48, 27, 16, 5
2018/10/15, 45, 29, 22, 7
2018/10/16, 64, 31, 26, 5
2018/10/17, 70, 29, 24, 4
2018/10/18, 75, 14, 15, 3
2018/10/19, 61, 18, 9, 1
2018/10/20, 43, 24, 11, 2
2018/10/21, 27, 22, 11, 2
2018/10/22, 33, 19, 6, 1
2018/10/23, 12, 26, 4, 2
2018/10/24, 8, 27, 4, 3
2018/10/25, 11, 26, 8, 4
2018/10/26, 28, 18, 7, 3
2018/10/27, 31, 18, 5, 3
2018/10/28, 24, 10, 8, 2
2018/10/29, 23, 22, 7, 3
2018/10/30, 33, 23, 18, 5
2018/10/31, 42, 7, 13, 4
2018/11/1, 40, 17, 17, 6
2018/11/2, 64, , , 
2018/11/5, 59, 18, 15, 5
2018/11/6, 51, 16, 11, 4
2018/11/7, 53, 13, 16, 6
2018/11/8, 82, 3, 12, 3
2018/11/9, 62, 13, 14, 5
2018/11/10, 67, 7, 9, 3
2018/11/11, 63, 14, 11, 4
2018/11/12, 52, 17, 11, 5
2018/11/13, 44, 18, 7, 3
2018/11/14, 19, 12, 16, 3
2018/11/15, 33, 15, 7, 3
2018/11/16, 29, 14, 13, 6
2018/11/17, 46, 5, 13, 10
2018/11/18, 70, 13, 8, 6
2018/11/19, 30, 18, 5, 4
2018/11/20, 28, 20, 6, 2
2018/11/21, 33, 21, 10, 5
2018/11/22, 37, 7, 11, 7
2018/11/23, 56, 1, 9, 8
2018/11/24, 63, 4, 11, 14
2018/11/25, 79, 9, 11, 8
2018/11/26, 48, 8, 15, 7
2018/11/27, 53, 12, 17, 5
2018/11/28, 62, 19, 8, 2
2018/11/29, 32, 17, 7, 2
2018/11/30, 32, 13, 12, 7
2018/12/1, 66, 13, 8, 5
2018/12/2, 55, 11, 8, 4
2018/12/3, 38, 18, 7, 4
2018/12/4, 24, 19, 8, 4
2018/12/5, 39, 12, 11, 7
2018/12/6, 59, 9, 6, 3
2018/12/7, 26, 24, 3, 3
2018/12/8, 22, 21, 3, 3
2018/12/9, 15, 22, 3, 1
2018/12/10, 12, 20, 8, 4
2018/12/11, 43, 6, 11, 3
2018/12/12, 44, 6, 7, 2
2018/12/13, 24, 11, 8, 3
2018/12/14, 34, 13, 5, 3
2018/12/15, 34, 12, 7, 4
2018/12/16, 34, 7, 15, 11
2018/12/17, 78, 2, 15, 8
2018/12/18, 78, 16, 10, 3
2018/12/19, 44, 12, 13, 6
2018/12/20, 52, 11, 11, 5
2018/12/21, 47, 25, 4, 2
2018/12/22, 8, 19, 4, 2
2018/12/23, 17, 20, 2, 
2018/12/24, 7, 18, 3, 1
2018/12/25, 13, 22, 2, 
2018/12/26, 9, 17, 4, 1
2018/12/27, 14, 19, 4, 1
2018/12/28, 9, 20, 5, 1
2018/12/29, 16, 19, 4, 2
2018/12/30, 15, , , 
2018/7/1, 10, 23, 6, 2
2018/7/2, 13, 38, 7, 2
2018/7/3, 19, 50, 14, 2
2018/7/4, 26, 73, 10, 3
2018/7/5, 33, 38, 12, 3
2018/7/6, 29, 42, 4, 1
2018/7/7, 21, 35, 5, 2
2018/7/8, 24, 34, 12, 1
2018/7/9, 23, 41, 12, 3
2018/7/10, 27, 41, 12, 4
2018/7/11, 28, 35, 6, 2
2018/7/12, 21, 28, 4, 2
2018/7/13, 19, 31, 2, 1
2018/7/14, 17, 37, 2, 1
2018/7/15, 21, 23, 4, 1
2018/7/16, 23, 23, 3, 1
2018/7/17, 13, 31, 3, 1
2018/7/18, 23, 24, 3, 1
2018/7/19, 23, 39, 3, 1
2018/7/20, 25, 49, 7, 1
2018/7/21, 29, 61, 8, 1
2018/7/22, 35, 50, 5, 1
2018/7/23, 26, 55, 9, 
2018/7/24, 40, 40, 9, 
2018/7/25, 31, 38, 10, 3
2018/7/26, 26, 26, 14, 4
2018/7/27, 29, , , 
2018/7/30, 30, 41, 12, 3
2018/7/31, 38, 44, 10, 3
2018/8/1, 33, 42, 16, 2
2018/8/2, 42, 45, 17, 2
2018/8/3, 35, 45, 12, 1
2018/8/4, 32, 41, 9, 2
2018/8/5, 19, 31, 9, 2
2018/8/6, 16, 44, 10, 1
2018/8/7, 24, 56, 8, 2
2018/8/8, 29, 54, 10, 10
2018/8/9, 38, 44, 6, 2
2018/8/10, 26, 16, 5, 1
2018/8/11, 12, , , 
2018/8/13, 28, 35, 9, 3
2018/8/14, 24, 33, 5, 3
2018/8/15, 15, 34, 10, 2
2018/8/16, 20, 38, 10, 2
2018/8/17, 26, 44, 11, 1
2018/8/18, 27, 48, 11, 2
2018/8/19, 26, 63, 11, 3
2018/8/20, 37, 27, 13, 5
2018/8/21, 20, 40, 11, 1
2018/8/22, 25, 55, 8, 3
2018/8/23, 35, 55, 9, 6
2018/8/24, 35, 28, 5, 1
2018/8/25, 18, 25, 6, 1
2018/8/26, 16, 31, 9, 3
2018/8/27, 17, 23, 11, 2
2018/8/28, 25, 35, 9, 1
2018/8/29, 27, 52, 9, 2
2018/8/30, 32, 38, 10, 2
2018/8/31, 25, 43, 11, 2
2018/9/1, 28, 44, 5, 2
2018/9/2, 28, 41, 9, 2
2018/9/3, 29, 39, 16, 3
2018/9/4, 35, 29, 17, 3
2018/9/5, 34, 32, 18, 3
2018/9/6, 38, 42, 17, 3
2018/9/7, 48, 32, 12, 2
2018/9/8, 37, 40, 11, 1
2018/9/9, 25, 45, 18, 3
2018/9/10, 31, 34, 14, 2
2018/9/11, 33, 49, 15, 2
2018/9/12, 34, 26, 11, 2
2018/9/13, 23, 18, 14, 1
2018/9/14, 20, 32, 8, 1
2018/9/15, 21, 31, 8, 1
2018/9/16, 17, 40, 16, 1
2018/9/17, 24, 42, 14, 2
2018/9/18, 35, 47, 11, 2
2018/9/19, 31, 56, 17, 2
2018/9/20, 42, 59, 11, 3
2018/9/21, 52, 29, 3, 1
2018/9/22, 24, 24, 4, 1
2018/9/23, 14, 26, 3, 1
2018/9/24, 10, 24, 6, 1
2018/9/25, 10, 29, 7, 1
2018/9/26, 21, 22, 9, 2
2018/9/27, 24, 19, 8, 2
2018/9/28, 22, 25, 10, 2
2018/9/29, 28, 29, 7, 3
2018/9/30, 22, 33, 15, 4
2018/4/1, 27, 35, 6, 3
2018/4/2, 35, 29, 16, 4
2018/4/3, 54, 23, 14, 5
2018/4/4, 49, 31, 7, 3
2018/4/5, 33, 28, 8, 3
2018/4/6, 34, 33, 12, 3
2018/4/7, 51, 25, 4, 3
2018/4/8, 33, 34, 10, 3
2018/4/9, 45, 38, 17, 3
2018/4/10, 54, 22, 9, 2
2018/4/11, 41, 27, 8, 2
2018/4/12, 49, 21, 10, 2
2018/4/13, 52, 31, 8, 1
2018/4/14, 30, 29, 7, 3
2018/4/15, 34, 19, 12, 3
2018/4/16, 51, 25, 9, 2
2018/4/17, 26, 29, 10, 2
2018/4/18, 35, 31, 12, 2
2018/4/19, 36, 27, 11, 4
2018/4/20, 28, 38, 8, 3
2018/4/21, 35, 33, 6, 2
2018/4/22, 23, 49, 11, 2
2018/4/23, 36, 41, 9, 3
2018/4/24, 27, 48, 6, 2
2018/4/25, 31, 35, 7, 3
2018/4/26, 21, 37, 6, 1
2018/4/27, 18, 49, 11, 2
2018/4/28, 28, 46, 6, 2
2018/4/29, 37, 46, 6, 2
2018/4/30, 37, 48, 5, 3
2018/5/1, 26, 40, 7, 2
2018/5/2, 27, 50, 4, 4
2018/5/3, 35, 36, 9, 4
2018/5/4, 20, 45, 10, 5
2018/5/5, 13, 44, 7, 2
2018/5/6, 16, 44, 17, 2
2018/5/7, 25, 45, 15, 2
2018/5/8, 35, 46, 10, 2
2018/5/9, 41, 42, 7, 2
2018/5/10, 39, 46, 11, 2
2018/5/11, 36, 51, 8, 1
2018/5/12, 30, 47, 4, 2
2018/5/13, 23, 41, 8, 2
2018/5/14, 27, 36, 8, 2
2018/5/15, 26, 34, 6, 1
2018/5/16, 20, 26, 9, 2
2018/5/17, 19, 28, 8, 2
2018/5/18, 24, 36, 9, 4
2018/5/19, 17, 41, 8, 2
2018/5/20, 18, 38, 10, 1
2018/5/21, 22, 46, 9, 3
2018/5/22, 25, 47, 13, 2
2018/5/23, 33, 46, 11, 2
2018/5/24, 25, 42, 15, 2
2018/5/25, 29, 45, 9, 2
2018/5/26, 25, 48, 5, 1
2018/5/27, 24, 46, 8, 2
2018/5/28, 35, 49, 8, 2
2018/5/29, 29, 56, 12, 2
2018/5/30, 35, 63, 12, 3
2018/5/31, 39, 52, 9, 1
2018/6/1, 37, 52, 3, 1
2018/6/2, 28, 38, 3, 2
2018/6/3, 36, 49, 8, 2
2018/6/4, 30, 41, 11, 3
2018/6/5, 28, 35, 7, 1
2018/6/6, 15, 47, 9, 1
2018/6/7, 21, 59, 12, 4
2018/6/8, 30, 65, 9, 2
2018/6/9, 33, 61, 5, 2
2018/6/10, 29, 46, 6, 2
2018/6/11, 26, 41, 14, 3
2018/6/12, 27, 33, 14, 3
2018/6/13, 23, 35, 13, 3
2018/6/14, 23, 39, 14, 4
2018/6/15, 22, 43, 10, 2
2018/6/16, 25, 45, 6, 1
2018/6/17, 24, 45, 13, 3
2018/6/18, 32, 38, 8, 3
2018/6/19, 26, 40, 9, 3
2018/6/20, 23, 53, 6, 1
2018/6/21, 35, 28, 3, 1
2018/6/22, 13, 25, 3, 1
2018/6/23, 15, 27, 2, 1
2018/6/24, 12, 27, 4, 1
2018/6/25, 20, 23, 8, 1
2018/6/26, 18, 35, 11, 2
2018/6/27, 23, 43, 9, 1
2018/6/28, 23, 41, 14, 5
2018/6/29, 28, 24, 7, 4
2018/6/30, 11, 23, 6, 3
2018/1/1, 31, 15, 9, 7
2018/1/2, 44, 20, 7, 5
2018/1/3, 22, 30, 5, 5
2018/1/4, 22, 23, 5, 5
2018/1/5, 21, 19, 11, 8
2018/1/6, 61, 17, 8, 5
2018/1/7, 41, 18, 17, 10
2018/1/8, 62, 19, 10, 8
2018/1/9, 37, 11, 10, 8
2018/1/10, 45, 6, 8, 5
2018/1/11, 45, 17, 5, 3
2018/1/12, 30, 21, 4, 3
2018/1/13, 24, 18, 4, 4
2018/1/14, 23, 16, 7, 6
2018/1/15, 35, 13, 5, 4
2018/1/16, 35, 18, 12, 10
2018/1/17, 39, 21, 8, 7
2018/1/18, 29, 21, 9, 7
2018/1/19, 33, 16, 13, 11
2018/1/20, 62, 15, 15, 11
2018/1/21, 68, 20, 13, 9
2018/1/22, 45, 19, 11, 8
2018/1/23, 49, 16, 14, 9
2018/1/24, 61, 22, 10, 10
2018/1/25, 50, 21, 16, 13
2018/1/26, 66, 7, 12, 8
2018/1/27, 69, 18, 6, 4
2018/1/28, 25, 19, 4, 2
2018/1/29, 9, 29, 3, 3
2018/1/30, 11, 21, 9, 6
2018/1/31, 41, 22, 9, 4
2018/2/1, 35, 18, 13, 8
2018/2/2, 62, 17, 14, 9
2018/2/3, 62, 22, 8, 4
2018/2/4, 42, 22, 10, 5
2018/2/5, 21, 25, 14, 11
2018/2/6, 61, 14, 15, 9
2018/2/7, 67, 11, 14, 8
2018/2/8, 65, 15, 16, 11
2018/2/9, 67, 11, 14, 9
2018/2/10, 73, 24, 10, 10
2018/2/11, 66, 18, 15, 13
2018/2/12, 85, 9, 20, 14
2018/2/13, 91, 14, 18, 7
2018/2/14, 63, 21, 12, 6
2018/2/15, 51, 19, 12, 9
2018/2/16, 59, 20, 10, 8
2018/2/17, 42, 26, 8, 4
2018/2/18, 29, 23, 13, 7
2018/2/19, 51, 28, 13, 10
2018/2/20, 58, 22, 14, 6
2018/2/21, 46, 22, 14, 9
2018/2/22, 52, 19, 17, 8
2018/2/23, 62, 28, 7, 5
2018/2/24, 41, 27, 6, 4
2018/2/25, 32, 24, 12, 8
2018/2/26, 50, 27, 14, 14
2018/2/27, 69, 25, 10, 7
2018/2/28, 44, 23, 15, 13
2018/3/1, 79, 26, 14, 12
2018/3/2, 72, 21, 18, 12
2018/3/3, 76, 34, 19, 22
2018/3/4, 113, 22, 19, 13
2018/3/5, 88, 19, 17, 9
2018/3/6, 78, 13, 13, 7
2018/3/7, 70, 14, 12, 6
2018/3/8, 47, 20, 10, 4
2018/3/9, 35, , , 
2018/3/12, 31, 19, 6, 4
2018/3/13, 21, 10, 8, 4
2018/3/14, 24, 13, 10, 2
2018/3/15, 42, 19, 8, 3
2018/3/16, 26, 30, 4, 4
2018/3/17, 30, 33, 3, 4
2018/3/18, 31, 32, 10, 7
2018/3/19, 49, 27, 18, 8
2018/3/20, 53, 26, 13, 6
2018/3/21, 35, 28, 8, 5
2018/3/22, 42, 15, 14, 5
2018/3/23, 57, 27, 16, 9
2018/3/24, 88, 36, 10, 5
2018/3/25, 59, 31, 11, 5
2018/3/26, 55, 19, 15, 3
2018/3/27, 27, 23, 9, 4
2018/3/28, 41, 22, 12, 4
2018/3/29, 45, 32, 14, 5
2018/3/30, 51, 18, 9, 4
2018/3/31, 53, 25, 4, 2
2017/10/1, 44, 40, 11, 3
2017/10/2, 41, 33, 7, 1
2017/10/3, 26, 24, 5, 2
2017/10/4, 18, 27, 6, 2
2017/10/5, 14, 29, 6, 2
2017/10/6, 15, 30, 4, 2
2017/10/7, 18, 38, 4, 1
2017/10/8, 11, 43, 5, 2
2017/10/9, 15, 53, 7, 3
2017/10/10, 20, , 8, 4
2017/10/11, 23, 23, 6, 2
2017/10/12, 17, 25, 5, 2
2017/10/13, 19, 20, 8, 5
2017/10/14, 34, 23, 6, 2
2017/10/15, 33, 30, 15, 3
2017/10/16, 45, 30, 14, 3
2017/10/17, 44, 33, 19, 4
2017/10/18, 60, 11, 18, 3
2017/10/19, 66, 16, 9, 1
2017/10/20, 44, 20, 11, 5
2017/10/21, 67, 14, 9, 5
2017/10/22, 46, 11, 11, 5
2017/10/23, 33, 12, 10, 4
2017/10/24, 39, 15, 9, 4
2017/10/25, 28, 23, 7, 5
2017/10/26, 19, 19, 8, 4
2017/10/27, 15, 24, 3, 4
2017/10/28, 10, 31, 2, 4
2017/10/29, 7, 26, 5, 4
2017/10/30, 9, 24, 8, 4
2017/10/31, 19, 13, 6, 4
2017/11/1, 27, 13, 9, 3
2017/11/2, 23, 16, 7, 2
2017/11/3, 20, 22, 8, 4
2017/11/4, 35, 22, 6, 4
2017/11/5, 29, 13, 11, 4
2017/11/6, 39, 13, 10, 2
2017/11/7, 40, 17, 8, 2
2017/11/8, 37, 11, 11, 5
2017/11/9, 50, 15, 9, 3
2017/11/10, 41, 28, 4, 2
2017/11/11, 11, 24, 7, 4
2017/11/12, 27, 12, 11, 3
2017/11/13, 29, 16, 11, 4
2017/11/14, 33, 11, 11, 7
2017/11/15, 43, 7, 14, 5
2017/11/16, 54, 13, 13, 5
2017/11/17, 45, 22, 7, 3
2017/11/18, 33, 24, 4, 3
2017/11/19, 15, 23, 6, 2
2017/11/20, 16, 12, 11, 5
2017/11/21, 43, 4, 13, 5
2017/11/22, 52, 8, 15, 6
2017/11/23, 53, 11, 13, 5
2017/11/24, 47, 14, 12, 5
2017/11/25, 44, 21, 7, 3
2017/11/26, 28, 11, 12, 6
2017/11/27, 48, 11, 16, 8
2017/11/28, 49, 12, 14, 6
2017/11/29, 51, 3, 16, 5
2017/11/30, 46, 14, 10, 4
2017/12/1, 33, 6, 10, 4
2017/12/2, 55, 8, 11, 7
2017/12/3, 63, 16, 8, 3
2017/12/4, 24, 21, 7, 2
2017/12/5, 18, 20, 5, 1
2017/12/6, 13, 21, 8, 4
2017/12/7, 28, 17, 9, 4
2017/12/8, 28, 18, 6, 5
2017/12/9, 24, 20, 4, 4
2017/12/10, 24, 24, 8, 6
2017/12/11, 25, 23, 6, 5
2017/12/12, 22, 19, 11, 7
2017/12/13, 37, 24, 7, 6
2017/12/14, 25, 21, 12, 5
2017/12/15, 36, 16, 10, 7
2017/12/16, 39, 11, 12, 11
2017/12/17, 63, 10, 11, 6
2017/12/18, 47, 14, 10, 6
2017/12/19, 35, 6, 12, 5
2017/12/20, 51, 15, 10, 4
2017/12/21, 33, 23, 5, 2
2017/12/22, 13, 22, 4, 2
2017/12/23, 14, 22, 2, 2
2017/12/24, 9, 23, 3, 4
2017/12/25, 11, 21, 6, 6
2017/12/26, 35, 17, 9, 6
2017/12/27, 35, 19, 8, 5
2017/12/28, 29, 15, 8, 6
2017/12/29, 28, 16, 11, 9
2017/12/30, 52, 24, 5, 5
2017/12/31, 34, 19, 5, 6
2017/7/1, 13, 28, 1, 2
2017/7/2, 12, 25, 6, 4
2017/7/3, 14, 29, 6, 3
2017/7/4, 15, 27, 9, 3
2017/7/5, 16, 30, 12, 4
2017/7/6, 16, 36, 14, 2
2017/7/7, 23, 41, 6, 1
2017/7/8, 23, 38, 5, 2
2017/7/9, 20, 46, 8, 3
2017/7/10, 24, 34, 4, 3
2017/7/11, 19, 40, 5, 2
2017/7/12, 20, 23, 4, 1
2017/7/13, 15, 30, 7, 2
2017/7/14, 19, 27, 11, 2
2017/7/15, 25, 37, 7, 2
2017/7/16, 20, 25, 6, 2
2017/7/17, 18, 32, 11, 3
2017/7/18, 24, 45, 8, 2
2017/7/19, 30, 39, 9, 2
2017/7/20, 26, 3, 14, 1
2017/7/21, 33, 40, 4, 1
2017/7/22, 23, 24, 3, 2
2017/7/23, 24, 34, 8, 3
2017/7/24, 24, 26, 8, 2
2017/7/25, 18, 32, 5, 2
2017/7/26, 12, 26, 3, 2
2017/7/27, 13, 32, 4, 2
2017/7/28, 15, 38, 5, 2
2017/7/29, 18, 49, 5, 2
2017/7/30, 23, 45, 10, 3
2017/7/31, 32, 69, 11, 4
2017/8/1, 36, 46, 9, 3
2017/8/2, 29, 50, 8, 3
2017/8/3, 30, 38, 5, 4
2017/8/4, 25, 46, 7, 3
2017/8/5, 27, 34, 5, 2
2017/8/6, 20, 35, 11, 2
2017/8/7, 21, 37, 8, 1
2017/8/8, 23, 49, 10, 3
2017/8/9, 28, 42, 10, 2
2017/8/10, 30, 56, 9, 3
2017/8/11, 34, 30, 4, 2
2017/8/12, 12, 27, 3, 2
2017/8/13, 12, 34, 8, 2
2017/8/14, 18, 39, 5, 1
2017/8/15, 17, 48, 9, 5
2017/8/16, 22, 32, 12, 2
2017/8/17, 18, 50, 8, 2
2017/8/18, 28, 33, 5, 2
2017/8/19, 20, 21, 5, 2
2017/8/20, 18, 23, 6, 4
2017/8/21, 14, 27, 4, 3
2017/8/22, 12, 25, 7, 4
2017/8/23, 13, 40, 12, 3
2017/8/24, 21, 39, 13, 4
2017/8/25, 33, 43, 13, 2
2017/8/26, 39, 39, 4, 2
2017/8/27, 28, 25, 11, 3
2017/8/28, 19, 34, 12, 2
2017/8/29, 25, 55, 14, 3
2017/8/30, 30, 57, 16, 5
2017/8/31, 37, 17, 13, 3
2017/9/1, 19, 24, 4, 2
2017/9/2, 7, 15, 5, 2
2017/9/3, 10, 26, 5, 3
2017/9/4, 9, 22, 5, 2
2017/9/5, 10, , , 
2017/9/10, 22, 26, 10, 2
2017/9/11, 25, 25, 6, 2
2017/9/12, 14, 26, 4, 3
2017/9/13, 13, 30, 4, 1
2017/9/14, 9, 25, 6, 1
2017/9/15, 13, 18, 11, 2
2017/9/16, 25, 21, 7, 2
2017/9/17, 16, 34, 7, 2
2017/9/18, 24, 27, 15, 4
2017/9/19, 32, 15, 19, 3
2017/9/20, 28, 23, 15, 4
2017/9/21, 22, 21, 11, 2
2017/9/22, 15, 15, 8, 1
2017/9/23, 30, 19, 5, 1
2017/9/24, 30, 20, 6, 1
2017/9/25, 23, 23, 9, 2
2017/9/26, 47, 34, 8, 2
2017/9/27, 36, 31, 9, 1
2017/9/28, 33, 23, 14, 3
2017/9/29, 53, 30, 9, 2
2017/9/30, 38, 33, 8, 2
2017/4/1, 36, 49, 8, 2
2017/4/2, 40, 23, 11, 2
2017/4/3, 32, 37, 16, 3
2017/4/4, 44, 37, 15, 4
2017/4/5, 48, 29, 8, 1
2017/4/6, 14, 33, 8, 1
2017/4/7, 13, 27, 5, 1
2017/4/8, 19, 28, 10, 2
2017/4/9, 48, 43, 10, 3
2017/4/10, 42, 31, 6, 1
2017/4/11, 24, 24, 6, 1
2017/4/12, 23, 30, 4, 1
2017/4/13, 13, 33, 3, 1
2017/4/14, 17, 34, 4, 1
2017/4/15, 27, 34, 4, 2
2017/4/16, 19, 35, 6, 4
2017/4/17, 36, 30, 8, 2
2017/4/18, 20, 30, 7, 2
2017/4/19, 17, 31, 10, 2
2017/4/20, 26, 34, 10, 4
2017/4/21, 52, 32, 3, 
2017/4/22, 16, 34, 3, 1
2017/4/23, 17, 36, 5, 2
2017/4/24, 23, 38, 9, 4
2017/4/25, 36, 27, 10, 2
2017/4/26, 23, 23, 14, 4
2017/4/27, 31, 17, 15, 4
2017/4/28, 26, 35, 5, 1
2017/4/29, 22, 34, 6, 3
2017/4/30, 26, 39, 4, 2
2017/5/1, 24, 33, 4, 2
2017/5/2, 21, 23, 3, 1
2017/5/3, 22, 19, 9, 2
2017/5/4, 37, 28, 11, 4
2017/5/5, 41, 33, 8, 3
2017/5/6, 44, 26, 2, 
2017/5/7, 30, 26, 9, 2
2017/5/8, 17, 26, 8, 2
2017/5/9, 13, 36, 8, 3
2017/5/10, 36, 38, 12, 5
2017/5/11, 44, 41, 7, 1
2017/5/12, 32, 41, 8, 2
2017/5/13, 34, 43, 10, 1
2017/5/14, 36, 32, 11, 1
2017/5/15, 33, 36, 14, 3
2017/5/16, 26, 44, 13, 
2017/5/17, 32, 48, 10, 1
2017/5/18, 31, 57, 9, 2
2017/5/19, 35, 42, 6, 1
2017/5/20, 39, 35, 3, 
2017/5/21, 18, 37, 12, 3
2017/5/22, 23, 44, 15, 2
2017/5/23, 39, 29, 8, 1
2017/5/24, 27, 33, 8, 3
2017/5/25, 19, 34, 9, 4
2017/5/26, 21, 39, 10, 3
2017/5/27, 19, 45, 7, 2
2017/5/28, 23, 50, 5, 2
2017/5/29, 23, 43, 10, 3
2017/5/30, 39, 33, 5, 3
2017/5/31, 23, 31, 7, 4
2017/6/1, 22, 36, 11, 4
2017/6/2, 25, 38, 6, 1
2017/6/3, 22, 51, 3, 1
2017/6/4, 22, 37, 5, 2
2017/6/5, 18, 35, 9, 1
2017/6/6, 26, 33, 4, 2
2017/6/7, 14, 37, 7, 1
2017/6/8, 19, 38, 8, 2
2017/6/9, 25, 30, 5, 1
2017/6/10, 21, 38, 4, 1
2017/6/11, 19, 40, 7, 2
2017/6/12, 24, 28, 4, 3
2017/6/13, 21, 23, 6, 3
2017/6/14, 18, 34, 6, 1
2017/6/15, 20, 43, 6, 1
2017/6/16, 20, 19, 2, 1
2017/6/17, 12, 36, 2, 
2017/6/18, 19, 27, 8, 3
2017/6/19, 23, 53, 9, 2
2017/6/20, 29, 33, 11, 3
2017/6/21, 18, 40, 13, 3
2017/6/22, 28, 38, 6, 3
2017/6/23, 24, 42, 5, 1
2017/6/24, 23, 39, 5, 2
2017/6/25, 23, 25, 5, 3
2017/6/26, 13, 39, 9, 2
2017/6/27, 26, 38, 6, 1
2017/6/28, 21, 48, 4, 1
2017/6/29, 23, 31, 2, 1
2017/6/30, 13, 33, 3, 2
2017/1/2, 34, 18, 7, 5
2017/1/3, 19, 25, 4, 3
2017/1/4, 11, 25, 7, 4
2017/1/5, 12, 22, 12, 8
2017/1/6, 20, 14, 17, 23
2017/1/7, 96, 16, 28, 34
2017/1/8, 208, 11, 31, 37
2017/1/9, 158, 14, 25, 25
2017/1/10, 122, 19, 20, 24
2017/1/11, 73, 23, 8, 6
2017/1/12, 25, 20, 10, 9
2017/1/13, 35, 22, 8, 7
2017/1/14, 30, 23, 8, 12
2017/1/15, 35, 15, 13, 9
2017/1/16, 49, 8, 20, 11
2017/1/17, 65, 17, 19, 14
2017/1/18, 70, 19, 9, 6
2017/1/19, 52, 15, 16, 14
2017/1/20, 63, 14, 10, 5
2017/1/21, 37, 19, 7, 7
2017/1/22, 42, 24, 21, 16
2017/1/23, 78, 12, 16, 11
2017/1/24, 77, 3, 13, 4
2017/1/25, 55, 14, 24, 17
2017/1/26, 93, 14, 31, 26
2017/1/27, 130, 34, 29, 23
2017/1/28, 125, 22, 24, 25
2017/1/29, 108, 31, 23, 23
2017/1/30, 97, 25, 28, 24
2017/1/31, 96, 12, 28, 18
2017/2/1, 109, 13, 28, 24
2017/2/2, 120, 23, 16, 13
2017/2/3, 51, 21, 9, 6
2017/2/4, 51, 20, 8, 6
2017/2/5, 55, 16, 16, 10
2017/2/6, 54, 24, 11, 7
2017/2/7, 48, 24, 7, 5
2017/2/8, 33, 21, 9, 6
2017/2/9, 49, 27, 11, 11
2017/2/10, 50, 31, 8, 8
2017/2/11, 43, 28, 5, 7
2017/2/12, 37, 27, 8, 6
2017/2/13, 44, 21, 16, 11
2017/2/14, 86, 15, 37, 23
2017/2/15, 200, 22, 36, 25
2017/2/16, 160, 10, 19, 12
2017/2/17, 86, 8, 11, 4
2017/2/18, 47, 22, 8, 7
2017/2/19, 41, 21, 7, 4
2017/2/20, 30, 27, 5, 4
2017/2/21, 12, 35, 6, 4
2017/2/22, 20, 34, 6, 4
2017/2/23, 20, 28, 3, 2
2017/2/24, 12, 27, 4, 4
2017/2/25, 27, 32, 3, 4
2017/2/26, 21, 28, 9, 7
2017/2/27, 40, 29, 8, 7
2017/2/28, 54, 29, 6, 5
2017/3/1, 32, 29, 5, 3
2017/3/2, 21, 30, 8, 4
2017/3/3, 31, 30, 9, 9
2017/3/4, 47, 31, 8, 5
2017/3/5, 42, 23, 15, 6
2017/3/6, 49, 15, 12, 5
2017/3/7, 49, 22, 8, 5
2017/3/8, 36, 14, 11, 5
2017/3/9, 57, 15, 15, 8
2017/3/10, 50, 24, 6, 3
2017/3/11, 23, 24, 6, 3
2017/3/12, 23, 18, 12, 6
2017/3/13, 33, 30, 17, 10
2017/3/14, 73, 27, 7, 5
2017/3/15, 42, 22, 9, 5
2017/3/16, 43, 25, 12, 5
2017/3/17, 47, 35, 4, 1
2017/3/18, 16, 33, 3, 1
2017/3/19, 17, 24, 6, 2
2017/3/20, 21, 24, 8, 4
2017/3/21, 37, 24, 16, 5
2017/3/22, 32, 26, 8, 3
2017/3/23, 34, 31, 17, 5
2017/3/24, 46, 32, 11, 4
2017/3/25, 45, 32, 8, 3
2017/3/26, 24, 34, 8, 5
2017/3/27, 38, 38, 9, 6
2017/3/28, 43, 36, 11, 7
2017/3/29, 52, 32, 9, 1
2017/3/30, 22, 35, 9, 2
2017/3/31, 31, 50, 9, 2
2016/10/1, 30, 29, 9, 2
2016/10/2, 31, 14, 12, 1
2016/10/3, 17, 23, 5, 2
2016/10/4, 15, 12, 8, 3
2016/10/5, 7, 7, 8, 2
2016/10/6, 34, 16, 12, 3
2016/10/7, 44, 6, 6, 3
2016/10/8, 13, 8, 4, 2
2016/10/9, 24, 8, 9, 3
2016/10/10, 21, 5, 6, 2
2016/10/11, 18, 13, 5, 2
2016/10/12, 17, 14, 9, 4
2016/10/13, 32, 22, 9, 3
2016/10/14, 34, 15, 5, 3
2016/10/15, 28, 16, 4, 2
2016/10/16, 25, 14, 7, 3
2016/10/17, 27, 9, 9, 4
2016/10/18, 37, 9, 11, 4
2016/10/19, 40, 5, 15, 4
2016/10/20, 49, 4, 10, 4
2016/10/21, 43, 11, 11, 5
2016/10/22, 50, 18, 9, 4
2016/10/23, 43, 8, 12, 5
2016/10/24, 45, 10, 12, 4
2016/10/25, 41, 11, 14, 4
2016/10/26, 32, 14, 16, 6
2016/10/27, 54, 18, 11, 4
2016/10/28, 41, 26, 3, 1
2016/10/29, 13, 24, 2, 1
2016/10/30, 13, 19, 6, 2
2016/10/31, 22, 11, 7, 3
2016/11/1, 33, 23, 4, 2
2016/11/2, 13, 17, 5, 2
2016/11/3, 13, 15, 12, 7
2016/11/4, 48, 16, 9, 5
2016/11/5, 36, 12, 8, 4
2016/11/6, 37, 12, 10, 3
2016/11/7, 33, 8, 15, 7
2016/11/8, 56, 11, 15, 7
2016/11/9, 55, 6, 15, 6
2016/11/10, 62, 11, 11, 5
2016/11/11, 42, 13, 12, 6
2016/11/12, 34, 9, 11, 5
2016/11/13, 38, 14, 12, 5
2016/11/14, 39, 17, 9, 6
2016/11/15, 45, 11, 11, 4
2016/11/16, 32, 8, 9, 5
2016/11/17, 32, 17, 10, 7
2016/11/18, 43, 22, 15, 6
2016/11/19, 55, 19, 6, 4
2016/11/20, 31, 19, 7, 4
2016/11/21, 28, 16, 9, 5
2016/11/22, 34, 9, 15, 8
2016/11/23, 54, 8, 15, 6
2016/11/24, 65, 8, 18, 6
2016/11/25, 43, 10, 9, 5
2016/11/26, 37, 21, 4, 2
2016/11/27, 20, 22, 8, 3
2016/11/28, 12, 18, 6, 3
2016/11/29, 20, 14, 9, 6
2016/11/30, 22, 26, 8, 2
2016/12/1, 12, 27, 5, 2
2016/12/2, 9, 20, 4, 3
2016/12/3, 18, 19, 4, 3
2016/12/4, 33, 17, 10, 6
2016/12/5, 44, 11, 11, 2
2016/12/6, 36, 15, 11, 5
2016/12/7, 50, 18, 7, 3
2016/12/8, 20, 15, 9, 1
2016/12/9, 21, 17, 5, 2
2016/12/10, 20, 26, 4, 2
2016/12/11, 16, 23, 9, 3
2016/12/12, 17, 11, 15, 10
2016/12/13, 68, 15, 9, 3
2016/12/14, 31, 18, 14, 4
2016/12/15, 20, 9, 19, 13
2016/12/16, 84, 8, 14, 9
2016/12/17, 76, 7, 10, 6
2016/12/18, 56, 5, 13, 3
2016/12/19, 28, 5, 11, 4
2016/12/20, 44, 10, 15, 8
2016/12/21, 67, 7, 12, 7
2016/12/22, 60, 8, 12, 5
2016/12/23, 44, 17, 9, 5
2016/12/24, 31, 24, 3, 3
2016/12/25, 15, 31, 1, 2
2016/12/26, 9, 29, 1, 1
2016/12/27, 12, 25, 4, 1
2016/12/28, 11, 13, 15, 7
2016/12/29, 53, 14, 14, 13
2016/12/30, 55, 12, 13, 13
2016/12/31, 52, 18, 9, 10
2017/1/1, 51, 20, 8, 5
2016/7/1, 18, 49, 7, 5
2016/7/2, 29, 32, 3, 1
2016/7/3, 11, 34, 7, 2
2016/7/4, 13, 42, 10, 1
2016/7/5, 17, 30, 3, 1
2016/7/6, 11, 29, 4, 2
2016/7/7, 12, 37, 6, 2
2016/7/8, 17, 33, 3, 1
2016/7/9, 13, 40, 3, 1
2016/7/10, 14, 49, 9, 1
2016/7/11, 23, 35, 8, 1
2016/7/12, 18, 36, 10, 1
2016/7/13, 16, 24, 5, 1
2016/7/14, 13, 23, 3, 1
2016/7/15, 11, 25, 6, 2
2016/7/16, 14, 30, 7, 3
2016/7/17, 18, 24, 5, 1
2016/7/18, 14, 22, 4, 1
2016/7/19, 12, 29, 9, 1
2016/7/20, 14, 33, 11, 2
2016/7/21, 22, 33, 12, 2
2016/7/22, 20, 29, 9, 2
2016/7/23, 27, 50, 9, 2
2016/7/24, 31, 35, 13, 2
2016/7/25, 29, 48, 18, 2
2016/7/26, 31, 37, 14, 2
2016/7/27, 32, 42, 9, 1
2016/7/28, 28, 42, 10, 2
2016/7/29, 30, 36, 5, 1
2016/7/30, 18, 41, 4, 1
2016/7/31, 17, 30, 5, 2
2016/8/1, 13, 37, 9, 2
2016/8/2, 18, 35, 8, 2
2016/8/3, 20, 36, 6, 1
2016/8/4, 20, 44, 7, 5
2016/8/5, 30, 24, 4, 1
2016/8/6, 16, 31, 4, 1
2016/8/7, 11, 43, 10, 1
2016/8/8, 21, 27, 10, 2
2016/8/9, 23, 21, 7, 2
2016/8/10, 16, 25, 6, 1
2016/8/11, 15, 33, 9, 1
2016/8/12, 20, 22, 5, 1
2016/8/13, 17, 28, 3, 1
2016/8/14, 15, 25, 3, 1
2016/8/15, 11, 26, 8, 2
2016/8/16, 13, 25, 12, 2
2016/8/17, 20, 39, 14, 2
2016/8/18, 26, 47, 16, 3
2016/8/19, 35, 53, 9, 4
2016/8/20, 30, 36, 5, 2
2016/8/21, 25, 23, 11, 1
2016/8/22, 22, 34, 9, 1
2016/8/23, 22, 30, 13, 2
2016/8/24, 19, 34, 12, 1
2016/8/25, 23, 40, 7, 2
2016/8/26, 19, 56, 10, 2
2016/8/27, 31, 55, 7, 3
2016/8/28, 32, 44, 6, 2
2016/8/29, 31, 30, 8, 1
2016/8/30, 16, 37, 13, 1
2016/8/31, 25, 52, 14, 2
2016/9/1, 28, 43, 15, 2
2016/9/2, 43, 48, 15, 2
2016/9/3, 34, 49, 5, 2
2016/9/4, 29, 19, 8, 3
2016/9/5, 12, 25, 12, 3
2016/9/6, 18, 42, 15, 1
2016/9/7, 27, 49, 18, 2
2016/9/8, 39, 53, 21, 2
2016/9/9, 40, 62, 18, 2
2016/9/10, 47, 67, 18, 2
2016/9/11, 45, 61, 20, 2
2016/9/12, 53, 50, 18, 2
2016/9/13, 43, 35, 16, 3
2016/9/14, 33, 37, 17, 2
2016/9/15, 37, 51, 14, 3
2016/9/16, 44, 41, 7, 2
2016/9/17, 38, 22, 4, 1
2016/9/18, 17, 27, 9, 3
2016/9/19, 27, 22, 15, 4
2016/9/20, 28, 17, 14, 2
2016/9/21, 24, 18, 15, 2
2016/9/22, 26, 29, 12, 4
2016/9/23, 34, 29, 10, 3
2016/9/24, 34, 32, 12, 3
2016/9/25, 33, 24, 13, 2
2016/9/26, 30, 27, 15, 2
2016/9/27, 39, 32, 12, 3
2016/9/28, 47, 30, 8, 2
2016/9/29, 25, 30, 12, 3
2016/9/30, 30, 26, 12, 3
2016/4/1, 24, 34, 12, 6
2016/4/2, 41, 39, 10, 8
2016/4/3, 40, 42, 15, 6
2016/4/4, 48, 51, 20, 4
2016/4/5, 60, 33, 13, 4
2016/4/6, 46, 39, 11, 4
2016/4/7, 40, 19, 21, 5
2016/4/8, 36, 25, 14, 4
2016/4/9, 24, 21, 11, 5
2016/4/10, 23, 24, 16, 6
2016/4/11, 31, 23, 15, 6
2016/4/12, 52, 37, 13, 3
2016/4/13, 62, 22, 16, 3
2016/4/14, 53, 36, 8, 2
2016/4/15, 31, 32, 11, 4
2016/4/16, 43, 32, 6, 3
2016/4/17, 30, 35, 6, 2
2016/4/18, 17, 32, 7, 3
2016/4/19, 27, 33, 6, 3
2016/4/20, 21, 39, 7, 3
2016/4/21, 30, 31, 11, 4
2016/4/22, 34, 41, 13, 5
2016/4/23, 45, 35, 4, 1
2016/4/24, 15, 33, 10, 4
2016/4/25, 27, 35, 12, 5
2016/4/26, 40, 32, 6, 2
2016/4/27, 20, 38, 7, 3
2016/4/28, 27, 40, 13, 5
2016/4/29, 36, 40, 10, 3
2016/4/30, 30, 39, 10, 5
2016/5/1, 39, 39, 13, 3
2016/5/2, 30, 38, 9, 3
2016/5/3, 23, 27, 13, 3
2016/5/4, 23, 41, 17, 6
2016/5/11, 34, 46, 13, 2
2016/5/12, 28, 44, 10, 3
2016/5/13, 21, 35, 9, 3
2016/5/14, 20, 34, 2, 1
2016/5/15, 12, 27, 3, 1
2016/5/16, 12, 33, 4, 1
2016/5/17, 14, 33, 6, 2
2016/5/18, 17, 44, 14, 2
2016/5/19, 31, 51, 14, 3
2016/5/20, 39, 36, 9, 2
2016/5/21, 29, 50, 8, 2
2016/5/22, 26, 54, 8, 1
2016/5/23, 29, 45, 9, 3
2016/5/24, 30, 43, 15, 3
2016/5/25, 35, 27, 4, 1
2016/5/26, 32, 42, 11, 4
2016/5/27, 32, 48, 8, 1
2016/5/28, 30, 42, 6, 2
2016/5/29, 28, 44, 8, 1
2016/5/30, 25, 38, 7, 1
2016/5/31, 23, 45, 6, 1
2016/6/1, 20, 34, 9, 1
2016/6/2, 21, 41, 10, 
2016/6/3, 24, 49, 10, 
2016/6/4, 30, 38, 8, 1
2016/6/5, 19, 39, 8, 1
2016/6/6, 13, 43, 12, 2
2016/6/7, 18, 50, 9, 2
2016/6/8, 25, 38, 11, 3
2016/6/9, 20, 43, 7, 2
2016/6/10, 25, 40, 6, 2
2016/6/11, 14, 42, 5, 1
2016/6/12, 16, 40, 5, 2
2016/6/13, 22, 40, 7, 2
2016/6/14, 24, 45, 7, 1
2016/6/15, 19, 38, 4, 2
2016/6/16, 15, 39, 4, 2
2016/6/17, 30, 42, 4, 1
2016/6/18, 13, 44, 8, 2
2016/6/19, 20, 22, 12, 3
2016/6/20, 16, 38, 6, 2
2016/6/21, 19, 43, 11, 2
2016/6/22, 21, 54, 13, 1
2016/6/23, 29, 48, 9, 1
2016/6/24, 40, 52, 7, 3
2016/6/25, 45, 39, 4, 1
2016/6/26, 26, 33, 8, 2
2016/6/27, 16, 40, 10, 3
2016/6/28, 22, 44, 12, 2
2016/6/29, 25, 43, 11, 1
2016/6/30, 24, 40, 8, 3
2016/1/4, 58, 6, 12, 11
2016/1/5, 77, 7, 11, 10
2016/1/6, 83, 5, 12, 10
2016/1/7, 69, 18, 10, 6
2016/1/8, 46, 22, 12, 8
2016/1/9, 47, 14, 10, 8
2016/1/10, 60, 9, 15, 10
2016/1/11, 71, 7, 14, 7
2016/1/12, 70, 13, 10, 5
2016/1/13, 28, 25, 9, 6
2016/1/14, 40, 6, 17, 9
2016/1/15, 64, 22, 11, 7
2016/1/16, 33, 22, 10, 8
2016/1/17, 48, 16, 12, 9
2016/1/18, 57, 15, 17, 16
2016/1/19, 92, 12, 17, 13
2016/1/20, 68, 23, 10, 6
2016/1/21, 26, 23, 16, 11
2016/1/22, 60, 16, 18, 18
2016/1/23, 75, 11, 11, 9
2016/1/24, 56, 15, 10, 5
2016/1/25, 34, 9, 13, 7
2016/1/26, 49, 18, 10, 5
2016/1/27, 30, 25, 8, 5
2016/1/28, 23, 23, 9, 5
2016/1/29, 33, 25, 5, 3
2016/1/30, 23, 30, 4, 3
2016/1/31, 15, 24, 7, 4
2016/2/1, 23, 29, 6, 3
2016/2/2, 15, 30, 4, 2
2016/2/3, 17, 24, 5, 2
2016/2/4, 18, 20, 8, 5
2016/2/5, 30, 17, 10, 10
2016/2/6, 52, 26, 8, 7
2016/2/7, 43, 27, 7, 4
2016/2/8, 31, 32, 5, 3
2016/2/9, 22, 22, 9, 3
2016/2/10, 17, 23, 6, 4
2016/2/11, 22, 23, 9, 5
2016/2/12, 33, 23, 8, 5
2016/2/13, 39, 19, 14, 10
2016/2/14, 73, 12, 15, 6
2016/2/15, 63, 17, 13, 5
2016/2/16, 29, 18, 8, 4
2016/2/17, 30, 7, 13, 6
2016/2/18, 51, 17, 10, 4
2016/2/19, 24, 22, 9, 5
2016/2/20, 47, 28, 3, 1
2016/2/21, 11, 27, 5, 2
2016/2/22, 10, 29, 8, 4
2016/2/23, 25, 28, 5, 4
2016/2/24, 23, 25, 11, 6
2016/2/25, 48, 17, 14, 7
2016/2/26, 57, 26, 11, 6
2016/2/27, 54, 25, 11, 11
2016/2/28, 59, 20, 11, 5
2016/2/29, 44, 14, 12, 3
2016/3/1, 19, 19, 11, 6
2016/3/2, 50, 12, 16, 9
2016/3/3, 59, 15, 17, 11
2016/3/4, 65, 18, 7, 3
2016/3/5, 49, 24, 6, 5
2016/3/6, 39, 8, 14, 8
2016/3/7, 55, 16, 22, 7
2016/3/8, 51, 25, 15, 5
2016/3/9, 49, 14, 12, 4
2016/3/10, 32, 8, 10, 3
2016/3/11, 23, 8, 7, 2
2016/3/12, 27, 27, 10, 2
2016/3/13, 24, 30, 15, 4
2016/3/14, 50, 19, 11, 4
2016/3/15, 22, 29, 15, 7
2016/3/16, 52, 24, 16, 10
2016/3/17, 69, 22, 10, 5
2016/3/18, 35, 30, 6, 4
2016/3/19, 17, 21, 7, 3
2016/3/20, 30, 26, 7, 3
2016/3/21, 24, 27, 8, 2
2016/3/22, 16, 24, 15, 5
2016/3/23, 46, 29, 19, 11
2016/3/24, 55, 30, 14, 7
2016/3/25, 60, 29, 8, 2
2016/3/26, 32, 33, 7, 2
2016/3/27, 44, 33, 8, 4
2016/3/28, 37, 33, 7, 3
2016/3/29, 30, 30, 7, 3
2016/3/30, 23, 25, 13, 4
2016/3/31, 30, 29, 13, 4
2015/10/1, 47, 26, 16, 4
2015/10/2, 55, 35, 12, 6
2015/10/3, 43, 35, 8, 3
2015/10/4, 31, 31, 20, 3
2015/10/5, 54, 35, 15, 3
2015/10/6, 55, 22, 7, 3
2015/10/7, 30, 24, 9, 2
2015/10/8, 28, 20, 11, 4
2015/10/9, 33, 28, 8, 4
2015/10/10, 30, 28, 7, 5
2015/10/11, 33, 19, 10, 4
2015/10/12, 30, 16, 10, 4
2015/10/13, 34, 14, 9, 3
2015/10/14, 49, 22, 8, 3
2015/10/15, 42, 20, 9, 3
2015/10/16, 39, 10, 10, 3
2015/10/17, 38, 11, 7, 3
2015/10/18, 24, 13, 11, 4
2015/10/19, 49, 6, 14, 6
2015/10/20, 58, 13, 10, 3
2015/10/21, 32, 19, 10, 4
2015/10/22, 24, 20, 8, 3
2015/10/23, 19, 22, 8, 5
2015/10/24, 34, 15, 7, 3
2015/10/25, 38, 20, 11, 4
2015/10/26, 44, 17, 15, 7
2015/10/27, 62, 19, 11, 5
2015/10/28, 42, 15, 12, 5
2015/10/29, 45, 12, 19, 10
2015/10/30, 75, 15, 12, 5
2015/10/31, 67, 30, 8, 5
2015/11/1, 44, 22, 15, 7
2015/11/2, 55, 18, 21, 11
2015/11/3, 68, 18, 19, 10
2015/11/4, 77, 8, 15, 4
2015/11/5, 56, 9, 14, 4
2015/11/6, 68, 4, 14, 6
2015/11/7, 69, 27, 4, 2
2015/11/8, 7, 14, 10, 3
2015/11/9, 23, 22, 5, 2
2015/11/10, 6, 17, 4, 1
2015/11/11, 6, 17, 6, 2
2015/11/12, 14, 13, 10, 4
2015/11/13, 32, 27, 4, 2
2015/11/14, 12, 23, 6, 2
2015/11/15, 20, 17, 11, 4
2015/11/16, 27, 11, 8, 2
2015/11/17, 22, 27, 5, 2
2015/11/18, 5, 22, 7, 3
2015/11/19, 13, 24, 7, 3
2015/11/20, 14, 14, 9, 4
2015/11/21, 34, 14, 7, 4
2015/11/22, 38, 14, 11, 6
2015/11/23, 50, 16, 12, 6
2015/11/24, 40, 14, 14, 7
2015/11/25, 48, 7, 15, 8
2015/11/26, 68, 5, 13, 6
2015/11/27, 65, 7, 12, 9
2015/11/28, 67, 20, 5, 3
2015/11/29, 18, 27, 5, 3
2015/11/30, 11, 24, 6, 3
2015/12/1, 11, 20, 9, 3
2015/12/2, 27, 13, 13, 6
2015/12/3, 45, 18, 10, 4
2015/12/4, 35, 18, 6, 3
2015/12/5, 18, 22, 4, 2
2015/12/6, 16, 17, 10, 5
2015/12/7, 34, 7, 10, 4
2015/12/8, 45, 11, 10, 4
2015/12/9, 35, 16, 11, 5
2015/12/10, 40, 16, 10, 4
2015/12/11, 36, 22, 6, 2
2015/12/12, 15, 24, 4, 2
2015/12/13, 12, 23, 12, 6
2015/12/14, 31, 6, 14, 7
2015/12/15, 45, 5, 15, 5
2015/12/16, 55, 9, 10, 3
2015/12/17, 31, 6, 11, 4
2015/12/18, 29, 12, 9, 3
2015/12/19, 35, 17, 7, 4
2015/12/20, 38, 13, 6, 2
2015/12/21, 19, 25, 5, 2
2015/12/22, 12, 23, 5, 2
2015/12/23, 14, 14, 10, 4
2015/12/24, 41, 20, 7, 4
2015/12/25, 33, 23, 3, 2
2015/12/26, 13, 21, 5, 4
2015/12/27, 17, 22, 5, 2
2015/12/28, 18, 18, 8, 4
2015/12/29, 28, 20, 9, 5
2015/12/30, 36, , , 
2016/1/1, 63, 20, 4, 4
2016/1/2, 30, 15, 5, 5
2016/1/3, 39, 11, 10, 9
2015/7/1, 26, 37, 12, 2
2015/7/2, 22, 42, 9, 1
2015/7/3, 25, 62, 6, 1
2015/7/4, 26, 74, 6, 2
2015/7/5, 35, 49, 8, 1
2015/7/6, 35, 59, 6, 1
2015/7/7, 22, 49, 5, 1
2015/7/8, 22, 28, 4, 1
2015/7/9, 14, 29, 3, 
2015/7/10, 12, 33, 5, 1
2015/7/11, 12, 40, 8, 1
2015/7/12, 16, 27, 4, 
2015/7/13, 14, 32, 5, 
2015/7/14, 17, 33, 6, 
2015/7/15, 21, 40, 7, 1
2015/7/16, 20, 47, 11, 1
2015/7/17, 30, 65, 7, 1
2015/7/18, 30, 58, 3, 1
2015/7/19, 30, 44, 5, 
2015/7/20, 22, 36, 11, 1
2015/7/21, 21, 46, 7, 1
2015/7/22, 19, 43, 9, 
2015/7/23, 27, 46, 9, 1
2015/7/24, 24, 42, 4, 
2015/7/25, 25, 32, 3, 
2015/7/26, 12, 36, 8, 1
2015/7/27, 13, 33, 4, 1
2015/7/28, 11, 41, 5, 1
2015/7/29, 16, 34, 4, 1
2015/7/30, 14, 34, 6, 
2015/7/31, 19, 45, 8, 2
2015/8/1, 22, 49, 5, 2
2015/8/2, 27, 63, 15, 2
2015/8/3, 40, 54, 11, 1
2015/8/4, 40, 70, 10, 2
2015/8/5, 43, 62, 14, 2
2015/8/6, 29, 63, 11, 1
2015/8/7, 46, 79, 9, 2
2015/8/8, 44, 61, 6, 2
2015/8/9, 37, 62, 8, 5
2015/8/10, 29, 70, 9, 2
2015/8/11, 39, 64, 17, 2
2015/8/12, 42, 45, 17, 4
2015/8/13, 33, 46, 5, 1
2015/8/14, 25, 60, 3, 1
2015/8/15, 32, 38, 6, 
2015/8/16, 25, 40, 8, 1
2015/8/17, 34, 34, 5, 1
2015/8/18, 35, 35, 6, 1
2015/8/19, 29, 31, 7, 1
2015/8/20, 30, 36, 9, 1
2015/8/21, 41, 17, 11, 1
2015/8/22, 30, , , 
2015/8/24, 22, 30, 4, 1
2015/8/25, 22, 35, 14, 1
2015/8/26, 16, 26, 11, 1
2015/8/27, 23, 34, 5, 2
2015/8/28, 40, 33, 10, 1
2015/8/29, 16, 40, 8, 3
2015/8/30, 22, 67, 14, 2
2015/8/31, 34, 70, 13, 2
2015/9/1, 41, 38, 10, 2
2015/9/2, 26, 36, 12, 1
2015/9/3, 23, 26, 13, 1
2015/9/4, 21, 40, 6, 
2015/9/5, 17, 27, 3, 
2015/9/6, 8, 24, 4, 
2015/9/7, 9, 22, 6, 1
2015/9/8, 6, 15, 13, 3
2015/9/9, 15, 28, 8, 1
2015/9/10, 26, 31, 6, 1
2015/9/11, 20, 25, 5, 1
2015/9/12, 23, 32, 3, 
2015/9/13, 23, 37, 6, 1
2015/9/14, 23, 31, 7, 1
2015/9/15, 19, 37, 10, 2
2015/9/16, 23, 38, 11, 3
2015/9/17, 35, 32, 8, 1
2015/9/18, 30, 38, 11, 1
2015/9/19, 24, 28, 8, 
2015/9/20, 21, 24, 9, 1
2015/9/21, 22, 34, 11, 1
2015/9/22, 24, 32, 16, 3
2015/9/23, 33, 19, 18, 2
2015/9/24, 36, 24, 20, 4
2015/9/25, 24, 22, 13, 3
2015/9/26, 18, 23, 9, 2
2015/9/27, 12, 18, 15, 2
2015/9/28, 20, 18, 13, 4
2015/9/29, 17, 23, 14, 4
2015/9/30, 27, 22, 12, 3
2015/4/1, 8, 28, 8, 2
2015/4/2, 21, 29, 5, 1
2015/4/3, 15, 30, 4, 2
2015/4/4, 17, 29, 2, 1
2015/4/5, 16, 28, 5, 4
2015/4/6, 17, 31, 7, 4
2015/4/7, 26, 27, 9, 3
2015/4/8, 21, 29, 15, 8
2015/4/9, 28, 45, 13, 6
2015/4/10, 52, 50, 13, 5
2015/4/11, 56, 37, 5, 2
2015/4/12, 24, 33, 6, 2
2015/4/13, 38, 33, 4, 2
2015/4/14, 19, 31, 5, 2
2015/4/15, 26, 39, 7, 2
2015/4/16, 23, 32, 10, 3
2015/4/17, 30, 29, 8, 2
2015/4/18, 13, 31, 6, 2
2015/4/19, 18, 33, 8, 3
2015/4/20, 46, 37, 11, 3
2015/4/21, 22, 38, 13, 4
2015/4/22, 27, 44, 12, 5
2015/4/23, 52, 48, 10, 3
2015/4/24, 43, 58, 9, 2
2015/4/25, 44, 40, 6, 1
2015/4/26, 21, 46, 9, 2
2015/4/27, 26, 37, 8, 2
2015/4/28, 29, 30, 5, 2
2015/4/29, 18, 38, 12, 2
2015/4/30, 35, 34, 6, 2
2015/5/1, 29, 39, 6, 2
2015/5/2, 25, 46, 7, 3
2015/5/3, 32, 33, 9, 2
2015/5/4, 23, 37, 10, 2
2015/5/5, 35, 22, 11, 2
2015/5/6, 22, 40, 6, 1
2015/5/7, 23, 38, 9, 4
2015/5/8, 20, 47, 8, 3
2015/5/9, 26, 36, 5, 1
2015/5/10, 22, 36, 7, 2
2015/5/11, 10, 48, 7, 3
2015/5/12, 23, 42, 6, 1
2015/5/13, 18, 32, 8, 2
2015/5/14, 24, 34, 8, 2
2015/5/15, 17, 45, 9, 1
2015/5/16, 28, 37, 2, 1
2015/5/17, 18, 46, 5, 1
2015/5/18, 23, 46, 9, 2
2015/5/19, 25, 38, 9, 1
2015/5/20, 28, 32, 14, 3
2015/5/21, 18, 40, 13, 3
2015/5/22, 25, 30, 13, 2
2015/5/23, 28, 44, 6, 2
2015/5/24, 29, 35, 8, 2
2015/5/25, 29, 19, 15, 4
2015/5/26, 31, 24, 11, 3
2015/5/27, 13, 35, 5, 1
2015/5/28, 13, 42, 7, 2
2015/5/29, 28, 41, 5, 1
2015/5/30, 23, 43, 3, 1
2015/5/31, 13, 42, 5, 1
2015/6/1, 19, 41, 5, 1
2015/6/2, 21, 50, 5, 1
2015/6/3, 22, 39, 5, 1
2015/6/4, 17, 45, 8, 1
2015/6/5, 22, 57, 4, 2
2015/6/6, 24, 47, 4, 2
2015/6/7, 29, 33, 9, 4
2015/6/8, 20, 26, 11, 4
2015/6/9, 20, 34, 10, 2
2015/6/10, 21, 49, 14, 4
2015/6/11, 28, 55, 10, 2
2015/6/12, 35, 59, 5, 1
2015/6/13, 28, 49, 4, 1
2015/6/14, 27, 30, 16, 2
2015/6/15, 25, 31, 14, 3
2015/6/16, 16, 35, 11, 2
2015/6/17, 20, 43, 5, 1
2015/6/18, 21, 28, 6, 1
2015/6/19, 13, 31, 4, 1
2015/6/20, 13, 30, 3, 1
2015/6/21, 12, 31, 4, 1
2015/6/22, 16, 28, 4, 1
2015/6/23, 11, 31, 5, 1
2015/6/24, 14, 37, 7, 1
2015/6/25, 16, 40, 11, 2
2015/6/26, 28, 37, 10, 1
2015/6/27, 33, 34, 6, 1
2015/6/28, 28, 26, 7, 3
2015/6/29, 23, 40, 9, 2
2015/6/30, 22, 34, 14, 3
2015/1/1, 44, 20, 6, 3
2015/1/2, 29, 23, 4, 2
2015/1/3, 20, 23, 2, 2
2015/1/4, 12, 20, 5, 3
2015/1/5, 19, 16, 10, 10
2015/1/6, 37, 19, 8, 7
2015/1/7, 46, 10, 11, 7
2015/1/8, 59, 25, 5, 2
2015/1/9, 18, 29, 5, 2
2015/1/10, 20, 26, 2, 1
2015/1/11, 15, 23, 4, 2
2015/1/12, 16, 22, 4, 2
2015/1/13, 18, 19, 9, 5
2015/1/14, 37, 17, 9, 7
2015/1/15, 42, 16, 11, 7
2015/1/16, 47, 11, 8, 5
2015/1/17, 47, 10, 9, 6
2015/1/18, 58, 10, 11, 7
2015/1/19, 53, 10, 8, 5
2015/1/20, 40, 3, 11, 6
2015/1/21, 56, 9, 13, 9
2015/1/22, 59, 7, 13, 7
2015/1/23, 30, 7, 12, 7
2015/1/24, 40, 13, 6, 3
2015/1/25, 41, 16, 11, 6
2015/1/26, 46, 14, 11, 7
2015/1/27, 45, 16, 7, 5
2015/1/28, 30, 18, 9, 6
2015/1/29, 37, 14, 9, 7
2015/1/30, 41, 17, 6, 5
2015/1/31, 29, 18, 8, 9
2015/2/1, 50, 9, 14, 12
2015/2/2, 84, 13, 11, 9
2015/2/3, 67, 10, 12, 7
2015/2/4, 54, 14, 15, 10
2015/2/5, 56, 13, 17, 10
2015/2/6, 50, 19, 6, 4
2015/2/7, 45, 24, 4, 1
2015/2/8, 10, 19, 7, 3
2015/2/9, 21, 15, 9, 2
2015/2/10, 32, 16, 9, 3
2015/2/11, 33, 14, 14, 11
2015/2/12, 71, 17, 16, 11
2015/2/13, 67, 19, 17, 13
2015/2/14, 82, 17, 11, 10
2015/2/15, 97, 19, 4, 2
2015/2/16, 28, 19, 6, 4
2015/2/17, 32, 15, 10, 6
2015/2/18, 59, 10, 13, 8
2015/2/19, 58, 22, 13, 9
2015/2/20, 81, 32, 11, 8
2015/2/21, 62, 16, 16, 10
2015/2/22, 81, 22, 15, 7
2015/2/23, 62, 17, 13, 7
2015/2/24, 57, 8, 19, 12
2015/2/25, 91, 6, 18, 7
2015/2/26, 58, 13, 12, 5
2015/2/27, 67, 13, 12, 7
2015/2/28, 70, 27, 8, 6
2015/3/1, 58, 26, 6, 3
2015/3/2, 25, 21, 9, 3
2015/3/3, 31, 26, 8, 4
2015/3/4, 31, 17, 12, 6
2015/3/5, 38, 24, 13, 6
2015/3/6, 44, 22, 10, 8
2015/3/7, 62, 30, 9, 7
2015/3/8, 58, 34, 12, 6
2015/3/9, 59, 32, 20, 9
2015/3/10, 102, 13, 16, 4
2015/3/11, 46, 21, 13, 6
2015/3/12, 28, 16, 12, 11
2015/3/13, 31, 17, 7, 6
2015/3/14, 32, 23, 5, 3
2015/3/15, 28, 27, 6, 2
2015/3/16, 41, 34, 7, 3
2015/3/17, 38, 38, 14, 7
2015/3/18, 57, 35, 22, 12
2015/3/19, 87, 32, 19, 11
2015/3/20, 90, 37, 11, 7
2015/3/21, 69, 29, 9, 7
2015/3/22, 26, 31, 14, 9
2015/3/23, 49, 42, 11, 9
2015/3/24, 69, 36, 15, 9
2015/3/25, 68, 21, 14, 6
2015/3/26, 60, 10, 11, 2
2015/3/27, 50, 17, 8, 2
2015/3/28, 39, 27, 7, 3
2015/3/29, 50, 31, 5, 1
2015/3/30, 14, 30, 7, 2
2015/3/31, 17, 35, 4, 1
2014/10/1, 47, 12, 9, 2
2014/10/2, 32, 25, 12, 4
2014/10/3, 50, 30, 12, 3
2014/10/4, 54, 33, 8, 6
2014/10/5, 54, 25, 12, 4
2014/10/6, 51, 27, 8, 2
2014/10/7, 44, 20, 9, 4
2014/10/8, 40, 27, 9, 3
2014/10/9, 35, 23, 12, 3
2014/10/10, 42, 33, 11, 3
2014/10/11, 59, 20, 8, 2
2014/10/12, 43, 26, 10, 2
2014/10/13, 47, 14, 9, 1
2014/10/14, 47, 15, 10, 4
2014/10/15, 31, 14, 10, 2
2014/10/16, 36, 12, 10, 2
2014/10/17, 30, 16, 10, 3
2014/10/18, 40, 26, 5, 2
2014/10/19, 37, 24, 4, 1
2014/10/20, 17, 18, 8, 2
2014/10/21, 25, 13, 11, 3
2014/10/22, 28, 8, 9, 8
2014/10/23, 30, 17, 8, 4
2014/10/24, 31, 15, 7, 4
2014/10/25, 36, 15, 8, 5
2014/10/26, 52, 15, 11, 5
2014/10/27, 48, 10, 14, 9
2014/10/28, 66, 16, 16, 7
2014/10/29, 61, 11, 11, 5
2014/10/30, 62, 12, 13, 7
2014/10/31, 50, 10, 14, 10
2014/11/1, 60, 16, 9, 7
2014/11/2, 62, 21, 6, 3
2014/11/3, 40, 24, 13, 7
2014/11/4, 49, 30, 9, 6
2014/11/5, 38, 20, 10, 4
2014/11/6, 42, 1, 11, 5
2014/11/7, 50, 3, 9, 3
2014/11/8, 47, 4, 7, 3
2014/11/9, 36, 11, 7, 4
2014/11/10, 51, 14, 8, 4
2014/11/11, 55, 6, 11, 4
2014/11/12, 55, 8, 8, 4
2014/11/13, 55, 7, 10, 4
2014/11/14, 51, 12, 6, 3
2014/11/15, 44, 10, 6, 5
2014/11/16, 53, 7, 8, 4
2014/11/17, 45, 8, 6, 3
2014/11/18, 30, 2, 7, 4
2014/11/19, 33, , 7, 8
2014/11/20, 36, 3, 8, 4
2014/11/21, 37, 13, 11, 7
2014/11/22, 40, 15, 8, 6
2014/11/23, 44, 20, 8, 4
2014/11/24, 33, 12, 12, 6
2014/11/25, 44, 5, 13, 6
2014/11/26, 61, 10, 9, 5
2014/11/27, 45, 13, 8, 5
2014/11/28, 47, 13, 7, 5
2014/11/29, 54, 16, 5, 4
2014/11/30, 42, 17, 5, 4
2014/12/1, 39, 17, 9, 6
2014/12/2, 46, 10, 12, 9
2014/12/3, 63, 4, 14, 8
2014/12/4, 78, 4, 11, 6
2014/12/5, 57, 2, 12, 11
2014/12/6, 87, 1, 9, 8
2014/12/7, 99, 7, 10, 6
2014/12/8, 59, 8, 15, 13
2014/12/9, 158, 8, 13, 9
2014/12/10, 77, 6, 11, 7
2014/12/11, 62, 18, 6, 4
2014/12/12, 26, 21, 10, 6
2014/12/13, 44, 14, 10, 7
2014/12/14, 74, 10, 9, 5
2014/12/15, 58, 6, 12, 6
2014/12/16, 62, 16, 11, 5
2014/12/17, 48, 9, 8, 4
2014/12/18, 32, 16, 6, 2
2014/12/19, 13, 24, 3, 1
2014/12/20, 9, 24, 4, 3
2014/12/21, 19, 19, 5, 2
2014/12/22, 13, 20, 4, 1
2014/12/23, 9, 19, 4, 3
2014/12/24, 11, 25, 3, 2
2014/12/25, 15, 18, 4, 4
2014/12/26, 17, 18, 6, 7
2014/12/27, 41, 15, 7, 7
2014/12/28, 36, , , 
2014/9/18, 47, 36, 12, 2
2014/9/19, 44, 32, 8, 1
2014/9/20, 46, 26, 5, 
2014/9/21, 29, 26, 4, 1
2014/9/22, 19, 24, 5, 1
2014/9/23, 11, 23, 7, 4
2014/9/24, 18, 23, 7, 2
2014/9/25, 29, 20, 5, 1
2014/9/26, 13, 21, 6, 1
2014/9/27, 24, 30, 6, 1
2014/9/28, 32, 29, 9, 1
2014/9/29, 36, 11, 10, 2
2014/9/30, 42, 10, 10, 1
2024/5/18, , 38, 3, 
2024/5/19, , 39, 6, 
2024/1/6, , 24, 3, 
2023/10/14, , 24, 2, 
2023/12/12, , 7, 11, 
2023/12/13, , 8, 9, 
2023/12/14, , 7, 9, 
2023/12/15, , 18, 5, 
2023/12/16, , 18, 4, 
2023/12/17, , 17, 7, 
2023/12/18, , 16, 8, 
2023/12/19, , 28, 5, 
2023/7/13, , 41, 5, 
2023/7/15, , 47, 1, 
2023/7/16, , 38, 4, 
2023/8/5, , 28, 2, 
2023/8/6, , 34, 2, 
2023/8/8, , 26, 5, 
2023/8/14, , 47, 2, 
2023/8/17, , 25, 9, 
2023/8/18, , 44, 6, 
2023/8/19, , 51, 6, 
2023/8/20, , 37, 11, 
2023/8/21, , 41, 9, 
2023/8/22, , 38, 10, 
2023/8/26, , 42, 5, 
2023/8/27, , 25, 5, 
2023/8/28, , 17, 8, 
2023/8/29, , 19, 4, 
2023/8/30, , 31, 3, 
2022/7/1, , 23, 3, 
2022/7/2, , 38, 4, 
2022/7/3, , 38, 4, 1
2022/7/5, , 19, 11, 1
2022/7/22, , 51, 5, 2
2022/7/23, , 51, 5, 1
2022/7/31, , 20, , 1
2022/8/2, , 32, 6, 2
2022/8/3, , 45, 9, 1
2022/8/4, , 44, 6, 1
2022/8/13, , 28, 3, 
2022/8/14, , 27, 2, 1
2022/8/15, , 35, 1, 1
2022/8/16, , 38, 6, 1
2022/8/17, , 42, 9, 1
2022/8/18, , 38, 7, 2
2022/8/19, , 42, 6, 1
2022/8/20, , 25, 6, 1
2022/8/21, , 26, 2, 1
2022/8/22, , 24, 5, 1
2022/8/23, , 26, 9, 1
2022/8/24, , 30, 7, 1
2022/8/25, , 35, 8, 1
2022/8/26, , 40, 7, 1
2022/8/28, , 36, 3, 1
2022/8/30, , 20, 6, 2
2022/9/10, , 15, 3, 1
2022/6/9, , 27, 8, 
2022/6/27, , 36, 8, 
2022/6/28, , 38, 8, 
2022/6/29, , 40, 7, 
2022/6/30, , 47, 5, 
2022/3/26, , 32, 6, 3
2021/10/20, , 28, 2, 2
2021/12/25, , 15, 18, 13
2021/6/6, , 40, 12, 2
2021/2/7, , 18, 8, 5
2020/11/29, , 5, 11, 6
2020/12/13, , 6, 11, 4
2020/3/31, , 33, 6, 4
2019/8/19, , 37, 9, 3
2019/8/20, , 27, 9, 2
2019/4/30, , 26, 4, 1
2018/12/31, , 27, 2, 1
2018/11/4, , 8, 11, 3
2018/7/29, , 43, 14, 3
2018/8/12, , 51, 7, 3
2018/3/11, , 17, 6, 5
2017/9/9, , 31, 4, 2
2016/5/5, , 43, 20, 3
2016/5/6, , 48, 12, 3
2016/5/7, , 43, 5, 3
2016/5/8, , 42, 9, 2
2016/5/9, , 46, 10, 2
2016/5/10, , 48, 14, 3
2015/12/31, , 17, 8, 9
2015/8/23, , 38, 7, 1
2014/12/31, , 11, 6, 4
2014/9/17, , 35, 11, 4
2020/12/19, , , 5, 1
2019/12/31, , , 1, 1
2019/8/18, , , 8, 4