date, pm10, o3, no2, so2, co
2021/4/1, 27, 29, 4, 7, 1
2021/4/2, 21, 25, 3, 8, 2
2021/4/3, 26, 26, 2, 7, 1
2021/4/4, 16, 32, , 8, 1
2021/4/5, 14, 26, 2, 8, 1
2021/4/6, 12, 24, 4, 9, 2
2021/4/7, 20, 22, 3, 7, 1
2021/4/8, 13, 31, 1, 6, 1
2021/4/9, 13, 37, 2, 8, 1
2021/4/10, 14, 40, 1, 7, 1
2021/4/12, 20, 21, 2, 6, 1
2021/4/13, 14, 25, 2, 6, 1
2021/4/14, 7, 18, 3, 7, 1
2021/4/15, 11, 8, 9, 9, 2
2021/4/16, 12, 20, 5, 8, 2
2021/4/17, 18, 29, 6, 9, 4
2021/4/18, 32, 13, 8, 9, 4
2021/4/19, 35, 33, 5, 9, 3
2021/4/20, 26, 36, 3, 10, 2
2021/4/21, 19, 31, 3, 8, 1
2021/4/22, 14, 29, 1, 8, 1
2021/4/23, 12, 32, 4, 8, 2
2021/4/24, 19, 32, 3, 9, 2
2021/4/25, 22, 30, 5, 9, 2
2021/4/26, 19, 33, 5, 9, 3
2021/4/27, 27, 39, 4, 9, 2
2021/4/28, 28, 21, 4, 9, 1
2021/4/29, 24, 30, 7, 10, 2
2021/4/30, 19, 20, 3, 9, 1
2021/5/1, 26, 30, , 11, 
2021/5/2, 16, 32, 2, 9, 1
2021/5/3, 10, 40, 2, 10, 1
2021/5/4, 13, 38, 2, 10, 1
2021/5/5, 11, 30, 4, 10, 1
2021/5/6, 9, 28, 2, 10, 1
2021/5/7, 7, 31, 3, 8, 1
2021/5/8, 13, 38, , 8, 1
2021/5/9, 11, 36, 3, 9, 1
2021/5/10, 10, 57, 4, 5, 1
2021/5/11, 18, 39, 1, 4, 1
2021/5/12, 21, 32, 2, 4, 1
2021/5/13, 12, 20, 4, 3, 1
2021/5/14, 9, 34, 4, 3, 1
2021/5/15, 13, 27, 2, 3, 1
2021/5/16, 8, 30, 2, 4, 1
2021/5/17, 8, 20, 1, 4, 1
2021/5/18, 11, 26, 4, 11, 1
2021/5/19, 13, 35, 4, 9, 1
2021/5/20, 14, , , , 
2021/1/4, 31, 5, 7, 1, 2
2021/1/5, 12, 8, 5, 1, 3
2021/1/6, 14, 4, 9, 4, 4
2021/1/7, 22, 5, 11, 7, 6
2021/1/8, 35, 5, 8, 6, 4
2021/1/9, 26, 5, 4, 3, 2
2021/1/10, 17, 7, 7, 7, 5
2021/1/11, 29, 7, 6, 5, 4
2021/1/12, 26, 7, 6, 6, 2
2021/1/13, 16, 6, 7, 6, 3
2021/1/14, 19, 17, 4, 5, 2
2021/1/15, 17, 18, 3, 6, 2
2021/1/16, 18, 17, 2, 5, 3
2021/1/17, 27, 12, 9, 11, 6
2021/1/18, 48, 15, 6, 6, 5
2021/1/19, 33, 20, 4, 4, 3
2021/1/20, 19, 19, 3, 5, 2
2021/1/21, 15, 20, 2, 6, 2
2021/1/22, 13, 22, 2, 7, 2
2021/1/23, 13, 20, 5, 8, 4
2021/1/24, 22, 17, 6, 7, 3
2021/1/25, 19, 18, 5, 6, 2
2021/1/26, 17, 16, 6, 7, 2
2021/1/27, 21, 21, 6, 7, 3
2021/1/28, 18, 19, 10, 9, 5
2021/1/29, 26, 16, 8, 9, 4
2021/1/30, 33, 21, 8, 9, 6
2021/1/31, 34, 12, 11, 13, 10
2021/2/1, 62, 16, 6, 5, 4
2021/2/2, 16, 16, 3, 6, 2
2021/2/3, 9, 13, 3, 6, 2
2021/2/4, 13, 16, 4, 5, 2
2021/2/5, 21, 22, 1, 6, 2
2021/2/6, 19, 17, , 8, 2
2021/2/7, 20, 16, 3, 8, 2
2021/2/8, 18, 19, 10, 10, 5
2021/2/9, 42, 20, 9, 9, 5
2021/2/10, 49, 20, 6, 6, 3
2021/2/11, 38, 24, 3, 5, 2
2021/2/12, 17, 26, 3, 5, 2
2021/2/13, 22, 26, 1, 3, 2
2021/2/14, 18, 20, 9, 7, 5
2021/2/15, 36, 27, 11, 6, 7
2021/2/16, 36, 23, 6, 6, 3
2021/2/17, 20, 25, 8, 5, 4
2021/2/18, 34, 21, 11, 6, 5
2021/2/19, 34, 24, 12, 5, 7
2021/2/20, 36, 28, 2, 3, 2
2021/2/21, 16, 27, 6, 4, 3
2021/2/22, 19, 18, 14, 6, 7
2021/2/23, 39, 16, 16, 8, 7
2021/2/24, 54, 30, 8, 5, 4
2021/2/25, 42, 27, 6, 6, 3
2021/2/26, 38, 22, 1, 3, 1
2021/2/27, 12, 23, 1, 3, 1
2021/2/28, 17, 18, 5, 3, 1
2021/3/1, 21, 18, 10, 6, 4
2021/3/2, 30, 29, 13, 7, 6
2021/3/3, 43, 24, 7, 8, 2
2021/3/4, 39, 20, 6, 5, 1
2021/3/5, 17, 25, 2, 4, 2
2021/3/6, 19, 28, 2, 7, 2
2021/3/7, 21, 24, 5, 5, 1
2021/3/8, 16, 26, 7, 6, 4
2021/3/9, 29, 27, 6, 6, 2
2021/3/10, 25, 32, 5, 7, 3
2021/3/11, 32, 25, 4, 8, 2
2021/3/12, 19, 27, 2, 7, 2
2021/3/13, 15, 25, 1, 8, 1
2021/3/14, 15, 24, 6, 8, 2
2021/3/15, 21, 25, 8, 8, 4
2021/3/16, 31, 18, 5, 6, 1
2021/3/17, 21, 24, 6, 6, 2
2021/3/18, 20, 22, 10, 8, 6
2021/3/19, 39, 21, 5, 7, 3
2021/3/20, 30, 28, 2, 8, 3
2021/3/21, 27, 29, 4, 6, 2
2021/3/22, 17, 22, 4, 7, 2
2021/3/23, 19, 33, 7, 6, 3
2021/3/24, 24, 20, 9, 8, 5
2021/3/25, 46, 33, 11, 7, 5
2021/3/26, 50, 38, 7, 6, 4
2021/3/27, 39, 30, 4, 5, 2
2021/3/28, 16, 28, 6, 5, 3
2021/3/29, 25, 12, 5, 5, 2
2021/3/30, 21, 28, 6, 6, 3
2021/3/31, 33, 42, 4, 8, 1
2020/10/19, 14, 22, 4, 1, 
2020/10/20, 10, 22, 3, 4, 
2020/10/21, 8, 24, 4, 3, 
2020/10/22, 10, 21, 1, 2, 
2020/10/23, 9, , , , 
2020/10/28, 30, 16, 7, 3, 1
2020/10/29, 16, 14, 9, 3, 
2020/10/30, 15, 16, 6, 2, 2
2020/10/31, 18, 10, 5, 2, 2
2020/11/1, 25, 13, 4, 2, 
2020/11/2, 9, 6, 6, 2, 1
2020/11/3, 12, 15, , 1, 
2020/11/4, 9, 15, 4, 1, 2
2020/11/5, 17, 12, 3, 2, 1
2020/11/6, 12, 9, 2, 2, 3
2020/11/7, 14, 17, 5, 3, 4
2020/11/8, 20, 6, 4, 3, 5
2020/11/9, 21, 11, 1, 3, 2
2020/11/10, 13, 9, , 2, 2
2020/11/11, 9, 8, 4, 3, 3
2020/11/12, 8, 10, 3, 3, 2
2020/11/13, 13, 9, 1, 3, 2
2020/11/14, 11, 13, 1, 3, 2
2020/11/15, 7, 14, 7, 4, 2
2020/11/16, 15, 3, 11, 5, 6
2020/11/17, 31, 13, 10, 3, 4
2020/11/18, 22, 14, 3, 4, 2
2020/11/19, 8, 15, 6, 4, 1
2020/11/20, 14, 15, 7, 2, 3
2020/11/21, 26, 18, 2, 3, 2
2020/11/22, 14, 10, 6, 4, 2
2020/11/23, 18, 9, 8, 4, 2
2020/11/24, 19, 9, 6, 3, 3
2020/11/25, 21, 6, 9, 4, 5
2020/11/26, 26, 4, 8, 5, 3
2020/11/27, 21, 6, 8, 4, 3
2020/11/28, 21, 3, 5, 4, 2
2020/11/29, 20, 4, 8, 4, 4
2020/11/30, 28, 6, 7, 3, 3
2020/12/1, 19, 8, 5, 4, 2
2020/12/2, 23, 8, 7, 5, 3
2020/12/3, 27, 5, 12, 6, 5
2020/12/4, 33, 12, 9, 5, 3
2020/12/5, 23, 7, 2, 4, 2
2020/12/6, 12, 7, 3, 4, 1
2020/12/7, 15, 6, 4, 4, 2
2020/12/8, 20, 4, 4, 4, 2
2020/12/9, 22, 4, 5, 5, 3
2020/12/10, 19, 1, 6, 6, 5
2020/12/11, 29, 5, 4, 6, 3
2020/12/12, 13, 5, 4, 6, 2
2020/12/13, 15, 3, 8, 5, 3
2020/12/14, 17, 9, 10, 4, 6
2020/12/15, 17, 8, 9, 4, 4
2020/12/16, 25, 2, 11, 5, 9
2020/12/17, 46, 2, 11, 6, 5
2020/12/18, 30, 5, 11, 4, 5
2020/12/19, 22, 3, 9, 4, 8
2020/12/20, 40, 4, 14, 5, 8
2020/12/21, 37, 6, 5, 6, 2
2020/12/22, 13, 5, 6, 6, 3
2020/12/23, 10, 6, 5, 8, 3
2020/12/24, 10, 11, 2, 7, 1
2020/12/25, 10, 10, 3, 6, 1
2020/12/26, 15, 11, 4, 7, 3
2020/12/27, 19, 13, 3, 9, 2
2020/12/28, 11, 13, 3, 7, 1
2020/12/29, 7, 12, 12, 2, 4
2020/12/30, 18, 7, 10, 2, 5
2020/12/31, 33, , , , 
2020/7/1, 7, 41, 3, 3, 
2020/7/2, 8, 29, 3, , 
2020/7/3, 9, 35, 2, , 
2020/7/4, 9, 37, 2, , 
2020/7/5, 8, 33, 2, 1, 
2020/7/6, 8, 24, 3, , 
2020/7/7, 8, 26, 3, , 
2020/7/8, 7, 30, 2, , 
2020/7/9, 6, 38, 2, 1, 
2020/7/10, 10, 33, 1, , 
2020/7/11, 8, 21, 1, , 
2020/7/12, 5, 19, 4, , 
2020/7/13, 6, 26, 3, , 
2020/7/14, 7, 30, 3, 1, 
2020/7/15, 7, 37, 2, 1, 
2020/7/16, 8, 25, 3, 1, 
2020/7/17, 10, 38, 3, 1, 
2020/7/18, 10, 38, 1, 1, 
2020/7/19, 7, 39, 2, 1, 
2020/7/20, 9, 31, 3, 1, 
2020/7/21, 12, 35, 3, 1, 
2020/7/22, 10, 33, 6, 2, 
2020/7/23, 10, 37, 4, 2, 
2020/7/24, 10, 45, 3, 3, 
2020/7/25, 12, 40, 2, 2, 
2020/7/26, 12, 31, 5, 2, 
2020/7/27, 8, 38, 2, 2, 
2020/7/28, 9, 43, 4, 2, 
2020/7/29, 11, 47, 4, 2, 
2020/7/30, 13, 38, 6, 2, 
2020/7/31, 13, 25, 3, 1, 
2020/8/1, 8, 32, 2, 1, 
2020/8/2, 6, 30, 3, 2, 
2020/8/3, 8, 45, 4, 2, 
2020/8/4, 10, 21, 1, 1, 
2020/8/5, 5, 36, 3, 1, 
2020/8/6, 16, 47, 3, 1, 
2020/8/7, 20, 40, 3, 1, 
2020/8/8, 19, 30, 2, 1, 
2020/8/9, 12, 32, 3, 1, 
2020/8/10, 9, 32, 5, 1, 
2020/8/11, 10, 32, 4, 1, 
2020/8/12, 10, 44, 4, 2, 
2020/8/13, 12, 62, 3, 3, 
2020/8/14, 12, 34, 1, 2, 
2020/8/15, 12, 55, 1, 3, 
2020/8/16, 12, 41, 3, 2, 
2020/8/17, 10, 41, 3, 3, 
2020/8/18, 8, 44, 4, 3, 
2020/8/19, 14, 57, 5, 3, 
2020/8/20, 16, 51, 5, 2, 
2020/8/21, 12, 40, 2, 2, 
2020/8/22, 11, 24, 2, 3, 
2020/8/23, 6, 35, 3, 3, 
2020/8/24, 7, 29, 5, 3, 
2020/8/25, 7, 32, 3, 3, 
2020/8/26, 9, 22, 3, 3, 
2020/8/27, 7, 29, 3, 4, 
2020/8/28, 6, 35, 3, 4, 
2020/8/29, 9, 36, 2, 5, 
2020/8/30, 11, 30, 2, 4, 
2020/8/31, 8, 19, 2, 3, 
2020/9/1, 4, 17, 4, 3, 
2020/9/2, 5, 29, 4, 2, 
2020/9/3, 5, 33, 5, 3, 
2020/9/4, 11, 29, 3, 3, 
2020/9/5, 8, 18, 2, 3, 
2020/9/6, 5, 20, 5, 2, 1
2020/9/7, 5, 24, 4, 2, 2
2020/9/8, 7, 30, 4, 3, 2
2020/9/9, 8, 23, 5, 6, 1
2020/9/10, 9, 28, 6, 5, 2
2020/9/11, 12, 30, 5, 4, 2
2020/9/12, 13, 36, 3, 3, 1
2020/9/13, 10, 37, 6, 3, 2
2020/9/14, 15, 35, 7, 3, 2
2020/9/15, 14, 29, 7, 4, 2
2020/9/16, 17, 25, 5, 4, 1
2020/9/17, 12, 22, 6, 3, 2
2020/9/18, 9, 25, 5, 3, 2
2020/9/19, 12, 27, 4, 5, 3
2020/9/20, 15, 26, 8, 4, 3
2020/9/21, 13, 30, 9, 5, 3
2020/9/22, 15, 30, 7, 6, 2
2020/9/23, 15, 27, 7, 6, 2
2020/9/24, 12, 29, 4, 6, 1
2020/9/25, 8, 17, 3, 7, 1
2020/9/26, 8, 11, 3, 6, 2
2020/9/27, 4, 15, 4, 7, 2
2020/9/28, 7, 10, 7, 3, 3
2020/9/29, 8, 12, 6, , 2
2020/9/30, 6, , , , 
2020/4/1, 32, 39, 5, 4, 
2020/4/2, 23, 36, 4, 2, 
2020/4/3, 17, 36, 7, 2, 
2020/4/4, 29, 37, 4, 3, 
2020/4/5, 28, 39, 6, 1, 
2020/4/6, 22, 44, 8, 1, 
2020/4/7, 27, 50, 11, 3, 
2020/4/8, 34, 47, 7, 4, 
2020/4/9, 28, 34, 4, 2, 
2020/4/10, 14, 35, 3, 2, 
2020/4/11, 16, 39, 3, 2, 
2020/4/12, 12, 37, 1, 3, 
2020/4/13, 10, 27, 2, 1, 
2020/4/14, 9, 31, 5, 2, 
2020/4/15, 14, 41, 5, 3, 
2020/4/16, 14, 39, 8, 3, 
2020/4/17, 20, 36, 4, 2, 
2020/4/18, 16, 35, 3, 2, 
2020/4/19, 12, 31, 6, 2, 
2020/4/20, 16, 34, 6, 2, 
2020/4/21, 20, 37, 7, 2, 
2020/4/22, 21, 41, 7, 4, 
2020/4/23, 21, 45, 7, 4, 
2020/4/24, 20, 37, 3, 5, 
2020/4/25, 14, 36, 2, 3, 
2020/4/26, 7, 41, 6, 2, 
2020/4/27, 13, 40, 6, 2, 
2020/4/28, 12, 33, 5, 2, 
2020/4/29, 11, 25, 4, 2, 
2020/4/30, 11, 29, 3, 2, 
2020/5/1, 8, 32, 4, 2, 
2020/5/2, 6, 31, 2, 1, 
2020/5/3, 6, 29, 6, 1, 
2020/5/4, 8, 28, 6, 1, 
2020/5/5, 8, 27, 3, 1, 
2020/5/6, 5, 32, 3, 1, 
2020/5/7, 9, 40, 7, 1, 
2020/5/8, 14, 48, 6, 2, 
2020/5/9, 15, 45, 4, 2, 
2020/5/10, 11, 37, 3, 4, 
2020/5/11, 13, 25, 3, 1, 
2020/5/12, 6, 27, 4, 1, 
2020/5/13, 7, 29, 5, 1, 
2020/5/14, 8, 24, 7, 1, 
2020/5/15, 11, 42, 6, 1, 
2020/5/16, 13, 38, 3, 2, 
2020/5/17, 12, 42, 6, 1, 
2020/5/18, 11, 46, 4, 2, 
2020/5/19, 10, 32, 4, 1, 
2020/5/20, 7, 32, 4, 1, 
2020/5/21, 8, 33, 5, , 
2020/5/22, 10, 34, 3, 1, 
2020/5/23, 9, 27, 2, 1, 
2020/5/24, 5, 24, 5, , 
2020/5/25, 7, 25, 4, , 
2020/5/26, 6, 26, 5, , 
2020/5/27, 7, 33, 4, 1, 
2020/5/28, 6, 30, 3, 2, 
2020/5/29, 7, 24, 2, 2, 
2020/5/30, 6, 20, 2, 2, 
2020/5/31, 5, 29, 5, 2, 
2020/6/1, 11, 24, 4, 3, 
2020/6/2, 10, , , , 
2020/6/21, 7, 42, 5, 5, 
2020/6/22, 9, 25, 4, 4, 
2020/6/23, 7, 23, 5, 4, 
2020/6/24, 8, 39, 3, 4, 
2020/6/25, 10, 34, 2, 5, 
2020/6/26, 7, 46, , 5, 
2020/6/27, 9, 48, , 6, 
2020/6/28, 8, 44, 4, 6, 
2020/6/29, 8, 37, 4, 6, 
2020/6/30, 7, 42, 3, 7, 
2020/1/1, 19, 15, 9, 5, 
2020/1/2, 33, 14, 5, 3, 
2020/1/3, 22, 26, 4, 3, 
2020/1/4, 18, 25, 2, 1, 
2020/1/5, 14, 18, 7, 3, 
2020/1/6, 33, 16, 9, 3, 
2020/1/7, 29, 19, 8, 3, 
2020/1/8, 36, 16, 6, 1, 
2020/1/9, 27, 20, 5, 2, 
2020/1/10, 23, 18, 4, 2, 
2020/1/11, 15, 16, 4, 1, 
2020/1/12, 17, 17, 5, 1, 
2020/1/13, 17, 19, 5, 3, 
2020/1/14, 18, 29, 4, 4, 
2020/1/15, 21, 24, 12, 6, 
2020/1/16, 42, 10, 10, 6, 
2020/1/17, 50, 22, 11, 4, 
2020/1/18, 39, 7, 11, 8, 
2020/1/19, 57, 20, 8, 3, 
2020/1/20, 34, 17, 6, 4, 
2020/1/21, 30, 14, 7, 3, 
2020/1/22, 21, 18, 9, 3, 
2020/1/23, 34, 22, 6, 4, 
2020/1/24, 18, 19, 6, 5, 
2020/1/25, 22, 20, 8, 5, 
2020/1/26, 33, 16, 14, 7, 
2020/1/27, 27, 18, 6, 6, 
2020/1/28, 10, 23, 6, 6, 
2020/1/29, 7, 21, 5, 4, 
2020/1/30, 8, 19, 5, 4, 
2020/1/31, 7, 19, 4, 4, 
2020/2/1, 9, 27, 2, 4, 
2020/2/2, 5, 24, 6, 4, 
2020/2/3, 7, 23, 6, 5, 
2020/2/4, 5, 22, 4, 3, 
2020/2/5, 7, 16, 7, 3, 
2020/2/6, 14, 24, 9, 3, 
2020/2/7, 16, 20, 8, 6, 
2020/2/8, 28, 30, 2, 3, 
2020/2/9, 12, 28, 3, 7, 
2020/2/10, 11, 25, 5, 6, 
2020/2/11, 5, 25, 4, 11, 
2020/2/12, 5, 23, 5, 3, 
2020/2/13, 7, 22, 8, 3, 
2020/2/14, 10, 15, 9, 2, 
2020/2/15, 16, 31, 2, 2, 
2020/2/16, 11, 29, 4, 4, 
2020/2/17, 11, 20, 8, 3, 
2020/2/18, 11, 20, 8, 3, 
2020/2/19, 11, 18, 9, 3, 
2020/2/20, 18, 17, 6, 3, 
2020/2/21, 10, 23, 4, 3, 
2020/2/22, 11, 28, 3, 4, 
2020/2/23, 7, 24, 5, 4, 
2020/2/24, 8, 19, 6, 5, 
2020/2/25, 10, 21, 8, 6, 
2020/2/26, 11, 20, 7, 6, 
2020/2/27, 11, 16, 11, 5, 
2020/2/28, 14, 26, 4, 4, 
2020/2/29, 11, 25, 3, 5, 
2020/3/1, 10, 20, 11, 6, 
2020/3/2, 11, 19, 7, 6, 
2020/3/3, 13, 22, 7, 5, 
2020/3/4, 8, 25, 9, 4, 
2020/3/5, 17, 24, 6, 3, 
2020/3/6, 8, 19, 4, 2, 
2020/3/7, 8, 20, 7, 1, 
2020/3/8, 20, 19, 13, 4, 
2020/3/9, 33, 24, 11, 6, 
2020/3/10, 33, 24, 6, 4, 
2020/3/11, 10, 31, 3, 3, 
2020/3/12, 8, 26, 6, 3, 
2020/3/13, 10, 30, 2, 1, 
2020/3/14, 6, 30, 5, 1, 
2020/3/15, 18, 31, 3, , 
2020/3/16, 11, 29, 11, 3, 
2020/3/17, 28, 34, 10, 5, 
2020/3/18, 41, 36, 11, 5, 
2020/3/19, 37, 18, 9, 5, 
2020/3/20, 37, 26, 2, 1, 
2020/3/21, 6, 26, 1, 1, 
2020/3/22, 6, 29, 2, , 
2020/3/23, 11, 31, 3, , 
2020/3/24, 14, 35, 2, , 
2020/3/25, 17, 36, 3, 1, 
2020/3/26, 21, 41, 5, 2, 
2020/3/27, 32, 40, 11, 4, 
2020/3/28, 54, 17, 6, 8, 
2020/3/29, 53, , , , 
2019/10/1, 12, 32, 6, 5, 
2019/10/2, 15, 17, 8, 4, 
2019/10/3, 17, 11, 9, 4, 
2019/10/4, 20, 15, 6, 4, 
2019/10/5, 13, 16, 6, 3, 
2019/10/6, 17, 19, 9, 4, 
2019/10/7, 25, 27, 6, 4, 
2019/10/8, 19, 23, 9, 3, 
2019/10/9, 23, 18, 8, 2, 
2019/10/10, 17, 21, 7, 1, 
2019/10/11, 13, 28, 3, 2, 
2019/10/12, 14, 30, 3, 1, 
2019/10/13, 14, 29, 11, 1, 
2019/10/14, 24, 38, 9, 3, 
2019/10/15, 32, 32, 7, 2, 
2019/10/16, 22, 25, 12, 1, 
2019/10/17, 25, 25, 12, 2, 
2019/10/18, 27, 29, 9, 2, 
2019/10/19, 26, 33, 7, 1, 
2019/10/20, 21, 25, 19, 2, 
2019/10/21, 42, 23, 15, 2, 
2019/10/22, 49, 23, 12, 2, 
2019/10/23, 53, 28, 17, 3, 
2019/10/24, 45, 29, 20, 3, 
2019/10/25, 49, 28, 11, 3, 
2019/10/26, 40, 32, 5, 3, 
2019/10/27, 38, 20, 9, 2, 
2019/10/28, 23, 12, 11, 4, 
2019/10/29, 29, 18, 13, 1, 
2019/10/30, 34, 12, 12, 3, 
2019/10/31, 54, 26, 6, 4, 
2019/11/1, 38, 24, 2, 2, 
2019/11/2, 13, 17, 1, 3, 
2019/11/3, 9, 18, 4, 3, 
2019/11/4, 13, 13, 9, 2, 
2019/11/5, 20, 11, 9, 3, 
2019/11/6, 19, 2, 10, 3, 
2019/11/7, 26, 5, 9, 3, 
2019/11/8, 27, 17, 7, 3, 
2019/11/9, 17, 6, 5, 2, 
2019/11/10, 14, 17, 3, 1, 
2019/11/11, 13, 13, 10, 1, 
2019/11/12, 21, 25, 9, 3, 
2019/11/13, 28, 8, 8, 2, 
2019/11/14, 23, 4, 6, 2, 
2019/11/15, 30, 18, 6, 2, 
2019/11/16, 17, 5, 5, 1, 
2019/11/17, 27, 13, 7, 2, 
2019/11/18, 24, 14, 14, 1, 
2019/11/19, 33, 18, 6, 3, 
2019/11/20, 32, 15, 2, 2, 
2019/11/21, 13, 6, 2, 1, 
2019/11/22, 19, 5, 3, 1, 
2019/11/23, 22, 5, 3, 2, 
2019/11/24, 20, 2, 4, 2, 
2019/11/25, 22, 2, 4, 3, 
2019/11/26, 17, 19, 5, 4, 
2019/11/27, 19, 10, 7, 5, 
2019/11/28, 15, 16, 7, 4, 
2019/11/29, 13, 22, 4, 2, 
2019/11/30, 16, 19, 12, 4, 
2019/12/1, 34, 19, 8, 4, 
2019/12/2, 23, 14, 10, 3, 
2019/12/3, 27, 21, 7, 3, 
2019/12/4, 27, 26, 5, 2, 
2019/12/5, 18, 24, 4, 3, 
2019/12/6, 19, 14, 4, 3, 
2019/12/7, 16, 17, 2, 3, 
2019/12/8, 13, 17, 6, 4, 
2019/12/9, 22, 16, 7, 4, 
2019/12/10, 23, 13, 8, 3, 
2019/12/11, 23, 10, 11, 5, 
2019/12/12, 28, 12, 5, 6, 
2019/12/13, 19, 22, 8, 6, 
2019/12/14, 20, 20, 3, 5, 
2019/12/15, 13, 17, 5, 4, 
2019/12/16, 21, 19, 4, 5, 
2019/12/17, 19, 18, 6, 4, 
2019/12/18, 22, 19, 13, 4, 
2019/12/19, 37, 22, 6, 8, 
2019/12/20, 17, 22, 5, 6, 
2019/12/21, 23, 20, 6, 7, 
2019/12/22, 17, 8, 7, 6, 
2019/12/23, 15, 16, 3, 4, 
2019/12/24, 9, 9, 8, 6, 
2019/12/25, 32, 16, 3, 4, 
2019/12/26, 18, 15, 4, 3, 
2019/12/27, 14, 14, 3, 1, 
2019/12/28, 10, 18, 2, , 
2019/12/29, 12, , , , 
2019/7/1, 27, 46, 4, 1, 
2019/7/2, 20, 32, 4, 1, 
2019/7/3, 18, 37, 4, 1, 
2019/7/4, 18, 39, 4, 2, 
2019/7/5, 19, 37, 4, 2, 
2019/7/6, 17, 39, 1, 3, 
2019/7/7, 14, 32, 3, 2, 
2019/7/8, 14, 30, 4, 2, 
2019/7/9, 15, 22, 3, 2, 
2019/7/10, 11, 23, 5, 2, 
2019/7/11, 12, 34, 5, 3, 
2019/7/12, 14, 31, 4, 3, 
2019/7/13, 14, 25, 3, 3, 
2019/7/14, 11, 32, 6, 3, 
2019/7/15, 15, 33, 3, 3, 
2019/7/16, 19, 27, 5, 3, 
2019/7/17, 15, 32, 5, 3, 
2019/7/18, 15, 39, 4, 2, 
2019/7/19, 15, 40, 3, 2, 
2019/7/20, 13, 39, 2, 2, 
2019/7/21, 12, 28, 4, 2, 
2019/7/22, 18, 25, 4, 2, 
2019/7/23, 14, 18, 4, 2, 
2019/7/24, 15, 36, 3, 2, 
2019/7/25, 14, 31, 4, 3, 
2019/7/26, 17, 28, 1, 4, 
2019/7/27, 13, 35, , 4, 
2019/7/28, 12, 36, 4, 4, 
2019/7/29, 17, 49, 3, 4, 
2019/7/30, 20, 39, 4, 3, 
2019/7/31, 19, 37, 4, 4, 
2019/8/1, 17, 38, 5, 4, 
2019/8/2, 18, 34, 4, 4, 
2019/8/3, 15, 29, 2, 4, 
2019/8/4, 12, 38, 4, 4, 
2019/8/5, 15, 39, 3, 4, 
2019/8/6, 13, 35, 4, 4, 
2019/8/7, 13, 36, 4, 4, 
2019/8/8, 15, 43, 4, 4, 
2019/8/9, 17, 35, 3, 4, 
2019/8/10, 16, 38, 4, 3, 
2019/8/11, 9, 44, 5, 4, 
2019/8/12, 20, 35, 6, 4, 
2019/8/13, 10, 27, 8, 4, 
2019/8/14, 9, 36, 3, 4, 
2019/8/15, 11, 38, 4, 4, 
2019/8/16, 14, 37, 5, 4, 
2019/8/17, 17, 31, 4, 5, 
2019/8/18, 14, 33, 7, 4, 
2019/8/19, 15, 39, 5, 4, 
2019/8/20, 17, 31, 4, 3, 
2019/8/21, 15, 32, 4, 3, 
2019/8/22, 12, 34, 4, 4, 
2019/8/23, 18, 40, 4, 4, 
2019/8/24, 18, 42, 3, 5, 
2019/8/25, 24, 39, 8, 4, 
2019/8/26, 23, 41, 6, 4, 
2019/8/27, 24, 42, 10, 5, 
2019/8/28, 30, 50, 8, 5, 
2019/8/29, 26, 52, 7, 5, 
2019/8/30, 26, 43, 6, 5, 
2019/8/31, 23, 43, 6, 6, 
2019/9/1, 23, 46, 6, 3, 
2019/9/2, 15, 21, 7, , 
2019/9/3, 7, 35, 6, 1, 
2019/9/4, 13, 35, 7, 1, 
2019/9/5, 17, 31, 8, 1, 
2019/9/6, 20, 28, 6, 2, 
2019/9/7, 22, 34, 6, 1, 
2019/9/8, 15, 29, 7, 2, 
2019/9/9, 18, 31, 7, 1, 
2019/9/10, 11, 35, 9, 1, 
2019/9/11, 19, 42, 8, 1, 
2019/9/12, 21, 37, 7, 1, 
2019/9/13, 20, 28, 5, , 
2019/9/14, 18, 29, 4, 1, 
2019/9/15, 14, 26, 6, 2, 
2019/9/16, 14, 25, 6, 3, 
2019/9/17, 18, 23, 5, 2, 
2019/9/18, 13, 26, 5, 2, 
2019/9/19, 11, 22, 8, 2, 
2019/9/20, 16, 25, 7, 2, 
2019/9/21, 22, 30, 7, 3, 
2019/9/22, 15, 28, 7, 3, 
2019/9/23, 22, 18, 8, 3, 
2019/9/24, 44, 12, 10, 4, 
2019/9/25, 34, 20, 9, 4, 
2019/9/26, 19, 22, 9, 4, 
2019/9/27, 19, 20, 6, 4, 
2019/9/28, 13, 23, 4, 4, 
2019/9/29, 10, 25, 5, 5, 
2019/9/30, 13, 28, 6, 4, 
2019/4/1, 17, 36, 4, 2, 
2019/4/2, 27, 40, 5, 3, 
2019/4/3, 38, 38, 8, 3, 
2019/4/4, 42, 40, 9, 3, 
2019/4/5, 43, 28, 5, 3, 
2019/4/6, 35, 36, 6, 3, 
2019/4/7, 23, 41, 10, 4, 
2019/4/8, 34, 40, 8, 3, 
2019/4/9, 36, 31, 5, 2, 
2019/4/10, 24, 24, 5, 1, 
2019/4/11, 21, 25, 6, 1, 
2019/4/12, 17, 32, 4, 2, 
2019/4/13, 27, 40, 5, 2, 
2019/4/14, 28, 38, 9, 2, 
2019/4/15, 30, 35, 7, 2, 
2019/4/16, 31, 32, 10, 1, 
2019/4/17, 28, 42, 11, 1, 
2019/4/18, 38, 46, 10, 1, 
2019/4/19, 36, 50, 7, 2, 
2019/4/20, 32, 43, 2, 2, 
2019/4/21, 22, 44, 1, 2, 
2019/4/22, 18, 42, 3, 2, 
2019/4/23, 20, 33, 6, 2, 
2019/4/24, 24, 38, 6, 3, 
2019/4/25, 35, 40, 7, 3, 
2019/4/26, 42, 24, 4, 3, 
2019/4/27, 30, 23, 3, 2, 
2019/4/28, 13, 17, 7, 3, 
2019/4/29, 11, 15, 4, 3, 
2019/4/30, 9, 42, 2, 4, 
2019/5/1, 19, 44, 5, 4, 
2019/5/2, 26, 29, 3, 4, 
2019/5/3, 19, 30, 3, 4, 
2019/5/4, 14, 25, 3, 3, 
2019/5/5, 17, 28, 6, 3, 
2019/5/6, 12, 34, 4, 3, 
2019/5/7, 17, 36, 5, 3, 
2019/5/8, 20, 31, 5, 3, 
2019/5/9, 17, 33, 4, 4, 
2019/5/10, 13, 38, 8, 4, 
2019/5/11, 21, 39, 3, 3, 
2019/5/12, 17, 27, 3, 1, 
2019/5/13, 16, 25, 6, 2, 
2019/5/14, 10, 11, 6, 3, 
2019/5/15, 15, 20, 5, 3, 
2019/5/16, 14, 26, 6, 3, 
2019/5/17, 16, 32, 2, 3, 
2019/5/18, 14, 27, 4, 4, 
2019/5/19, 12, 33, 5, 4, 
2019/5/20, 13, 30, 4, 4, 
2019/5/21, 9, 23, 5, 4, 
2019/5/22, 9, 20, 5, 3, 
2019/5/23, 11, 18, 4, 3, 
2019/5/24, 14, 42, 6, 4, 
2019/5/25, 23, 45, 4, 4, 
2019/5/26, 20, 38, 5, 4, 
2019/5/27, 17, 38, 3, 4, 
2019/5/28, 14, 26, 3, 3, 
2019/5/29, 12, 15, 6, 2, 
2019/5/30, 14, 37, 8, 3, 
2019/5/31, 18, 38, 5, 3, 
2019/6/1, 19, 38, 3, 3, 
2019/6/2, 15, 39, 4, 3, 
2019/6/3, 16, 39, 3, 5, 
2019/6/4, 21, 37, 4, 5, 
2019/6/5, 21, 23, 6, 3, 
2019/6/6, 13, 33, 6, 3, 
2019/6/7, 15, 42, 2, 3, 
2019/6/8, 16, 36, 2, 3, 
2019/6/11, 16, 31, 6, 4, 
2019/6/12, 19, 37, 5, 4, 
2019/6/13, 20, 50, 5, 4, 
2019/6/14, 29, 41, 3, 4, 
2019/6/15, 24, 49, 2, 4, 
2019/6/16, 23, 31, 5, 3, 
2019/6/17, 15, 37, 4, 1, 
2019/6/18, 18, 33, 5, 1, 
2019/6/19, 18, 39, 2, , 
2019/6/20, 11, 45, 3, 1, 
2019/6/21, 14, 39, 2, , 
2019/6/22, 16, 36, 2, , 
2019/6/23, 13, 35, 3, , 
2019/6/24, 13, 41, 3, , 
2019/6/25, 18, 46, 5, , 
2019/6/26, 26, 51, 3, 1, 
2019/6/27, 27, 31, 2, 1, 
2019/6/28, 15, 33, 3, 1, 
2019/6/29, 15, 45, 2, 1, 
2019/6/30, 16, 41, 4, 2, 
2019/1/1, 17, 25, 4, 5, 
2019/1/2, 9, 26, 4, 4, 
2019/1/3, 11, 23, 6, 4, 
2019/1/4, 17, 23, 5, 5, 
2019/1/5, 17, 23, 3, 4, 
2019/1/6, 13, 15, 13, 6, 
2019/1/7, 51, 21, 7, 7, 
2019/1/8, 34, 21, 9, 9, 
2019/1/9, 33, 12, 12, 8, 
2019/1/10, 59, 14, 12, 9, 
2019/1/11, 56, 20, 8, 8, 
2019/1/12, 33, 17, 5, 6, 
2019/1/13, 16, 27, 4, 5, 
2019/1/14, 11, 25, 7, 3, 
2019/1/15, 16, 17, 10, 2, 
2019/1/16, 17, 21, 7, 1, 
2019/1/17, 23, 22, 8, 1, 
2019/1/18, 18, 20, 15, 7, 
2019/1/19, 57, 10, 15, 8, 
2019/1/20, 90, 9, 19, 8, 
2019/1/21, 92, 17, 13, 8, 
2019/1/22, 90, 22, 6, 4, 
2019/1/23, 32, 23, 5, 5, 
2019/1/24, 29, 22, 11, 7, 
2019/1/25, 39, 15, 11, 6, 
2019/1/26, 52, 27, 6, 3, 
2019/1/27, 29, 26, 12, 3, 
2019/1/28, 22, 17, 15, 5, 
2019/1/29, 38, 11, 14, 6, 
2019/1/30, 63, 10, 15, 3, 
2019/1/31, 61, 23, 11, 3, 
2019/2/1, 24, 29, 5, 2, 
2019/2/2, 12, 21, 12, 3, 
2019/2/3, 42, 10, 9, 1, 
2019/2/4, 20, 9, 13, 2, 
2019/2/5, 47, 18, 17, 4, 
2019/2/6, 52, 26, 10, , 
2019/2/7, 32, 25, 15, 3, 
2019/2/8, 43, 25, 7, 1, 
2019/2/9, 29, 30, 4, 1, 
2019/2/10, 25, 24, 7, 3, 
2019/2/11, 16, 24, 5, 1, 
2019/2/12, 12, 21, 8, 1, 
2019/2/13, 20, 19, 10, 1, 
2019/2/14, 26, 17, 12, 1, 
2019/2/15, 34, 21, 12, 4, 
2019/2/16, 46, 29, 7, 2, 
2019/2/17, 39, 26, 16, 3, 
2019/2/18, 57, 26, 10, 2, 
2019/2/19, 49, 13, 6, 3, 
2019/2/20, 24, 12, 9, 4, 
2019/2/21, 27, 20, 4, 1, 
2019/2/22, 14, 20, 5, 1, 
2019/2/23, 21, 13, 11, 6, 
2019/2/24, 42, 9, 12, 7, 
2019/2/25, 45, 19, 6, 5, 
2019/2/26, 25, 18, 8, 6, 
2019/2/27, 25, 23, 8, 8, 
2019/2/28, 33, 17, 8, 6, 
2019/3/1, 32, 23, 11, 7, 
2019/3/2, 37, 20, 6, 7, 
2019/3/3, 34, 23, 6, 7, 
2019/3/4, 29, 22, 6, 5, 
2019/3/5, 14, 19, 8, 2, 
2019/3/6, 19, 22, 5, 3, 
2019/3/7, 21, 23, 8, 3, 
2019/3/8, 19, 29, 5, 3, 
2019/3/9, 15, 33, 3, 3, 
2019/3/10, 9, 29, 5, 3, 
2019/3/11, 12, 26, 7, 2, 
2019/3/12, 23, 24, 7, 2, 
2019/3/13, 21, 24, 8, 3, 
2019/3/14, 17, 24, 7, 4, 
2019/3/15, 14, 31, 6, 4, 
2019/3/16, 20, 29, 4, 3, 
2019/3/17, 17, 29, 9, 3, 
2019/3/18, 31, 28, 11, 3, 
2019/3/19, 33, 27, 13, 3, 
2019/3/20, 49, 22, 12, 3, 
2019/3/21, 43, 14, 12, 2, 
2019/3/22, 40, 31, 13, 2, 
2019/3/23, 44, 29, 10, 3, 
2019/3/24, 43, 28, 9, 3, 
2019/3/25, 20, 30, 4, 1, 
2019/3/26, 17, 30, 8, 2, 
2019/3/27, 24, 15, 14, 3, 
2019/3/28, 42, 29, 11, 2, 
2019/3/29, 40, 25, 15, 5, 
2019/3/30, 60, 42, 8, 3, 
2019/3/31, 37, 35, 4, 1, 
2018/10/1, 23, 12, 9, 3, 
2018/10/2, 23, 22, 5, 2, 
2018/10/3, 12, 23, 8, 2, 
2018/10/4, 22, 26, 9, , 
2018/10/5, 21, 34, 5, 1, 
2018/10/6, 22, 33, 7, 3, 
2018/10/7, 30, 20, 6, 3, 
2018/10/8, 18, 21, 10, 4, 
2018/10/9, 32, 17, 9, 2, 
2018/10/10, 37, 28, 8, 1, 
2018/10/11, 34, 28, 16, 1, 
2018/10/12, 46, 25, 12, 2, 
2018/10/13, 52, 25, 10, 2, 
2018/10/14, 44, 24, 16, 2, 
2018/10/15, 43, 26, 17, 2, 
2018/10/16, 46, 28, 16, 2, 
2018/10/17, 48, 24, 16, 4, 
2018/10/18, 68, 17, 13, 4, 
2018/10/19, 69, 19, 7, 2, 
2018/10/20, 49, 17, 7, 2, 
2018/10/21, 25, 8, 11, 3, 
2018/10/22, 32, 19, 8, 5, 
2018/10/23, 17, 24, 4, 4, 
2018/10/24, 9, 24, 7, 4, 
2018/10/25, 12, 23, 9, 4, 
2018/10/26, 18, 18, 9, 5, 
2018/10/27, 26, 17, 6, 3, 
2018/10/28, 26, 19, 7, 4, 
2018/10/29, 17, 24, 7, 4, 
2018/10/30, 25, 25, 17, 2, 
2018/10/31, 19, 27, 8, 3, 
2018/11/1, 44, 16, 11, 3, 
2018/11/2, 46, 10, 8, 2, 
2018/11/3, 45, 6, 6, 5, 
2018/11/4, 39, 6, 7, 3, 
2018/11/5, 31, 10, 9, 3, 
2018/11/6, 41, 21, 10, 3, 
2018/11/7, 40, 14, 16, 4, 
2018/11/8, 56, 9, 15, 4, 
2018/11/9, 59, 22, 12, 4, 
2018/11/10, 42, 27, 7, 6, 
2018/11/11, 29, 24, 11, 4, 
2018/11/13, 43, 18, 6, 3, 
2018/11/14, 14, 14, 8, 2, 
2018/11/15, 15, 8, 6, 2, 
2018/11/16, 19, 14, 9, 3, 
2018/11/17, 35, 8, 12, 6, 
2018/11/18, 58, 14, 9, 5, 
2018/11/19, 38, 18, 6, 6, 
2018/11/20, 31, 18, 6, 5, 
2018/11/21, 27, 13, 7, 7, 
2018/11/22, 40, 9, 9, 8, 
2018/11/23, 51, 13, 6, 4, 
2018/11/24, 21, 9, 8, 6, 
2018/11/25, 26, 11, 5, 5, 
2018/11/26, 14, 17, 10, 4, 
2018/11/27, 26, 12, 13, 4, 
2018/11/28, 42, 21, 4, 2, 
2018/11/29, 19, 20, 8, 3, 
2018/11/30, 30, 16, 9, 5, 
2018/12/1, 41, 21, 4, 4, 
2018/12/2, 22, 19, 6, 6, 
2018/12/3, 17, 17, 7, 5, 
2018/12/4, 15, 19, 9, 4, 
2018/12/5, 26, 14, 14, 5, 
2018/12/6, 47, 20, 6, 4, 
2018/12/7, 17, 18, 8, 7, 
2018/12/8, 25, 15, 4, 5, 
2018/12/9, 13, 18, 6, 5, 
2018/12/10, 12, 18, 13, 5, 
2018/12/11, 24, 14, 12, 4, 
2018/12/12, 29, 9, 9, 3, 
2018/12/13, 23, 12, 8, 3, 
2018/12/14, 20, 13, 4, 3, 
2018/12/15, 17, 12, 9, 6, 
2018/12/16, 36, 4, 17, 8, 
2018/12/17, 51, 8, 18, 10, 
2018/12/18, 65, 20, 9, 4, 
2018/12/19, 34, 20, 8, 5, 
2018/12/20, 21, 22, 7, 8, 
2018/12/21, 23, 21, 5, 6, 
2018/12/22, 20, 16, 5, 4, 
2018/12/23, 14, 15, 4, 4, 
2018/12/24, 12, 20, 3, 3, 
2018/12/25, 13, 18, 3, 4, 
2018/12/26, 13, 17, 7, 5, 
2018/12/27, 15, 18, 6, 4, 
2018/12/28, 15, 20, 5, 4, 
2018/12/29, 14, 16, 5, 4, 
2018/12/30, 16, , , , 
2018/7/21, 34, 60, 5, , 
2018/7/22, 22, 35, 5, , 
2018/7/23, 19, 35, 5, 1, 
2018/7/24, 19, 28, 5, 1, 
2018/7/25, 13, 35, 8, , 
2018/7/26, 12, 38, 7, , 
2018/7/27, 15, 40, 5, 1, 
2018/7/28, 17, 40, 4, 1, 
2018/7/29, 15, 39, 4, 1, 
2018/7/30, 17, 46, 4, 13, 
2018/7/31, 14, 51, 4, 9, 
2018/8/1, 21, 49, 6, 1, 
2018/8/2, 21, 43, 8, 1, 
2018/8/3, 22, 46, 4, 2, 
2018/8/4, 22, 52, 3, 2, 
2018/8/5, 17, 35, 6, 2, 
2018/8/6, 16, 39, 5, 1, 
2018/8/7, 17, 36, 5, 2, 
2018/8/8, 19, 40, 5, 2, 
2018/8/9, 25, 47, 5, 2, 
2018/8/10, 19, 39, 4, 1, 
2018/8/11, 9, 39, 2, 1, 
2018/8/12, 11, 42, 6, 3, 
2018/8/13, 19, 39, 6, 3, 
2018/8/14, 21, 32, 3, 2, 
2018/8/15, 12, 36, 6, 2, 
2018/8/16, 11, 36, 6, 2, 
2018/8/17, 16, 43, 5, 2, 
2018/8/18, 19, 46, 3, 2, 
2018/8/19, 17, 46, 6, 2, 
2018/8/20, 18, 30, 5, 3, 
2018/8/21, 18, 34, 7, 2, 
2018/8/22, 20, 39, 6, 3, 
2018/8/23, 29, 43, 8, 3, 
2018/8/24, 24, 38, 3, 4, 
2018/8/25, 14, 21, 3, 3, 
2018/8/26, 12, 21, 6, 2, 
2018/8/27, 14, 35, 6, 1, 
2018/8/28, 15, 37, 8, 1, 
2018/8/29, 24, 37, 10, 1, 
2018/8/30, 27, 35, 8, 1, 
2018/8/31, 24, 45, 5, 2, 
2018/9/1, 35, 41, 4, 1, 
2018/9/2, 28, 43, 8, 3, 
2018/9/3, 34, 31, 7, 2, 
2018/9/4, 29, 27, 9, 2, 
2018/9/5, 23, 30, 8, 2, 
2018/9/6, 24, 27, 9, 2, 
2018/9/7, 26, 38, 7, 2, 
2018/9/8, 30, 31, 5, 1, 
2018/9/9, 21, 38, 9, 2, 
2018/9/10, 23, 44, 8, 2, 
2018/9/11, 26, 44, 9, 1, 
2018/9/12, 23, 59, 9, 3, 
2018/9/13, 33, 21, 7, 2, 
2018/9/14, 27, 18, 6, 1, 
2018/9/15, 15, 29, 5, 1, 
2018/9/16, 17, 31, 8, 1, 
2018/9/17, 16, 33, 10, 1, 
2018/9/18, 20, 40, 10, 2, 
2018/9/19, 28, 46, 10, 2, 
2018/9/20, 32, 41, 7, 2, 
2018/9/21, 31, 30, 5, 2, 
2018/9/22, 16, 25, 1, 2, 
2018/9/23, 12, 26, 1, 2, 
2018/9/24, 11, 24, 4, , 
2018/9/25, 10, 26, 9, 2, 
2018/9/26, 17, 24, 7, 3, 
2018/9/27, 24, 28, 7, 4, 
2018/9/28, 23, 25, 8, 3, 
2018/9/29, 22, 24, 9, 3, 
2018/9/30, 20, 19, 10, 3, 
2018/4/2, 49, 38, 7, 2, 3
2018/4/3, 20, 40, 5, 1, 2
2018/4/4, 22, 40, 7, 2, 2
2018/4/5, 20, 28, 9, 2, 3
2018/4/6, 28, 36, 9, 5, 4
2018/4/7, 39, 35, 10, 2, 3
2018/4/8, 34, 36, 9, 1, 2
2018/4/9, 31, 38, 8, , 2
2018/4/10, 28, 40, 11, , 3
2018/4/11, 32, 46, 7, 2, 3
2018/4/12, 52, 35, 8, 1, 2
2018/4/13, 43, 50, 8, 1, 2
2018/4/14, 28, 45, 11, 1, 3
2018/4/15, 29, 32, 14, 1, 3
2018/4/16, 36, 28, 11, 1, 3
2018/4/17, 33, 43, 10, 1, 3
2018/4/18, 27, 43, 7, 1, 2
2018/4/19, 32, 42, 9, 1, 2
2018/4/20, 20, 60, 4, 2, 2
2018/4/21, 25, 46, 7, 2, 2
2018/4/22, 19, 43, 9, 2, 2
2018/4/23, 24, 44, 7, 1, 2
2018/4/24, 29, 46, 6, 1, 2
2018/4/25, 25, 30, 7, 1, 2
2018/4/26, 16, 39, 8, 2, 2
2018/4/27, 17, 41, 5, 1, 2
2018/4/28, 17, 37, 6, 1, 2
2018/4/29, 23, 40, 6, 2, 2
2018/4/30, 30, 45, 2, 2, 2
2018/5/1, 27, 51, 4, 2, 2
2018/5/2, 29, 47, 6, 2, 2
2018/5/3, 26, 48, 3, 3, 1
2018/5/4, 33, 45, 2, 3, 1
2018/5/5, 22, 42, 6, 2, 1
2018/5/6, 16, 41, 6, 2, 2
2018/5/7, 19, 35, 8, , 2
2018/5/8, 21, 38, 6, , 2
2018/5/9, 30, 39, 8, 1, 2
2018/5/10, 32, 46, 8, , 2
2018/5/11, 24, 50, 6, 1, 1
2018/5/12, 25, 44, 5, , 2
2018/5/13, 20, 38, 13, , 2
2018/5/14, 18, 28, 10, , 2
2018/5/15, 21, 22, 11, , 2
2018/5/16, 13, 30, 9, , 2
2018/5/17, 12, 28, 8, 1, 2
2018/5/18, 19, 35, 8, 1, 2
2018/5/19, 24, 41, 6, 1, 1
2018/5/20, 15, 38, 7, 1, 1
2018/5/21, 16, 39, 6, 1, 2
2018/5/22, 13, 41, 12, 1, 2
2018/5/23, 16, 43, 8, 1, 2
2018/5/24, 17, 40, 10, 1, 2
2018/5/25, 18, 32, 7, 1, 2
2018/5/26, 22, 46, 5, 2, 1
2018/5/27, 24, 45, 5, 2, 1
2018/5/28, 25, 44, 7, 2, 1
2018/5/29, 20, 43, 8, 2, 2
2018/5/30, 23, 47, 6, 3, 2
2018/5/31, 23, 48, 5, 3, 1
2018/6/1, 26, 44, 5, 3, 1
2018/6/2, 21, 45, 3, 3, 1
2018/6/3, 18, 53, 5, 3, 1
2018/6/4, 23, 46, 6, 3, 2
2018/6/5, 23, 33, 3, 2, 1
2018/6/6, 13, 42, 5, 3, 1
2018/6/7, 20, 48, 8, 2, 2
2018/6/8, 19, 48, 7, 3, 2
2018/6/9, 27, 44, 4, 3, 1
2018/6/10, 22, 44, 6, 3, 1
2018/6/11, 15, 41, 7, 3, 1
2018/6/12, 21, 31, 6, 3, 1
2018/6/13, 17, 25, 9, 3, 1
2018/6/14, 16, 32, 9, 3, 2
2018/6/15, 19, 39, 4, 3, 1
2018/6/16, 15, 36, 3, 3, 1
2018/6/17, 15, 34, 7, 3, 1
2018/6/18, 13, 53, 6, 3, 2
2018/6/19, 23, 42, 6, 4, 1
2018/6/20, 24, 48, 5, 3, 1
2018/6/21, 24, 24, 3, 3, 1
2018/6/22, 11, , , , 
2018/1/1, 16, 9, 14, 4, 7
2018/1/2, 36, 21, 7, 3, 3
2018/1/3, 19, 20, 6, 1, 3
2018/1/4, 11, 21, 6, 2, 3
2018/1/5, 17, 19, 4, 3, 3
2018/1/6, 19, 13, 7, 2, 4
2018/1/7, 24, 11, 9, 3, 3
2018/1/8, 22, 11, 10, 5, 4
2018/1/9, 25, 9, 9, 5, 4
2018/1/10, 31, 5, 9, 6, 4
2018/1/11, 37, 9, 6, 3, 3
2018/1/12, 24, 20, 3, 4, 2
2018/1/13, 17, 19, 3, 3, 2
2018/1/14, 13, 20, 6, 3, 3
2018/1/15, 39, 21, 5, 5, 3
2018/1/16, 22, 17, 11, 8, 5
2018/1/17, 30, 24, 7, 6, 3
2018/1/18, 16, 26, 8, 6, 2
2018/1/19, 18, 11, 13, 7, 6
2018/1/20, 36, 16, 10, 5, 4
2018/1/21, 34, 20, 9, 4, 3
2018/1/22, 31, 21, 10, , 4
2018/1/23, 33, 24, 7, 1, 4
2018/1/24, 29, 26, 6, 3, 3
2018/1/25, 21, 27, 13, 2, 5
2018/1/26, 24, 20, 14, 3, 6
2018/1/27, 45, 19, 9, 3, 6
2018/1/28, 42, 14, 7, , 4
2018/1/29, 15, 28, 4, 2, 2
2018/1/30, 12, 24, 8, 3, 3
2018/1/31, 21, 27, 6, 1, 2
2018/2/1, 21, 15, 15, 1, 4
2018/2/2, 24, 18, 12, 2, 6
2018/2/3, 30, 19, 7, 1, 3
2018/2/4, 30, 20, 10, 4, 3
2018/2/5, 33, 21, 17, 7, 9
2018/2/6, 60, 22, 18, 9, 11
2018/2/7, 71, 14, 12, 2, 5
2018/2/8, 46, 8, 11, 2, 4
2018/2/9, 38, 16, 10, 2, 4
2018/2/10, 47, 17, 12, 6, 8
2018/2/11, 62, 14, 18, 4, 7
2018/2/12, 49, 13, 18, 4, 7
2018/2/13, 60, 26, 9, 2, 4
2018/2/14, 35, 28, 11, 4, 4
2018/2/15, 48, 22, 14, 4, 6
2018/2/16, 42, 25, 11, 4, 5
2018/2/17, 41, 23, 9, 4, 6
2018/2/18, 41, 29, 13, 5, 5
2018/2/19, 46, 35, 8, 8, 4
2018/2/20, 45, 31, 9, 4, 3
2018/2/21, 36, 27, 7, 2, 3
2018/2/22, 29, 31, 9, 4, 3
2018/2/23, 33, 29, 6, 5, 3
2018/2/24, 37, 28, 5, 5, 2
2018/2/25, 29, 31, 11, 8, 5
2018/2/26, 53, 32, 5, 6, 4
2018/2/27, 36, 30, 7, 4, 3
2018/2/28, 31, 27, 15, 10, 10
2018/3/1, 78, 45, 15, 11, 9
2018/3/2, 81, 37, 12, 8, 5
2018/3/3, 62, 33, 22, 12, 11
2018/3/4, 99, 36, 17, 5, 9
2018/3/5, 60, 38, 18, 3, 7
2018/3/6, 61, 18, 24, 2, 10
2018/3/7, 54, 27, 13, , 5
2018/3/8, 30, 23, 13, , 5
2018/3/9, 27, 28, 10, , 5
2018/3/10, 33, 33, 8, , 3
2018/3/11, 23, 28, 9, 1, 2
2018/3/12, 17, 28, 11, 1, 3
2018/3/13, 23, 18, 11, 3, 4
2018/3/14, 31, 16, 9, 2, 3
2018/3/15, 24, 11, 9, 1, 4
2018/3/16, 23, 33, 3, 2, 2
2018/3/17, 13, 35, 2, 3, 2
2018/3/18, 22, 36, 6, 2, 2
2018/3/19, 26, 31, 10, 1, 3
2018/3/20, 32, 31, 14, 3, 4
2018/3/21, 40, 33, 19, 3, 8
2018/3/22, 50, 39, 17, 4, 8
2018/3/23, 55, 36, 19, 10, 8
2018/3/24, 67, 37, 9, 1, 4
2018/3/25, 24, 32, 15, 3, 6
2018/3/26, 42, 22, 13, 2, 7
2018/3/27, 49, 27, 9, 1, 3
2018/3/28, 30, 30, 10, 2, 3
2018/3/29, 31, 19, 6, 2, 4
2018/3/30, 41, , , , 
2017/10/20, 47, 14, 8, 3, 3
2017/10/21, 40, 12, 7, 3, 3
2017/10/22, 35, 4, 7, 2, 3
2017/10/23, 12, 10, 5, , 2
2017/10/24, 11, 9, 6, , 3
2017/10/25, 17, 15, 7, , 2
2017/10/26, 19, 15, 8, , 2
2017/10/27, 16, 17, 4, 1, 2
2017/10/28, 9, 26, 2, 1, 1
2017/10/29, 7, 23, 2, , 1
2017/10/30, 15, 22, 6, , 2
2017/10/31, 14, 14, 5, 2, 3
2017/11/1, 19, 14, 5, , 2
2017/11/2, 18, 12, 7, , 2
2017/11/3, 18, 17, 8, , 3
2017/11/4, 22, 25, 4, 1, 2
2017/11/5, 16, 22, 10, 1, 4
2017/11/6, 36, 6, 8, 1, 7
2017/11/7, 43, 14, 5, , 2
2017/11/8, 20, 8, 9, 2, 4
2017/11/9, 36, 8, 10, 2, 6
2017/11/10, 34, 24, 5, 2, 3
2017/11/11, 15, 21, 5, 2, 3
2017/11/12, 12, 15, 9, 2, 4
2017/11/13, 18, 13, 9, 2, 3
2017/11/14, 23, 10, 12, 4, 8
2017/11/15, 46, 4, 13, 4, 9
2017/11/16, 57, 1, 14, 3, 8
2017/11/17, 58, 6, 13, 3, 6
2017/11/18, 44, 18, 8, 3, 4
2017/11/19, 26, 18, 8, 2, 3
2017/11/20, 16, 13, 10, 3, 4
2017/11/21, 23, 6, 9, 3, 5
2017/11/22, 18, 12, 6, 2, 5
2017/11/23, 14, 16, 8, 3, 4
2017/11/24, 25, 24, 4, 4, 3
2017/11/25, 20, 18, 5, 2, 2
2017/11/26, 16, 12, 11, 4, 6
2017/11/27, 47, 11, 12, 3, 7
2017/11/28, 34, 18, 8, 2, 4
2017/11/29, 20, 18, 8, 4, 4
2017/11/30, 24, 10, 14, 9, 7
2017/12/1, 40, 1, 12, 5, 12
2017/12/2, 71, 8, 7, 2, 4
2017/12/3, 31, 12, 10, 4, 4
2017/12/4, 22, 19, 9, 3, 3
2017/12/5, 20, 17, 7, 2, 2
2017/12/6, 16, 16, 8, 2, 2
2017/12/7, 19, 20, 7, 3, 3
2017/12/8, 25, 7, 13, 5, 5
2017/12/9, 50, 20, 7, 4, 3
2017/12/10, 20, 26, 5, 3, 2
2017/12/11, 10, 26, 6, 3, 2
2017/12/12, 14, 16, 12, 4, 4
2017/12/13, 28, 19, 5, 2, 3
2017/12/14, 12, 15, 12, 3, 3
2017/12/15, 17, 12, 10, 4, 4
2017/12/16, 31, 13, 12, 6, 6
2017/12/17, 50, 4, 13, 4, 11
2017/12/18, 66, 12, 10, 4, 3
2017/12/19, 30, 11, 11, 3, 4
2017/12/20, 37, 9, 11, 2, 4
2017/12/21, 30, 18, 8, 1, 3
2017/12/22, 17, 22, 5, 1, 2
2017/12/23, 16, 20, 4, 2, 2
2017/12/24, 11, 23, 3, 1, 2
2017/12/25, 11, 26, 3, 2, 2
2017/12/26, 14, 21, 7, 3, 3
2017/12/27, 21, 24, 8, 3, 2
2017/12/28, 14, 14, 9, 2, 3
2017/12/29, 21, 16, 10, 3, 5
2017/12/30, 31, , , , 
2017/1/2, 50, 20, 8, 6, 3
2017/1/3, 26, 22, 5, 3, 3
2017/1/4, 15, 23, 4, 2, 2
2017/1/5, 13, 25, 2, 4, 2
2017/1/6, 19, 19, 9, 11, 7
2017/1/7, 56, 18, 15, 20, 12
2017/1/8, 104, 20, 13, 10, 5
2017/1/9, 55, 15, 18, 10, 11
2017/1/10, 70, 10, 26, 19, 22
2017/1/11, 142, 22, 6, 8, 5
2017/1/12, 45, 22, 7, 8, 5
2017/1/13, 30, 18, 9, 6, 4
2017/1/14, 26, 17, 13, 9, 7
2017/1/15, 48, 19, 24, 16, 16
2017/1/16, 78, 37, 18, 16, 13
2017/1/17, 103, 25, 10, 5, 4
2017/1/18, 37, 26, 8, 7, 3
2017/1/19, 39, 21, 11, 11, 5
2017/1/20, 47, 16, 12, 10, 5
2017/1/21, 42, 24, 9, 5, 6
2017/1/22, 40, 30, 12, 4, 6
2017/1/23, 45, 21, 14, 10, 8
2017/1/24, 67, 8, 17, 10, 6
2017/1/25, 64, 21, 21, 12, 11
2017/1/26, 75, 29, 16, 9, 8
2017/1/27, 62, 33, 28, 14, 18
2017/1/28, 103, 27, 15, 8, 12
2017/1/29, 97, 33, 21, 9, 11
2017/1/30, 60, 43, 9, 10, 5
2017/1/31, 39, 29, 17, 7, 7
2017/2/1, 45, 32, 11, 6, 5
2017/2/2, 25, 12, 17, 6, 10
2017/2/3, 57, 20, 7, 5, 6
2017/2/4, 55, 12, 10, 6, 8
2017/2/5, 50, 16, 9, 4, 5
2017/2/6, 47, 26, 6, 5, 3
2017/2/7, 28, 26, 4, 7, 2
2017/2/8, 19, , , , 
2016/10/1, 32, 36, 8, 5, 2
2016/10/2, 22, 22, 9, 4, 2
2016/10/3, 17, 22, 7, 4, 1
2016/10/4, 7, 19, 6, 5, 1
2016/10/5, 6, 16, 8, 5, 4
2016/10/6, 17, 19, 10, 6, 5
2016/10/7, 39, 12, 9, 6, 5
2016/10/8, 36, 15, 7, 6, 4
2016/10/9, 26, 14, 9, 6, 4
2016/10/10, 26, 26, 6, 6, 4
2016/10/11, 28, 25, 4, 6, 2
2016/10/12, 12, 17, 7, 6, 4
2016/10/13, 21, 19, 6, 7, 4
2016/10/14, 27, 16, 4, 6, 2
2016/10/15, 15, 21, 2, 7, 2
2016/10/16, 12, 19, 4, 6, 2
2016/10/17, 13, 12, 9, 6, 4
2016/10/18, 22, 5, 12, 7, 4
2016/10/19, 30, 9, 7, 6, 3
2016/10/20, 27, 6, 7, 6, 3
2016/10/21, 24, 5, 10, 7, 5
2016/10/22, 32, 10, 7, 7, 7
2016/10/23, 34, 19, 7, 8, 3
2016/10/24, 18, 17, 6, 8, 2
2016/10/25, 21, 12, 8, 8, 3
2016/10/26, 19, 15, 11, 4, 4
2016/10/27, 32, 16, 9, 2, 5
2016/10/28, 34, 28, 3, 1, 1
2016/10/29, 12, 26, 2, , 2
2016/10/30, 11, 21, 5, 1, 2
2016/10/31, 12, 21, 5, 1, 2
2016/11/1, 17, 16, 8, 2, 2
2016/11/2, 16, 18, 5, 1, 2
2016/11/3, 11, 16, 12, 2, 4
2016/11/4, 23, 24, 5, 3, 2
2016/11/5, 18, 19, 6, 2, 3
2016/11/6, 12, 12, 11, 1, 4
2016/11/7, 20, 8, 11, 3, 5
2016/11/8, 36, 6, 10, 2, 4
2016/11/9, 25, 14, 16, 3, 6
2016/11/10, 50, 11, 9, 2, 5
2016/11/11, 32, 16, 7, , 4
2016/11/12, 30, 18, 6, 1, 2
2016/11/13, 17, 8, 14, 6, 6
2016/11/14, 39, 20, 11, 2, 6
2016/11/15, 39, 19, 6, 1, 3
2016/11/16, 16, 22, 4, 1, 3
2016/11/17, 10, 23, 5, 3, 2
2016/11/18, 20, 26, 4, 4, 2
2016/11/19, 24, 21, 7, 2, 3
2016/11/20, 18, 21, 7, 1, 3
2016/11/21, 26, 13, 7, , 3
2016/11/22, 28, 4, 9, 1, 5
2016/11/23, 42, 9, 12, 3, 9
2016/11/24, 58, , 11, 3, 9
2016/11/25, 60, 14, 8, 3, 6
2016/11/26, 39, 21, 4, 3, 2
2016/11/27, 22, 21, 4, 1, 2
2016/11/28, 10, 19, 6, 1, 2
2016/11/29, 17, 16, 9, 4, 2
2016/11/30, 25, 12, 12, 4, 3
2016/12/1, 16, 23, 5, 1, 2
2016/12/2, 10, 20, 3, 1, 2
2016/12/3, 13, 16, 10, 6, 5
2016/12/4, 41, 19, 10, 3, 6
2016/12/5, 44, 16, 11, 3, 4
2016/12/6, 38, 15, 14, 3, 5
2016/12/7, 37, 17, 5, 1, 3
2016/12/8, 25, 14, 7, 4, 3
2016/12/9, 29, 11, 7, 2, 4
2016/12/10, 20, 27, 5, 1, 3
2016/12/11, 18, 24, 5, 1, 1
2016/12/12, 9, 19, 10, 1, 3
2016/12/13, 32, 16, 8, 2, 3
2016/12/14, 31, 9, 10, 1, 2
2016/12/15, 19, 11, 15, 3, 7
2016/12/16, 47, 17, 8, 3, 5
2016/12/17, 45, 8, 8, 3, 4
2016/12/18, 38, 8, 12, 5, 6
2016/12/19, 48, 12, 11, 4, 6
2016/12/20, 50, 14, 10, 1, 6
2016/12/21, 29, 11, 9, 2, 5
2016/12/22, 32, 11, 11, 5, 5
2016/12/23, 36, 13, 5, 2, 4
2016/12/24, 25, 12, 3, 3, 4
2016/12/25, 14, 30, 3, 3, 4
2016/12/26, 13, 29, 2, 1, 1
2016/12/27, 10, 24, 5, 1, 1
2016/12/28, 9, 20, 9, 2, 3
2016/12/29, 18, 7, 17, 9, 8
2016/12/30, 63, 24, 9, 7, 7
2016/12/31, 58, 24, 3, 4, 4
2017/1/1, 47, 23, 7, 4, 5
2016/7/1, 13, 47, 6, , 2
2016/7/2, 16, 27, 4, , 1
2016/7/3, 10, 42, 5, , 1
2016/7/4, 14, 46, 6, , 1
2016/7/5, 16, 34, 3, , 1
2016/7/6, 14, 28, 5, , 
2016/7/7, 15, 45, 6, , 1
2016/7/8, 15, 34, 3, , 1
2016/7/9, 9, 38, 3, , 1
2016/7/10, 8, 48, 4, , 1
2016/7/11, 15, 41, 7, , 1
2016/7/12, 15, 37, 6, , 1
2016/7/13, 12, 30, 5, , 1
2016/7/14, 6, 26, 3, , 1
2016/7/15, 7, 19, 3, , 1
2016/7/16, 8, 16, 3, , 1
2016/7/17, 6, 20, 4, , 1
2016/7/18, 14, 15, 4, , 1
2016/7/19, 9, 27, 5, , 1
2016/7/20, 11, 34, 7, , 1
2016/7/21, 11, 45, 7, , 1
2016/7/22, 16, 39, 7, , 1
2016/7/23, 16, 37, 5, , 1
2016/7/24, 15, 40, 8, , 2
2016/7/25, 16, 49, 7, 1, 2
2016/7/26, 27, 39, 6, 1, 2
2016/7/27, 17, 24, 5, 1, 1
2016/7/28, 14, 40, 6, 1, 1
2016/7/29, 8, 43, 4, 1, 1
2016/7/30, 10, 40, 3, 1, 1
2016/7/31, 9, 27, 5, 1, 1
2016/8/1, 8, 45, 5, 1, 1
2016/8/2, 12, 36, 8, 1, 1
2016/8/3, 19, 27, 5, 1, 1
2016/8/4, 12, 34, 5, 1, 1
2016/8/5, 15, 10, 3, 1, 1
2016/8/6, 10, 26, 4, 1, 
2016/8/7, 10, 31, 8, 1, 1
2016/8/8, 11, 38, 5, 1, 1
2016/8/9, 13, 21, 5, 1, 1
2016/8/10, 12, 15, 5, 1, 1
2016/8/11, 12, 31, 7, 1, 1
2016/8/12, 12, 26, 5, 1, 1
2016/8/13, 14, 27, 4, 1, 1
2016/8/14, 11, 27, 4, 1, 1
2016/8/15, 9, 25, 6, 1, 1
2016/8/16, 13, 23, 8, 1, 1
2016/8/17, 16, 30, 7, 1, 1
2016/8/18, 11, 40, 9, 1, 1
2016/8/19, 14, 40, 8, 1, 2
2016/8/20, 17, 33, 3, 1, 1
2016/8/21, 10, 10, 6, 1, 1
2016/8/22, 9, 30, 7, 1, 1
2016/8/23, 16, 25, 7, 2, 1
2016/8/24, 12, 29, 7, 1, 1
2016/8/25, 16, 29, 7, , 1
2016/8/26, 17, 30, 8, , 2
2016/8/27, 19, 35, 4, , 1
2016/8/28, 12, 32, 5, 1, 1
2016/8/29, 16, 25, 7, , 1
2016/8/30, 16, 27, 9, , 1
2016/8/31, 19, 24, 9, 1, 2
2016/9/1, 21, 28, 12, 1, 2
2016/9/2, 25, 31, 8, 1, 2
2016/9/3, 30, 30, 4, , 2
2016/9/4, 20, 11, 8, , 2
2016/9/5, 7, 9, 6, , 2
2016/9/6, 12, 21, 10, , 3
2016/9/7, 19, 24, 10, , 3
2016/9/8, 24, 30, 11, , 3
2016/9/9, 28, 29, 9, 1, 3
2016/9/10, 37, 27, 9, 1, 3
2016/9/11, 33, 49, 13, 3, 3
2016/9/12, 34, 44, 14, 1, 3
2016/9/13, 39, 36, 11, 1, 2
2016/9/14, 30, 38, 13, 2, 4
2016/9/15, 34, 42, 16, 2, 4
2016/9/16, 39, 37, 7, 2, 3
2016/9/17, 33, 20, 3, 2, 2
2016/9/18, 31, 17, 7, 3, 2
2016/9/19, 28, 25, 7, 3, 2
2016/9/20, 22, 22, 8, 3, 2
2016/9/21, 16, 20, 10, 3, 2
2016/9/22, 17, 26, 12, 4, 3
2016/9/23, 26, 24, 10, 4, 1
2016/9/24, 27, 24, 8, 3, 3
2016/9/25, 26, 23, 8, 3, 2
2016/9/26, 20, 25, 11, 4, 4
2016/9/27, 31, 33, 8, 4, 3
2016/9/28, 27, 38, 8, 4, 2
2016/9/29, 21, 34, 10, 5, 2
2016/9/30, 25, 42, 11, 6, 2
2016/4/1, 17, 26, 7, 1, 3
2016/4/2, 20, 26, 15, 1, 5
2016/4/3, 34, 27, 15, 2, 4
2016/4/4, 34, 31, 14, 2, 4
2016/4/5, 43, 27, 7, 2, 3
2016/4/6, 40, 23, 11, 1, 3
2016/4/7, 26, 12, 11, 1, 3
2016/4/8, 38, 14, 6, 1, 2
2016/4/9, 20, 11, 5, 1, 3
2016/4/10, 24, 9, 6, 2, 5
2016/4/11, 26, 10, 5, 4, 7
2016/4/12, 50, 21, 11, 3, 8
2016/4/13, 35, 55, 5, 2, 7
2016/4/14, 34, 42, 6, 3, 5
2016/4/15, 27, 46, 1, 2, 5
2016/4/16, 15, 55, 2, 2, 4
2016/4/17, 18, 29, 9, 3, 4
2016/4/18, 18, 41, 10, 3, 2
2016/4/19, 21, 38, 11, 3, 1
2016/4/20, 15, 41, 8, 4, 1
2016/4/21, 22, 53, 10, 5, 1
2016/4/22, 28, 45, 9, 5, 1
2016/4/23, 34, 37, 7, 4, 1
2016/4/24, 23, 39, 8, 2, 
2016/4/25, 12, 43, 9, 2, 1
2016/4/26, 17, 47, 7, 2, 
2016/4/27, 14, 42, 7, 2, 1
2016/4/28, 9, 44, 8, 2, 1
2016/4/29, 13, 38, 7, 2, 1
2016/4/30, 16, 39, 6, 3, 2
2016/5/1, 20, 37, 7, 3, 1
2016/5/2, 13, 61, 5, 4, 2
2016/5/3, 20, 52, 10, 4, 2
2016/5/4, 25, 48, 10, 3, 2
2016/5/5, 18, 52, 12, 4, 2
2016/5/6, 21, 50, 8, 3, 2
2016/5/7, 14, 39, 5, 3, 2
2016/5/8, 9, 53, 6, 4, 2
2016/5/9, 16, 55, 7, 5, 2
2016/5/10, 14, 54, 11, 4, 3
2016/5/11, 19, 61, 6, 4, 2
2016/5/12, 16, 30, 7, 4, 2
2016/5/13, 14, 30, 5, 4, 2
2016/5/14, 7, 50, 3, 5, 1
2016/5/15, 16, 39, 6, 3, 1
2016/5/16, 12, 39, 6, 1, 1
2016/5/17, 13, 30, 8, 1, 2
2016/5/18, 8, 60, 9, , 2
2016/5/19, 14, 115, 11, 2, 2
2016/5/20, 25, , 9, 1, 2
2016/5/21, 26, , 5, , 1
2016/5/22, 21, 31, 7, , 1
2016/5/23, 20, 47, 7, 1, 
2016/5/24, 20, 32, 12, 1, 1
2016/5/25, 18, 39, 7, , 1
2016/5/26, 22, 45, 7, , 1
2016/5/27, 20, 53, 7, , 1
2016/5/28, 17, 49, 6, 1, 1
2016/5/29, 17, 40, 7, , 1
2016/5/30, 15, 26, 10, , 2
2016/5/31, 18, 49, 6, , 2
2016/6/1, 13, 24, 8, , 2
2016/6/2, 12, 37, 6, 1, 2
2016/6/3, 18, 54, 8, 1, 2
2016/6/4, 24, 54, 4, 1, 2
2016/6/5, 19, 42, 5, 1, 1
2016/6/6, 12, 24, 7, 1, 1
2016/6/7, 13, 29, 8, 1, 2
2016/6/8, 15, 26, 8, 2, 2
2016/6/9, 19, 47, 7, 2, 2
2016/6/10, 19, 34, 8, 2, 2
2016/6/11, 18, 47, 4, 2, 1
2016/6/12, 15, 39, 6, 2, 1
2016/6/13, 19, 18, 7, 2, 1
2016/6/14, 12, 42, 6, 5, 2
2016/6/15, 12, 31, 5, 2, 2
2016/6/16, 9, 38, 5, 3, 2
2016/6/17, 23, 39, 5, 3, 1
2016/6/18, 6, 42, 4, 3, 2
2016/6/19, 11, 34, 5, 2, 2
2016/6/20, 13, 46, 6, 1, 2
2016/6/21, 17, 48, 7, , 2
2016/6/22, 19, 41, 6, , 2
2016/6/23, 25, 39, 5, , 2
2016/6/24, 26, 30, 4, , 2
2016/6/25, 30, 35, 3, , 2
2016/6/26, 19, 23, 5, , 1
2016/6/27, 11, 41, 6, , 1
2016/6/28, 11, 56, 8, , 2
2016/6/29, 14, 53, 5, , 2
2016/6/30, 11, 51, 8, , 2
2016/1/4, 54, 8, 13, 10, 
2016/1/5, 55, 8, 14, 12, 
2016/1/6, 72, 4, 10, 8, 
2016/1/7, 60, 6, 9, 5, 
2016/1/8, 40, 9, 13, 6, 
2016/1/9, 40, 8, 13, 7, 
2016/1/10, 43, 9, 11, 5, 
2016/1/11, 23, 10, 11, 5, 
2016/1/12, 15, 8, 11, 4, 
2016/1/13, 18, 12, 14, 3, 
2016/1/14, 23, 8, 15, 5, 
2016/1/15, 30, 12, 9, 5, 
2016/1/16, 30, 10, 13, 8, 
2016/1/17, 60, 10, 14, 8, 
2016/1/18, 59, 11, 14, 11, 
2016/1/19, 65, 12, 10, 5, 
2016/1/20, 38, 12, 9, 5, 
2016/1/21, 34, 12, 13, 6, 
2016/1/22, 39, 15, 15, 10, 9
2016/1/23, 66, 14, 10, 7, 6
2016/1/24, 54, 12, 9, 5, 6
2016/1/25, 39, 7, 13, 6, 8
2016/1/26, 35, 10, 7, 2, 6
2016/1/27, 24, 11, 7, 2, 5
2016/1/28, 17, 10, 14, 5, 6
2016/1/29, 35, 12, 4, 1, 4
2016/1/30, 16, 15, 5, 2, 3
2016/1/31, 17, 12, 8, 2, 1
2016/2/1, 17, 10, 6, 1, 
2016/2/2, 12, 12, 9, 3, 
2016/2/3, 19, 11, 7, 2, 
2016/2/4, 20, 11, 10, 3, 
2016/2/5, 24, 11, 7, 2, 
2016/2/6, 27, 15, 3, 2, 
2016/2/7, 16, 14, 5, 4, 3
2016/2/8, 20, 13, 5, 3, 3
2016/2/9, 18, 14, 7, 5, 3
2016/2/10, 13, 11, 8, 5, 3
2016/2/11, 12, 12, 10, 4, 4
2016/2/12, 18, 14, 7, 4, 4
2016/2/13, 24, 13, 7, 4, 4
2016/2/14, 21, 10, 13, 4, 6
2016/2/15, 22, 8, 8, 3, 4
2016/2/16, 27, 8, 4, 2, 3
2016/2/17, 15, 6, 10, 3, 5
2016/2/18, 32, 3, 12, 4, 5
2016/2/19, 33, 12, 8, 5, 4
2016/2/20, 25, 12, 5, 3, 3
2016/2/21, 11, 11, 6, 3, 3
2016/2/22, 13, 13, 8, 4, 3
2016/2/23, 16, 12, 10, 4, 4
2016/2/24, 24, 13, 10, 4, 4
2016/2/25, 25, 18, 13, 6, 6
2016/2/26, 37, 20, 9, 8, 6
2016/2/27, 48, 17, 12, 7, 6
2016/2/28, 29, 7, 11, 8, 8
2016/2/29, 52, 12, 8, 4, 3
2016/3/1, 12, 11, 9, 5, 4
2016/3/2, 20, 19, 9, 5, 4
2016/3/3, 26, 6, 9, 4, 4
2016/3/4, 26, 20, 7, 4, 4
2016/3/5, 31, 21, 6, 5, 3
2016/3/6, 17, 13, 14, 4, 5
2016/3/7, 26, 13, 12, 4, 6
2016/3/8, 30, 15, 10, 6, 7
2016/3/9, 47, 11, 8, 4, 3
2016/3/10, 19, 18, 8, 4, 2
2016/3/11, 35, 15, 8, 3, 3
2016/3/12, 25, 20, 6, 2, 2
2016/3/13, 16, 24, 10, 3, 3
2016/3/14, 24, 21, 7, , 2
2016/3/15, 21, 24, 11, 2, 5
2016/3/16, 33, 25, 13, 3, 6
2016/3/17, 53, 26, 11, 3, 3
2016/3/18, 45, 24, 5, 1, 2
2016/3/19, 14, 17, 7, 3, 3
2016/3/20, 33, 14, 11, 2, 3
2016/3/21, 29, 20, 7, 2, 3
2016/3/22, 17, 19, 9, 3, 3
2016/3/23, 26, 25, 11, 3, 5
2016/3/24, 28, 26, 13, 5, 7
2016/3/25, 49, 15, 8, 3, 5
2016/3/26, 36, 30, 5, 3, 3
2016/3/27, 41, 26, 5, 2, 3
2016/3/28, 26, 23, 9, 3, 3
2016/3/29, 23, 24, 12, 2, 4
2016/3/30, 23, 18, 12, 3, 4
2016/3/31, 32, 19, 7, 1, 2
2015/10/1, 29, 22, 10, 5, 
2015/10/2, 25, 30, 8, 5, 
2015/10/3, 21, 30, 6, 6, 
2015/10/4, 22, 16, 12, 5, 
2015/10/5, 35, 27, 12, 7, 
2015/10/6, 47, 20, 4, 5, 
2015/10/7, 26, 17, 6, 9, 
2015/10/8, 35, 24, 8, 5, 
2015/10/9, 33, 26, 5, 6, 
2015/10/10, 30, 25, 3, 7, 
2015/10/11, 31, 19, 3, 4, 
2015/10/12, 22, 13, 6, 4, 
2015/10/13, 22, 15, 5, 4, 
2015/10/14, 32, 20, 4, 5, 
2015/10/15, 34, 17, 5, 4, 
2015/10/16, 33, 8, 9, 4, 
2015/10/17, 26, 11, 10, 7, 
2015/10/18, 27, 20, 13, 8, 
2015/10/19, 42, 11, 9, 6, 
2015/10/20, 32, 10, 9, 6, 
2015/10/21, 27, 12, 9, 6, 
2015/10/22, 21, 17, 8, 7, 
2015/10/23, 23, 18, 7, 6, 
2015/10/24, 38, 19, 6, 7, 
2015/10/25, 32, 19, 10, 7, 
2015/10/26, 38, 12, 12, 7, 
2015/10/27, 52, 12, 11, 8, 
2015/10/28, 57, 8, 12, 8, 
2015/10/29, 64, 7, 17, 10, 
2015/10/30, 105, 15, 9, 7, 
2015/10/31, 57, 24, 9, 8, 
2015/11/1, 52, 22, 8, 7, 
2015/11/2, 34, 19, 15, 7, 
2015/11/3, 44, 22, 15, 10, 
2015/11/4, 50, 7, 14, 7, 
2015/11/5, 77, 6, 17, 10, 
2015/11/6, 79, 20, 12, 8, 
2015/11/7, 74, 20, 5, 6, 
2015/11/8, 28, 9, 11, 6, 
2015/11/9, 21, 14, 8, 6, 
2015/11/10, 15, 13, 4, 5, 
2015/11/11, 11, 13, 8, 7, 
2015/11/12, 20, 13, 11, 6, 
2015/11/13, 27, 22, 4, 6, 
2015/11/14, 17, 19, 4, 5, 
2015/11/15, 10, 12, 8, 6, 
2015/11/16, 15, 10, 7, 6, 
2015/11/17, 16, 20, 5, 6, 
2015/11/18, 10, 16, 9, 7, 
2015/11/19, 15, 15, 10, 7, 
2015/11/20, 14, 18, 11, 9, 
2015/11/21, 28, 11, 7, 8, 
2015/11/22, 30, 6, 12, 6, 
2015/11/23, 54, 9, 13, 5, 
2015/11/24, 45, 11, 14, 4, 
2015/11/25, 47, 8, 9, 3, 
2015/11/26, 35, 7, 6, 4, 
2015/11/27, 32, , , 2, 
2015/11/28, 29, , , 3, 
2015/11/29, 23, 14, 8, 1, 
2015/11/30, 12, 15, 3, 1, 
2015/12/1, 10, 13, 10, 2, 
2015/12/2, 23, 5, 16, 3, 
2015/12/3, 40, 11, 10, 2, 
2015/12/4, 25, 10, 5, 1, 
2015/12/5, 21, 11, 3, , 
2015/12/6, 10, 8, 6, , 
2015/12/7, 13, 5, 10, 1, 
2015/12/8, 32, 8, 8, 1, 
2015/12/9, 20, 7, 15, 3, 
2015/12/10, 40, 10, 9, 2, 
2015/12/11, 29, 9, 7, 1, 
2015/12/12, 21, 15, 4, 1, 
2015/12/13, 16, 13, 11, 2, 
2015/12/14, 26, 5, 12, 3, 
2015/12/15, 41, 4, 10, 3, 
2015/12/16, 41, 9, 5, 1, 
2015/12/17, 20, 6, 5, 1, 
2015/12/18, 14, 6, 7, 2, 
2015/12/19, 22, 12, 3, , 
2015/12/20, 16, 10, 5, , 
2015/12/21, 11, 8, 5, , 
2015/12/22, 10, 10, 5, , 
2015/12/23, 19, 5, 15, 3, 
2015/12/24, 51, 9, 4, 2, 
2015/12/25, 21, 9, 1, , 
2015/12/26, 8, 11, 3, , 
2015/12/27, 10, 9, 7, 1, 
2015/12/28, 20, 11, 9, 1, 
2015/12/29, 26, 12, 10, 3, 
2015/12/30, 35, , , , 
2016/1/2, 31, 7, 4, 4, 
2016/1/3, 35, 7, 9, 5, 
2015/7/1, 18, 29, 10, 2, 
2015/7/2, 19, 38, 7, 1, 
2015/7/3, 16, 45, 7, 3, 
2015/7/4, 21, 43, 5, 3, 
2015/7/5, 21, 73, 6, 1, 
2015/7/6, 30, 52, 7, , 
2015/7/7, 20, 45, 6, , 
2015/7/8, 26, 40, 4, , 
2015/7/9, 16, 33, 4, , 
2015/7/10, 18, 40, 8, 1, 
2015/7/11, 17, 47, 5, , 
2015/7/12, 17, 26, 7, , 
2015/7/13, 17, , , , 
2015/7/18, 22, 48, 5, 1, 
2015/7/19, 18, 39, 7, 1, 
2015/7/20, 14, 45, 8, 1, 
2015/7/21, 18, 48, 7, 1, 
2015/7/22, 17, 44, 8, 1, 
2015/7/23, 21, 37, 4, 1, 
2015/7/24, 15, 40, 4, 2, 
2015/7/25, 22, 36, 6, 1, 
2015/7/26, 12, 34, 7, 1, 
2015/7/27, 12, 36, 5, 2, 
2015/7/28, 11, 34, 7, 1, 
2015/7/29, 8, 45, 5, 1, 
2015/7/30, 10, 40, 10, 2, 
2015/7/31, 21, 44, 6, 2, 
2015/8/1, 19, 40, 8, 1, 
2015/8/2, 23, 46, 11, 2, 
2015/8/3, 29, 51, 8, 2, 
2015/8/4, 33, 32, 8, 1, 
2015/8/5, 22, 23, 9, 2, 
2015/8/6, 19, 18, 9, 2, 
2015/8/7, 25, 20, 7, , 
2015/8/8, 25, 21, 7, , 
2015/8/9, 26, 18, 14, , 
2015/8/10, 38, 68, 14, 1, 
2015/8/11, 43, 53, 11, , 
2015/8/12, 39, 54, 9, 1, 
2015/8/13, 36, 42, 6, , 
2015/8/14, 29, 57, 4, , 
2015/8/15, 35, 46, 5, , 
2015/8/16, 34, 41, 5, 2, 
2015/8/17, 38, 36, 3, 1, 
2015/8/18, 27, 34, 3, 1, 
2015/8/19, 28, 33, 5, , 
2015/8/20, 25, 33, 6, , 
2015/8/21, 26, 33, 7, 1, 
2015/8/22, 32, 41, 6, 1, 
2015/8/23, 28, 34, 8, , 
2015/8/24, 23, 33, 6, 1, 
2015/8/25, 16, 35, 8, 1, 
2015/8/26, 10, 38, 11, 1, 
2015/8/27, 21, 43, 11, 2, 
2015/8/28, 27, 30, 10, 4, 
2015/8/29, 28, 34, 5, 4, 
2015/8/30, 17, 50, 12, 6, 
2015/8/31, 28, 49, 11, 6, 
2015/9/1, 31, 35, 6, 6, 
2015/9/2, 23, 29, 6, 5, 
2015/9/3, 11, 26, 9, 5, 
2015/9/4, 18, 24, 7, 4, 
2015/9/5, 17, 25, 4, 5, 
2015/9/6, 11, 25, 5, 5, 
2015/9/7, 7, 21, 7, 5, 
2015/9/8, 13, 21, 9, 5, 
2015/9/9, 17, 31, 6, 5, 
2015/9/10, 30, 27, 5, 5, 
2015/9/11, 28, 17, 4, 3, 
2015/9/12, 17, 27, 4, 4, 
2015/9/13, 19, 32, 7, 4, 
2015/9/14, 24, 33, 8, 5, 
2015/9/15, 25, 35, 6, 5, 
2015/9/16, 29, 35, 6, 5, 
2015/9/17, 37, 40, 8, 5, 
2015/9/18, 37, 20, 7, 4, 
2015/9/19, 18, 22, 5, 4, 
2015/9/20, 11, 27, 8, 4, 
2015/9/21, 13, 28, 12, 4, 
2015/9/22, 15, 26, 14, 5, 
2015/9/23, 30, 17, 12, 6, 
2015/9/24, 44, 22, 11, 5, 
2015/9/25, 18, 20, 6, 4, 
2015/9/26, 5, 24, 6, 4, 
2015/9/27, 11, 22, 8, 4, 
2015/9/28, 13, 20, 7, 4, 
2015/9/29, 13, 17, 8, 3, 
2015/9/30, 12, 20, 9, 5, 
2015/1/1, 39, 13, 10, 1, 5
2015/1/2, 46, 21, 8, 2, 2
2015/1/3, 21, 22, 6, 1, 1
2015/1/4, 13, 22, 7, 1, 1
2015/1/5, 15, 18, 10, 2, 6
2015/1/6, 41, 19, 16, 5, 11
2015/1/7, 73, 22, 11, 2, 2
2015/1/8, 20, 24, 9, 3, 3
2015/1/9, 24, 24, 8, 1, 1
2015/1/10, 15, 27, 5, 1, 
2015/1/11, 15, 22, 8, 1, 3
2015/1/12, 12, 21, 7, , 2
2015/1/13, 19, 24, 9, 2, 2
2015/1/14, 22, 20, 12, 1, 3
2015/1/15, 22, 23, 7, 2, 2
2015/1/16, 17, 23, 8, 5, 2
2015/1/17, 22, 7, 11, 2, 4
2015/1/18, 40, 4, 6, 1, 3
2015/1/19, 25, 2, 5, 1, 4
2015/1/20, 21, 3, 9, 1, 6
2015/1/21, 35, 1, 7, 1, 7
2015/1/22, 36, , 8, 2, 7
2015/1/23, 39, 10, 7, 1, 4
2015/1/24, 20, 13, 5, 1, 4
2015/1/25, 23, 11, 11, 2, 5
2015/1/26, 42, 12, 11, 2, 6
2015/1/27, 37, 14, 13, 4, 4
2015/1/28, 32, 21, 7, 2, 3
2015/1/29, 17, 20, 8, 3, 3
2015/1/30, 17, 20, 11, 3, 4
2015/1/31, 22, 22, 14, 3, 7
2015/2/1, 37, 9, 19, 6, 12
2015/2/2, 78, 17, 16, 6, 8
2015/2/3, 58, 11, 15, 2, 7
2015/2/4, 41, 16, 16, 4, 6
2015/2/5, 60, 21, 6, 1, 2
2015/2/6, 26, 23, 6, 3, 3
2015/2/7, 18, 26, 4, 3, 2
2015/2/9, 27, 13, 12, 2, 3
2015/2/10, 28, 14, 9, 1, 2
2015/2/11, 25, 19, 10, 1, 3
2015/2/12, 24, 24, 18, 2, 6
2015/2/13, 37, 25, 20, 2, 8
2015/2/14, 47, 20, 12, 2, 6
2015/2/15, 59, 22, 3, , 2
2015/2/16, 21, 24, 6, 1, 2
2015/2/17, 20, 19, 13, 4, 5
2015/2/18, 52, 23, 13, 5, 4
2015/2/19, 49, 26, 9, 2, 4
2015/2/20, 49, 30, 7, 4, 3
2015/2/21, 43, 31, 14, 6, 5
2015/2/22, 41, 21, 16, 4, 8
2015/2/23, 58, 16, 11, 2, 3
2015/2/24, 24, 11, 11, 1, 4
2015/2/25, 51, 19, 10, , 2
2015/2/26, 27, 11, 13, 2, 5
2015/2/27, 44, 17, 11, 2, 4
2015/2/28, 40, 20, 9, 2, 5
2015/3/1, 46, 24, 7, 1, 2
2015/3/2, 21, 18, 12, 2, 3
2015/3/3, 24, 19, 6, 2, 3
2015/3/4, 24, 18, , 3, 4
2015/3/5, 38, 19, 23, 2, 3
2015/3/6, 40, 21, 23, 7, 7
2015/3/7, 66, 28, 21, 5, 5
2015/3/8, 47, 31, 27, 6, 5
2015/3/9, 47, 25, 26, 8, 9
2015/3/10, 77, 19, 14, 7, 6
2015/3/11, 82, 17, 7, 2, 1
2015/3/12, 25, 15, 7, 2, 1
2015/3/13, 20, 14, 6, 2, 2
2015/3/14, 23, 19, 6, 3, 3
2015/3/15, 33, 17, 5, 5, 2
2015/3/16, 48, 28, 7, 3, 2
2015/3/17, 38, , 10, 3, 4
2015/3/18, 47, , 14, 3, 6
2015/3/19, 56, 23, 23, 4, 8
2015/3/20, 68, 30, 31, 5, 5
2015/3/21, 52, 21, 23, 3, 3
2015/3/22, 32, 24, 23, 4, 7
2015/3/23, 44, 31, 33, 3, 3
2015/3/24, 48, 26, 34, 4, 5
2015/3/25, 46, 27, 25, 4, 6
2015/3/26, 60, 23, 10, 2, 3
2015/3/27, 48, 20, 5, 1, 2
2015/3/28, 24, 26, 6, 2, 2
2015/3/29, 36, 24, 6, 2, 2
2015/3/30, 16, 22, 6, 2, 1
2015/3/31, 11, 27, 6, 2, 1
2015/4/1, 9, 23, 6, 2, 2
2015/4/2, 13, 23, 5, 1, 2
2015/4/3, 11, 25, 4, 2, 2
2015/4/4, 21, 21, 6, 2, 3
2015/4/5, 25, , , , 
2014/10/1, 37, 14, 6, 2, 1
2014/10/2, 25, 13, 11, 6, 2
2014/10/3, 38, 28, 11, 4, 2
2014/10/4, 42, 22, 10, 1, 3
2014/10/5, 44, , 9, , 7
2014/10/6, 40, , , , 
2014/11/5, 18, 64, 8, 12, 2
2014/11/6, 24, 29, 9, 5, 3
2014/11/7, 46, 10, 7, 3, 3
2014/11/8, 36, 8, 5, 2, 3
2014/11/9, 29, , 6, 3, 3
2014/11/10, 33, , 4, 3, 2
2014/11/11, 35, 2, 4, 2, 4
2014/11/12, 40, 8, 3, 1, 3
2014/11/13, 65, 7, 1, 1, 2
2014/11/14, 24, 8, , , 2
2014/11/15, 28, 8, , , 3
2014/11/16, 20, 7, 1, , 2
2014/11/17, 20, 5, 4, 1, 2
2014/11/18, 51, 1, 4, , 3
2014/11/19, 14, , 5, , 3
2014/11/20, 16, , 7, 1, 3
2014/11/21, 26, 1, 9, 1, 5
2014/11/22, 50, 11, 8, 1, 4
2014/11/24, 31, 5, 9, 1, 8
2014/11/25, 34, 1, 9, 1, 8
2014/11/26, 59, 1, 7, , 3
2014/11/27, 40, 1, 8, , 2
2014/11/28, 35, , , , 
2014/11/30, 29, 6, 8, 1, 2
2014/12/1, 31, 5, 8, 1, 2
2014/12/2, 33, , , , 
2014/12/5, 30, 1, 6, , 5
2014/12/6, 42, , , , 
2014/12/8, 56, 8, 14, 1, 4
2014/12/9, 41, 6, 11, , 4
2014/12/10, 43, 7, 10, , 5
2014/12/11, 41, 17, 11, , 4
2014/12/12, 32, 19, 9, 2, 2
2014/12/13, 21, 17, 9, 1, 3
2014/12/14, 23, 17, 10, 1, 3
2014/12/15, 23, 22, 11, 4, 3
2014/12/16, 26, 16, 14, 1, 5
2014/12/17, 31, 7, 10, 1, 4
2014/12/18, 28, 8, 8, , 4
2014/12/19, 14, 22, 9, , 2
2014/12/20, 15, 21, 8, 1, 1
2014/12/21, 11, 19, 10, , 2
2014/12/22, 13, 20, 7, 1, 1
2014/12/23, 8, 20, 8, 1, 2
2014/12/24, 13, 23, 8, 1, 2
2014/12/25, 13, 15, 9, 1, 3
2014/12/26, 13, 7, 9, 1, 3
2014/12/27, 30, 8, 8, 1, 3
2014/12/28, 34, , , , 
2014/9/15, 44, 33, 5, 1, 2
2014/9/16, 31, 34, 7, 1, 2
2014/9/17, 30, 33, 15, , 3
2014/9/18, 36, 36, 10, 1, 2
2014/9/19, 32, 12, 10, 1, 3
2014/9/20, 28, 21, 6, 1, 2
2014/9/21, 22, 20, 6, 1, 2
2014/9/22, 15, 20, 5, 1, 4
2014/9/23, 12, 24, 8, 1, 
2014/9/24, 16, 22, 9, 1, 
2014/9/25, 49, 21, 10, 1, 
2014/9/26, 16, 13, 8, 1, 
2014/9/27, 19, 25, 8, 1, 
2014/9/28, 23, 23, 10, 1, 
2014/9/29, 19, 28, 14, 7, 7
2014/9/30, 24, 12, 9, 1, 2
2021/4/11, , 34, 5, 8, 1
2021/1/3, , 4, 11, 1, 5
2020/10/18, , 7, 3, 2, 1
2020/10/27, , 5, 11, 3, 7
2020/3/31, , 35, 8, 4, 
2020/6/20, , 29, 2, 6, 
2019/12/31, , 23, 3, 2, 
2019/6/9, , 39, 3, 5, 
2019/6/10, , 35, 5, 4, 
2018/12/31, , 22, 3, 4, 
2018/11/12, , 23, 12, 5, 
2018/7/20, , 19, 6, , 
2018/4/1, , 17, 9, 4, 6
2017/12/31, , 19, 4, 2, 3
2017/10/19, , 13, 4, 3, 4
2016/1/1, , 8, 4, 1, 
2015/6/30, , 36, 9, 11, 
2015/7/17, , 30, 7, 1, 
2014/12/31, , 13, 10, 2, 4
2015/2/8, , 23, 9, 3, 2
2014/11/4, , 69, 11, 16, 2
2014/11/23, , 8, 10, , 4
2014/11/29, , 6, 8, 1, 2
2014/12/4, , 1, 8, , 5
2014/12/7, , , 12, 1, 9
2014/9/14, , 35, 6, 2, 2