date, pm10, no2, so2
2024/5/1, 17, 7, 1
2024/5/2, 17, 5, 1
2024/5/3, 17, 4, 1
2024/5/4, 17, 8, 2
2024/5/5, 24, 4, 1
2024/5/6, 13, 5, 1
2024/5/7, 11, 5, 5
2024/5/8, 10, 8, 3
2024/5/9, 18, 8, 1
2024/5/10, 19, 9, 1
2024/5/11, 24, 4, 3
2024/5/12, 11, 8, 1
2024/5/13, 12, 8, 2
2024/5/14, 15, 6, 1
2024/5/15, 15, 6, 1
2024/5/16, 15, 8, 1
2024/5/17, 15, 7, 1
2024/5/18, 17, 5, 1
2024/5/19, 13, 7, 1
2024/5/20, 14, 10, 1
2024/5/21, 21, 8, 2
2024/5/22, 19, , 
2024/4/1, 80, 4, 2
2024/4/2, 11, 3, 2
2024/4/3, 8, 4, 3
2024/4/4, 10, 5, 2
2024/4/5, 11, 7, 2
2024/4/6, 14, 8, 3
2024/4/7, 28, 9, 2
2024/4/8, 18, 11, 4
2024/4/9, 22, 5, 2
2024/4/10, 16, 9, 2
2024/4/11, 20, 7, 2
2024/4/12, 25, 7, 2
2024/4/13, 20, 4, 2
2024/4/14, 18, 11, 4
2024/4/15, 23, 4, 3
2024/4/16, 12, 4, 3
2024/4/17, 10, 5, 2
2024/4/18, 16, 4, 2
2024/4/19, 11, 3, 2
2024/4/20, 6, 2, 2
2024/4/21, 12, 4, 2
2024/4/22, 12, 11, 4
2024/4/23, 22, 8, 3
2024/4/24, 24, 6, 1
2024/4/25, 14, 9, 3
2024/4/26, 20, 12, 4
2024/4/27, 23, 9, 2
2024/4/28, 21, 12, 2
2024/4/29, 24, 10, 1
2024/4/30, 26, 6, 1
2024/1/7, 7, 10, 4
2024/1/8, 26, 19, 13
2024/1/9, 53, 33, 24
2024/1/10, 111, 18, 9
2024/1/11, 50, 8, 3
2024/1/12, 21, 6, 3
2024/1/13, 13, 4, 3
2024/1/14, 11, 4, 3
2024/1/15, 9, 10, 4
2024/1/16, 16, 25, 15
2024/1/17, 52, 11, 4
2024/1/18, 23, 8, 3
2024/1/19, 19, 5, 4
2024/1/20, 15, 11, 6
2024/1/21, 30, 6, 4
2024/1/22, 11, 6, 2
2024/1/23, 20, 4, 2
2024/1/24, 9, 3, 1
2024/1/25, 9, 5, 2
2024/1/26, 13, 4, 1
2024/1/27, 12, 10, 3
2024/1/28, 26, 16, 7
2024/1/29, 48, 12, 9
2024/1/30, 37, 7, 4
2024/1/31, 26, 7, 2
2024/2/1, 26, 4, 2
2024/2/2, 11, 4, 2
2024/2/3, 11, 3, 2
2024/2/4, 7, 2, 2
2024/2/5, 7, 3, 2
2024/2/6, 12, 2, 2
2024/2/7, 8, 9, 4
2024/2/8, 14, 16, 6
2024/2/9, 33, 16, 6
2024/2/10, 37, 11, 6
2024/2/11, 30, 7, 3
2024/2/12, 12, 8, 2
2024/2/13, 16, 11, 5
2024/2/14, 34, 10, 6
2024/2/15, 24, 14, 5
2024/2/16, 31, 6, 2
2024/2/17, 19, 5, 3
2024/2/18, 13, 8, 4
2024/2/19, 21, 5, 2
2024/2/20, 7, 5, 2
2024/2/21, 15, 6, 3
2024/2/22, 15, 8, 3
2024/2/23, 13, 9, 5
2024/2/24, 17, 12, 5
2024/2/25, 35, 19, 7
2024/2/26, 37, 16, 6
2024/2/27, 40, 14, 4
2024/2/28, 57, 9, 3
2024/2/29, 31, 14, 4
2024/3/1, 55, 13, 5
2024/3/2, 48, 10, 5
2024/3/3, 33, 12, 5
2024/3/4, 34, 8, 3
2024/3/5, 29, 11, 3
2024/3/6, 26, 8, 7
2024/3/7, 26, 12, 5
2024/3/8, 33, 15, 6
2024/3/9, 43, 7, 5
2024/3/10, 21, 9, 4
2024/3/11, 22, 8, 3
2024/3/12, 24, 9, 3
2024/3/13, 26, 12, 5
2024/3/14, 39, 13, 5
2024/3/15, 30, 8, 4
2024/3/16, 22, 3, 2
2024/3/17, 8, 4, 2
2024/3/18, 10, 8, 3
2024/3/19, 22, 13, 6
2024/3/20, 38, 15, 6
2024/3/21, 38, 8, 3
2024/3/22, 21, 6, 4
2024/3/23, 14, 3, 2
2024/3/24, 7, 5, 3
2024/3/25, 9, 9, 5
2024/3/26, 20, 7, 4
2024/3/27, 14, 5, 3
2024/3/28, 17, 4, 2
2024/3/29, 9, 9, 4
2024/3/30, 56, 5, 3
2024/3/31, 68, 2, 2
2023/10/1, 14, 8, 1
2023/10/2, 18, 5, 1
2023/10/3, 20, 5, 1
2023/10/4, 8, 5, 1
2023/10/5, 13, 6, 1
2023/10/6, 12, 3, 8
2023/10/7, 13, 2, 1
2023/10/8, 7, 7, 1
2023/10/9, 14, 8, 2
2023/10/10, 25, 5, 2
2023/10/11, 23, 4, 1
2023/10/12, 22, 6, 1
2023/10/13, 20, 3, 1
2023/10/14, 19, 4, 1
2023/10/15, 8, 5, 1
2023/10/16, 10, 8, 2
2023/10/17, 20, 11, 3
2023/10/18, 39, 16, 5
2023/10/19, 41, 13, 5
2023/10/20, 34, 7, 3
2023/10/21, 33, 4, 2
2023/10/22, 17, 8, 2
2023/10/23, 20, 13, 3
2023/10/24, 29, 7, 2
2023/10/25, 20, 7, 3
2023/10/26, 19, 10, 3
2023/10/27, 20, 3, 2
2023/10/28, 7, 6, 2
2023/10/29, 17, 10, 3
2023/10/30, 20, 4, 2
2023/10/31, 11, 5, 2
2023/11/1, 12, 11, 4
2023/11/2, 17, 8, 3
2023/11/3, 11, 6, 2
2023/11/4, 24, 8, 3
2023/11/5, 23, 5, 1
2023/11/6, 7, 8, 2
2023/11/7, 15, 7, 1
2023/11/8, 13, 8, 1
2023/11/9, 17, 12, 3
2023/11/10, 24, 6, 2
2023/11/11, 29, 5, 1
2023/11/12, 10, 9, 3
2023/11/13, 21, 4, 1
2023/11/14, 8, 4, 1
2023/11/15, 4, 7, 2
2023/11/16, 16, 8, 1
2023/11/17, 16, 4, 1
2023/11/18, 11, 6, 3
2023/11/19, 21, 5, 1
2023/11/20, 11, 6, 1
2023/11/21, 12, 8, 1
2023/11/22, 15, 3, 1
2023/11/23, 14, 4, 1
2023/11/24, 7, 4, 2
2023/11/25, 11, 3, 2
2023/11/26, 10, 9, 5
2023/11/27, 21, 13, 5
2023/11/28, 28, 12, 5
2023/11/29, 30, 14, 6
2023/11/30, 29, 20, 12
2023/12/1, 58, 10, 4
2023/12/2, 26, 6, 3
2023/12/3, 14, 14, 6
2023/12/4, 33, 24, 12
2023/12/5, 58, 23, 12
2023/12/6, 68, 17, 9
2023/12/7, 65, 17, 11
2023/12/8, 63, 13, 9
2023/12/9, 45, 13, 9
2023/12/10, 35, 5, 3
2023/12/11, 9, 10, 3
2023/12/12, 19, 18, 7
2023/12/13, 37, 11, 3
2023/12/14, 31, 9, 2
2023/12/15, 21, 8, 2
2023/12/16, 21, 4, 1
2023/12/17, 12, 6, 2
2023/12/18, 11, 5, 3
2023/12/19, 9, 6, 1
2023/12/20, 12, 2, 1
2023/12/21, 2, 3, 2
2023/12/22, 5, 4, 2
2023/12/23, 9, 3, 2
2023/12/24, 7, 1, 1
2023/12/25, 6, 2, 1
2023/12/26, 6, 10, 4
2023/12/27, 22, 8, 3
2023/12/28, 27, 3, 2
2023/12/29, 13, , 
2023/7/1, 20, 3, 2
2023/7/2, 15, 5, 2
2023/7/3, 15, 7, 2
2023/7/4, 16, 8, 2
2023/7/5, 18, 5, 2
2023/7/6, 13, 7, 2
2023/7/7, 16, 6, 2
2023/7/8, 18, 5, 3
2023/7/9, 20, 9, 2
2023/7/10, 23, 5, 2
2023/7/11, 15, 9, 2
2023/7/12, 17, 5, 2
2023/7/13, 12, 5, 2
2023/7/14, 13, 6, 2
2023/7/15, 17, 5, 2
2023/7/16, 22, 7, 2
2023/7/17, 16, 4, 2
2023/7/18, 10, 9, 3
2023/7/19, 16, 4, 3
2023/7/20, 12, 7, 4
2023/7/21, 13, 4, 2
2023/7/22, 12, 4, 2
2023/7/23, 17, 3, 3
2023/7/24, 13, 4, 3
2023/7/25, 11, 4, 2
2023/7/26, 9, 4, 2
2023/7/27, 7, 3, 3
2023/7/28, 8, 3, 3
2023/7/29, 9, 2, 3
2023/7/30, 7, 4, 3
2023/7/31, 7, 6, 3
2023/8/1, 12, 3, 3
2023/8/2, 8, 4, 3
2023/8/3, 8, 5, 3
2023/8/4, 8, 4, 3
2023/8/5, 18, 2, 3
2023/8/6, 10, 3, 3
2023/8/7, 5, 4, 2
2023/8/8, 4, 6, 1
2023/8/9, 34, 7, 1
2023/8/18, 11, 6, 3
2023/8/19, 16, 6, 3
2023/8/20, 19, 7, 4
2023/8/21, 23, 8, 3
2023/8/22, 20, 6, 3
2023/8/23, 18, 9, 3
2023/8/24, 21, 9, 4
2023/8/25, 22, 6, 3
2023/8/26, 17, 3, 3
2023/8/27, 14, 4, 4
2023/8/28, 8, 6, 4
2023/8/29, 16, 5, 4
2023/8/30, 8, 4, 4
2023/8/31, 8, 4, 4
2023/9/1, 10, 5, 3
2023/9/2, 10, 3, 3
2023/9/3, 16, 5, 3
2023/9/4, 12, 10, 3
2023/9/5, 18, 11, 3
2023/9/6, 21, 12, 3
2023/9/7, 23, 13, 4
2023/9/8, 25, 9, 3
2023/9/9, 28, 9, 3
2023/9/10, 26, 7, 3
2023/9/11, 21, 10, 3
2023/9/12, 29, 8, 4
2023/9/13, 32, 4, 2
2023/9/14, 21, 6, 1
2023/9/15, 10, 7, 1
2023/9/16, 17, 6, 1
2023/9/17, 17, 9, 1
2023/9/18, 23, 8, 1
2023/9/19, 16, 7, 1
2023/9/20, 13, 9, 1
2023/9/21, 19, 8, 1
2023/9/22, 18, 5, 1
2023/9/23, 12, 3, 1
2023/9/24, 8, 7, 2
2023/9/25, 17, 7, 2
2023/9/26, 26, 11, 1
2023/9/27, 27, 13, 1
2023/9/28, 30, 10, 1
2023/9/29, 31, 8, 1
2023/9/30, 21, 5, 1
2023/4/1, 8, 3, 2
2023/4/2, 14, 3, 2
2023/4/3, 6, 4, 3
2023/4/4, 10, 8, 6
2023/4/5, 25, 9, 4
2023/4/6, 24, 7, 1
2023/4/7, 19, 5, 4
2023/4/8, 18, 6, 6
2023/4/9, 30, 4, 2
2023/4/10, 32, 7, 2
2023/4/11, 17, 6, 3
2023/4/12, 11, 13, 4
2023/4/13, 26, 9, 4
2023/4/14, 20, 4, 3
2023/4/15, 8, 4, 2
2023/4/16, 16, 9, 3
2023/4/17, 23, 4, 1
2023/4/18, 10, 7, 2
2023/4/19, 23, 8, 2
2023/4/20, 22, 11, 3
2023/4/21, 24, 11, 3
2023/4/22, 28, 10, 3
2023/4/23, 27, 10, 3
2023/4/24, 24, 4, 1
2023/4/25, 10, 4, 2
2023/4/26, 11, 8, 2
2023/4/27, 19, 10, 3
2023/4/28, 26, 7, 3
2023/4/29, 23, 2, 1
2023/4/30, 11, 6, 3
2023/5/1, 18, 9, 3
2023/5/2, 22, 4, 1
2023/5/3, 24, 7, 2
2023/5/4, 15, 10, 3
2023/5/5, 18, 8, 2
2023/5/6, 25, 2, 1
2023/5/7, 13, 4, 1
2023/5/8, 10, 5, 2
2023/5/9, 14, 8, 2
2023/5/10, 14, 8, 2
2023/5/11, 16, 8, 2
2023/5/12, 17, 6, 2
2023/5/13, 18, 6, 2
2023/5/14, 18, 4, 2
2023/5/15, 12, 6, 2
2023/5/16, 16, 4, 1
2023/5/17, 11, 6, 3
2023/5/18, 11, 6, 1
2023/5/19, 15, 4, 1
2023/5/20, 19, 3, 2
2023/5/21, 17, 6, 2
2023/5/22, 13, 8, 3
2023/5/23, 22, 4, 1
2023/5/24, 18, 4, 1
2023/5/25, 17, 7, 1
2023/5/26, 21, 5, 2
2023/5/27, 14, 3, 2
2023/5/28, 12, 7, 3
2023/5/29, 14, 6, 2
2023/5/30, 21, 8, 2
2023/5/31, 17, 8, 2
2023/6/1, 21, 4, 1
2023/6/2, 19, 4, 1
2023/6/3, 12, 3, 2
2023/6/4, 11, 8, 2
2023/6/5, 18, 7, 2
2023/6/6, 18, 6, 2
2023/6/7, 19, 4, 2
2023/6/8, 21, 5, 2
2023/6/9, 16, 3, 2
2023/6/10, 15, 1, 1
2023/6/11, 11, 4, 1
2023/6/12, 10, 6, 2
2023/6/13, 11, 6, 2
2023/6/14, 14, 5, 3
2023/6/15, 17, 6, 2
2023/6/16, 17, 5, 2
2023/6/17, 16, 4, 2
2023/6/18, 22, 8, 3
2023/6/19, 19, 8, 2
2023/6/20, 26, 7, 2
2023/6/21, 23, 4, 3
2023/6/22, 20, 7, 2
2023/6/23, 18, 3, 2
2023/6/24, 12, 3, 2
2023/6/25, 14, 4, 2
2023/6/26, 14, 3, 2
2023/6/27, 14, 3, 2
2023/6/28, 19, 4, 2
2023/6/29, 22, 5, 2
2023/6/30, 65, 3, 2
2023/1/2, 32, 9, 3
2023/1/3, 17, 7, 2
2023/1/4, 23, 2, 1
2023/1/5, 4, 4, 2
2023/1/6, 10, 10, 3
2023/1/7, 27, 13, 8
2023/1/8, 46, 11, 5
2023/1/9, 30, 9, 3
2023/1/10, 13, 12, 4
2023/1/11, 29, 5, 2
2023/1/12, 9, 3, 2
2023/1/13, 8, 7, 3
2023/1/14, 13, 1, 1
2023/1/15, 5, 12, 5
2023/1/16, 17, 14, 7
2023/1/17, 24, 11, 4
2023/1/18, 20, 14, 6
2023/1/19, 37, 13, 6
2023/1/20, 29, 9, 4
2023/1/21, 18, 9, 6
2023/1/22, 25, 10, 3
2023/1/23, 19, 8, 2
2023/1/24, 13, 7, 4
2023/1/25, 9, 11, 6
2023/1/26, 30, 12, 6
2023/1/27, 30, 6, 3
2023/1/28, 23, 3, 2
2023/1/29, 11, 4, 3
2023/1/30, 12, 4, 2
2023/1/31, 10, 5, 2
2023/2/1, 8, 4, 1
2023/2/2, 7, 4, 2
2023/2/3, 7, 2, 1
2023/2/4, 8, 6, 5
2023/2/5, 13, 14, 8
2023/2/6, 31, 16, 10
2023/2/7, 62, 15, 8
2023/2/8, 41, 15, 12
2023/2/9, 48, 9, 6
2023/2/10, 29, 7, 4
2023/2/11, 34, 7, 2
2023/2/12, 17, 9, 2
2023/2/13, 26, 9, 2
2023/2/14, 18, 11, 6
2023/2/15, 29, 8, 4
2023/2/16, 32, 7, 3
2023/2/17, 21, 3, 2
2023/2/18, 7, 2, 1
2023/2/19, 6, 3, 3
2023/2/20, 10, 3, 2
2023/2/21, 8, 11, 5
2023/2/22, 29, 15, 8
2023/2/23, 34, 6, 3
2023/2/24, 20, 3, 2
2023/2/25, 8, 3, 3
2023/2/26, 10, 6, 3
2023/2/27, 10, 13, 6
2023/2/28, 25, 22, 11
2023/3/1, 50, 22, 12
2023/3/2, 49, 12, 4
2023/3/3, 47, 5, 3
2023/3/4, 24, 4, 3
2023/3/5, 12, 5, 4
2023/3/6, 14, 4, 3
2023/3/7, 17, 4, 3
2023/3/8, 13, 8, 3
2023/3/9, 17, 8, 4
2023/3/10, 13, 2, 2
2023/3/11, 6, 3, 3
2023/3/12, 9, 2, 2
2023/3/13, 8, 4, 4
2023/3/14, 12, 5, 3
2023/3/15, 13, 10, 4
2023/3/16, 22, 16, 10
2023/3/17, 42, 14, 7
2023/3/18, 28, 13, 10
2023/3/19, 30, 10, 5
2023/3/20, 32, 7, 3
2023/3/21, 23, 10, 4
2023/3/22, 28, 8, 3
2023/3/23, 16, 6, 3
2023/3/24, 19, 3, 3
2023/3/25, 8, 1, 3
2023/3/26, 5, 5, 3
2023/3/27, 11, 3, 3
2023/3/28, 9, 7, 5
2023/3/29, 17, 7, 6
2023/3/30, 21, 6, 3
2023/3/31, 18, 3, 3
2022/10/1, 24, 2, 
2022/10/2, 7, 4, 
2022/10/3, 10, 4, 
2022/10/4, 12, 4, 1
2022/10/5, 18, 6, 1
2022/10/6, 16, 9, 1
2022/10/7, 27, 5, 1
2022/10/8, 33, 4, 
2022/10/9, 15, 11, 2
2022/10/10, 20, 9, 1
2022/10/11, 22, 11, 2
2022/10/12, 36, 12, 2
2022/10/13, 40, 12, 2
2022/10/14, 40, 7, 2
2022/10/15, 29, 5, 2
2022/10/16, 25, 8, 1
2022/10/17, 28, 6, 2
2022/10/18, 22, 5, 
2022/10/19, 12, 9, 2
2022/10/20, 17, 12, 3
2022/10/21, 26, 7, 5
2022/10/22, 24, 7, 2
2022/10/23, 24, 5, 2
2022/10/24, 25, 5, 1
2022/10/25, 16, 7, 1
2022/10/26, 18, 7, 2
2022/10/27, 31, 7, 2
2022/10/28, 29, 4, 2
2022/10/29, 14, 5, 2
2022/10/30, 19, 11, 3
2022/10/31, 27, 4, 1
2022/11/1, 21, 7, 2
2022/11/2, 22, 12, 2
2022/11/3, 23, 16, 4
2022/11/4, 32, 5, 1
2022/11/5, 11, 6, 3
2022/11/6, 20, 6, 2
2022/11/7, 18, 11, 3
2022/11/8, 31, 8, 4
2022/11/9, 36, 8, 2
2022/11/10, 26, 7, 2
2022/11/11, 16, 12, 3
2022/11/12, 29, 9, 4
2022/11/13, 35, 10, 3
2022/11/14, 21, 11, 5
2022/11/15, 36, 9, 5
2022/11/16, 38, 6, 2
2022/11/17, 5, 8, 2
2022/11/18, 14, 8, 7
2022/11/19, 26, 10, 12
2022/11/20, 67, 10, 7
2022/11/21, 35, 13, 5
2022/11/22, 31, 10, 5
2022/11/23, 29, 8, 2
2022/11/24, 38, 11, 3
2022/11/25, 41, 8, 2
2022/11/26, 26, 9, 5
2022/11/27, 23, 12, 5
2022/11/28, 31, 14, 6
2022/11/29, 41, 10, 3
2022/11/30, 27, 9, 3
2022/12/1, 19, 8, 3
2022/12/2, 19, 9, 4
2022/12/3, 46, 7, 3
2022/12/4, 27, 9, 5
2022/12/5, 33, 9, 5
2022/12/6, 28, 7, 2
2022/12/7, 7, 10, 4
2022/12/8, 20, 14, 6
2022/12/9, 30, 9, 2
2022/12/10, 20, 5, 2
2022/12/11, 13, 6, 4
2022/12/12, 14, 8, 4
2022/12/13, 13, 20, 13
2022/12/14, 52, 19, 13
2022/12/15, 53, 15, 9
2022/12/16, 42, 10, 5
2022/12/17, 52, 12, 7
2022/12/18, 39, 25, 16
2022/12/19, 63, 8, 8
2022/12/20, 25, 9, 6
2022/12/21, 27, 12, 5
2022/12/22, 21, 9, 3
2022/12/23, 13, 8, 4
2022/12/24, 16, 10, 4
2022/12/25, 24, 7, 4
2022/12/26, 22, 4, 1
2022/12/27, 7, 7, 2
2022/12/28, 12, 5, 3
2022/12/29, 14, 12, 6
2022/12/30, 37, 6, 3
2022/12/31, 24, 5, 3
2023/1/1, 15, 9, 5
2022/9/26, 15, 6, 1
2022/9/27, 16, 4, 1
2022/9/28, 8, 7, 1
2022/9/29, 12, 10, 1
2022/9/30, 20, 6, 3
2021/7/1, 12, 5, 2
2021/7/2, 11, 4, 1
2021/7/3, 16, 5, 2
2021/7/4, 17, 6, 2
2021/7/5, 18, 6, 2
2021/7/6, 15, 8, 2
2021/7/7, 21, 7, 3
2021/7/8, 26, 6, 2
2021/7/9, 27, 4, 3
2021/7/10, 11, 3, 2
2021/7/11, 16, 6, 2
2021/7/12, 13, 8, 2
2021/7/13, 20, 8, 2
2021/7/14, 30, 6, 2
2021/7/15, 18, 6, 2
2021/7/16, 23, , 
2021/7/18, 17, 3, 3
2021/7/19, 15, 6, 2
2021/7/20, 17, 5, 2
2021/7/21, 14, 7, 2
2021/7/22, 19, 9, 3
2021/7/23, 25, 7, 2
2021/7/24, 26, 6, 3
2021/7/25, 23, 8, 2
2021/7/26, 15, 8, 2
2021/7/27, 17, 6, 2
2021/7/28, 21, 5, 3
2021/7/29, 8, 7, 2
2021/8/1, 8, 5, 1
2021/8/2, 8, 7, 1
2021/8/3, 8, 8, 2
2021/8/4, 12, 7, 1
2021/8/5, 8, 6, 1
2021/8/6, 9, 5, 1
2021/8/7, 11, 3, 1
2021/8/8, 6, 8, 1
2021/8/9, 9, 7, 2
2021/8/10, 17, 6, 1
2021/8/11, 15, 9, 1
2021/8/12, 17, 11, 1
2021/8/13, 24, 7, 1
2021/8/14, 26, 7, 1
2021/8/15, 24, 5, 1
2021/8/16, 16, 3, 1
2021/8/17, 6, 4, 1
2021/8/18, 9, 4, 1
2021/8/19, 8, 6, 1
2021/8/20, 13, 8, 1
2021/8/21, 18, 5, 1
2021/8/22, 20, 7, 1
2021/8/23, 15, 6, 1
2021/8/24, 10, 6, 1
2021/8/25, 14, 5, 1
2021/8/26, 12, 6, 1
2021/8/27, 12, 5, 1
2021/8/28, 12, 5, 2
2021/8/29, 22, 7, 1
2021/8/30, 16, 4, 1
2021/8/31, 7, 4, 1
2021/9/1, 11, 6, 1
2021/9/2, 15, 7, 1
2021/9/3, 18, 5, 1
2021/9/4, 22, 4, 1
2021/9/5, 6, 10, 1
2021/9/6, 16, 10, 2
2021/9/7, 24, 10, 1
2021/9/8, 28, 11, 1
2021/9/9, 27, 11, 1
2021/9/10, 28, 9, 1
2021/9/11, 29, 6, 2
2021/9/12, 23, 8, 1
2021/9/13, 21, 12, 1
2021/9/14, 31, 12, 2
2021/9/15, 31, 11, 2
2021/9/16, 28, 6, 1
2021/9/17, 12, 5, 1
2021/9/18, 8, 3, 1
2021/9/19, 14, 6, 2
2021/9/20, 11, 6, 1
2021/9/21, 16, 7, 2
2021/9/22, 15, 5, 2
2021/9/23, 16, 5, 2
2021/9/24, 18, 8, 2
2021/9/25, 20, 6, 2
2021/9/26, 29, 8, 2
2021/9/27, 28, 9, 2
2021/9/28, 21, 10, 2
2021/9/29, 27, , 
2021/4/1, 33, 7, 2
2021/4/2, 21, 4, 2
2021/4/3, 15, 5, 3
2021/4/4, 15, 3, 3
2021/4/5, 13, 4, 2
2021/4/6, 14, 5, 3
2021/4/7, 13, 5, 3
2021/4/8, 16, 7, 3
2021/4/9, 15, 9, 3
2021/4/10, 20, 8, 5
2021/4/11, 24, 11, 4
2021/4/12, 29, 6, 2
2021/4/13, 14, 6, 2
2021/4/14, 14, 6, 1
2021/4/15, 11, 5, 1
2021/4/16, 16, 6, 1
2021/4/17, 25, 6, 4
2021/4/18, 24, 12, 4
2021/4/19, 41, 11, 4
2021/4/20, 33, 7, 5
2021/4/21, 24, 6, 2
2021/4/22, 20, 4, 2
2021/4/23, 18, 5, 3
2021/4/24, 23, 5, 3
2021/4/25, 19, 6, 3
2021/4/26, 21, 8, 4
2021/4/27, 25, 12, 5
2021/4/28, 28, 13, 7
2021/4/29, 37, 6, 1
2021/4/30, 16, 6, 3
2021/5/1, 35, 3, 1
2021/5/2, 15, 3, 1
2021/5/3, 10, 6, 3
2021/5/4, 18, 4, 2
2021/5/5, 11, 3, 2
2021/5/6, 8, 3, 1
2021/5/7, 8, 6, 3
2021/5/8, 17, 7, 4
2021/5/9, 20, 11, 3
2021/5/10, 17, 9, 2
2021/5/11, 20, 10, 3
2021/5/12, 26, 5, 2
2021/5/13, 30, 4, 1
2021/5/14, 18, , 
2021/5/18, 9, 6, 1
2021/5/19, 15, 6, 1
2021/5/20, 12, 6, 1
2021/5/21, 12, 6, 1
2021/5/22, 13, 5, 1
2021/5/23, 11, 7, 1
2021/5/24, 12, 6, 1
2021/5/25, 11, 4, 1
2021/5/26, 9, 4, 1
2021/5/27, 10, 6, 1
2021/5/28, 16, 4, 1
2021/5/29, 11, 4, 1
2021/5/30, 14, 6, 2
2021/5/31, 14, 11, 2
2021/6/1, 23, 11, 2
2021/6/2, 22, 7, 1
2021/6/3, 18, 9, 1
2021/6/4, 22, 8, 1
2021/6/5, 24, 7, 1
2021/6/6, 21, 8, 1
2021/6/7, 20, 8, 2
2021/6/8, 24, 8, 1
2021/6/9, 20, 8, 1
2021/6/10, 17, 7, 1
2021/6/11, 16, 4, 1
2021/6/12, 11, 3, 1
2021/6/13, 10, 5, 1
2021/6/14, 14, 9, 2
2021/6/15, 21, 10, 3
2021/6/16, 30, 9, 1
2021/6/17, 25, 8, 1
2021/6/18, 21, 6, 2
2021/6/19, 21, 4, 2
2021/6/20, 16, 6, 2
2021/6/21, 21, 8, 2
2021/6/22, 25, 5, 2
2021/6/23, 28, 6, 2
2021/6/24, 31, 6, 1
2021/6/25, 17, 5, 2
2021/6/26, 16, 5, 2
2021/6/27, 16, 7, 3
2021/6/28, 20, 8, 2
2021/6/29, 23, 4, 2
2021/6/30, 11, 6, 2
2021/1/4, 56, 9, 3
2021/1/5, 20, 9, 7
2021/1/6, 40, 9, 3
2021/1/7, 23, 10, 3
2021/1/8, 17, 9, 3
2021/1/9, 30, 10, 6
2021/1/10, 45, 13, 12
2021/1/11, 69, 6, 3
2021/1/12, 17, 8, 3
2021/1/13, 14, 8, 3
2021/1/14, 19, 10, 5
2021/1/15, 24, 6, 3
2021/1/16, 16, 9, 6
2021/1/17, 35, 16, 11
2021/1/18, 52, 10, 5
2021/1/19, 20, 9, 2
2021/1/20, 13, 9, 3
2021/1/21, 20, 13, 5
2021/1/22, 27, 13, 6
2021/1/23, 23, 6, 3
2021/1/24, 19, 9, 4
2021/1/25, 19, 9, 3
2021/1/26, 24, 11, 4
2021/1/27, 26, 12, 7
2021/1/28, 32, 13, 6
2021/1/29, 22, 10, 6
2021/1/30, 32, 16, 14
2021/1/31, 45, 19, 11
2021/2/1, 54, 17, 10
2021/2/2, 48, 11, 6
2021/2/3, 22, 8, 2
2021/2/4, 14, 13, 5
2021/2/5, 39, 7, 5
2021/2/6, 19, 4, 3
2021/2/7, 21, 13, 8
2021/2/8, 40, 24, 22
2021/2/9, 79, 22, 18
2021/2/10, 82, 9, 4
2021/2/11, 39, 14, 6
2021/2/12, 48, 10, 3
2021/2/13, 35, 7, 2
2021/2/14, 30, 20, 13
2021/2/15, 64, 20, 18
2021/2/16, 61, 10, 5
2021/2/17, 28, 16, 5
2021/2/18, 34, 16, 6
2021/2/19, 43, 17, 7
2021/2/20, 40, 13, 9
2021/2/21, 50, 18, 10
2021/2/22, 64, 13, 6
2021/2/23, 44, 19, 8
2021/2/24, 56, 16, 9
2021/2/25, 73, 8, 4
2021/2/26, 46, 6, 1
2021/2/27, 21, 5, 1
2021/2/28, 22, 9, 3
2021/3/1, 29, 14, 5
2021/3/2, 43, 11, 6
2021/3/3, 39, 9, 4
2021/3/4, 51, 11, 5
2021/3/5, 25, 8, 3
2021/3/6, 26, 7, 3
2021/3/7, 27, 11, 4
2021/3/8, 29, 15, 9
2021/3/9, 52, 16, 10
2021/3/10, 46, 11, 8
2021/3/11, 40, 5, 2
2021/3/12, 12, 4, 3
2021/3/13, 9, 3, 2
2021/3/14, 14, 10, 4
2021/3/15, 23, 11, 4
2021/3/16, 44, 6, 4
2021/3/17, 17, 8, 4
2021/3/18, 19, 10, 6
2021/3/19, 36, , 
2021/3/21, 35, 7, 5
2021/3/22, 23, 8, 3
2021/3/23, 26, 7, 3
2021/3/24, 22, 14, 6
2021/3/25, 49, 19, 10
2021/3/26, 59, 13, 8
2021/3/27, 37, 5, 1
2021/3/28, 12, 8, 4
2021/3/29, 24, 10, 2
2021/3/30, 26, 12, 5
2021/3/31, 35, 8, 3
2020/10/1, 19, 10, 3
2020/10/2, 25, 7, 3
2020/10/3, 17, 7, 2
2020/10/4, 11, 10, 2
2020/10/5, 13, 8, 2
2020/10/6, 15, 10, 2
2020/10/7, 25, 10, 2
2020/10/8, 25, 10, 3
2020/10/9, 36, 8, 2
2020/10/10, 27, 6, 3
2020/10/11, 18, 8, 2
2020/10/12, 14, 9, 2
2020/10/13, 10, 4, 2
2020/10/14, 4, 8, 2
2020/10/15, 24, 10, 2
2020/10/16, 21, 5, 2
2020/10/17, 10, 4, 2
2020/10/18, 12, 7, 3
2020/10/19, 19, 8, 4
2020/10/20, 24, 9, 4
2020/10/21, 19, 8, 3
2020/10/22, 23, 12, 4
2020/10/23, 36, 7, 3
2020/10/24, 34, 7, 3
2020/10/25, 33, 11, 4
2020/10/26, 21, 11, 4
2020/10/27, 32, 10, 4
2020/10/28, 30, 7, 2
2020/10/29, 14, 7, 2
2020/10/30, 13, 10, 3
2020/10/31, 27, 5, 3
2020/11/1, 24, 5, 2
2020/11/2, 10, 10, 3
2020/11/3, 25, 9, 2
2020/11/4, 20, 10, 3
2020/11/5, 29, 12, 5
2020/11/6, 29, 13, 7
2020/11/7, 58, 10, 4
2020/11/8, 28, 10, 5
2020/11/9, 49, 9, 3
2020/11/10, 21, 8, 6
2020/11/11, 34, 11, 7
2020/11/12, 31, 7, 4
2020/11/13, 19, 6, 4
2020/11/14, 19, 8, 6
2020/11/15, 25, 10, 6
2020/11/16, 41, 10, 4
2020/11/17, 24, 12, 5
2020/11/18, 27, 7, 4
2020/11/19, 24, 10, 3
2020/11/20, 22, 9, 4
2020/11/21, 29, 4, 4
2020/11/22, 10, 9, 5
2020/11/23, 32, 12, 6
2020/11/24, 30, 11, 8
2020/11/25, 44, 7, 4
2020/11/26, 34, 7, 4
2020/11/27, 46, , 
2020/12/1, 41, 13, 7
2020/12/2, 63, 17, 12
2020/12/3, 60, 16, 9
2020/12/4, 31, 16, 8
2020/12/5, 30, 11, 7
2020/12/6, 29, 11, 4
2020/12/7, 21, 11, 4
2020/12/8, 35, 10, 3
2020/12/9, 31, 9, 4
2020/12/10, 27, 14, 11
2020/12/11, 61, 12, 6
2020/12/12, 33, 11, 8
2020/12/13, 39, 14, 8
2020/12/14, 43, 15, 7
2020/12/15, 55, 9, 6
2020/12/16, 22, 9, 9
2020/12/17, 43, 10, 3
2020/12/18, 24, 10, 5
2020/12/19, 30, 13, 9
2020/12/20, 48, 14, 12
2020/12/21, 62, 10, 7
2020/12/22, 42, 10, 5
2020/12/23, 31, 5, 3
2020/12/24, 10, 3, 1
2020/12/25, 9, 5, 2
2020/12/26, 15, 12, 9
2020/12/27, 30, 7, 5
2020/12/28, 10, 6, 3
2020/12/29, 10, 14, 3
2020/12/30, 29, 12, 6
2020/12/31, 24, 6, 5
2021/1/1, 39, 13, 10
2021/1/2, 47, 15, 11
2021/1/3, 52, 17, 9
2020/7/1, 13, 5, 1
2020/7/2, 13, 7, 
2020/7/3, 11, 5, 
2020/7/4, 11, 4, 
2020/7/5, 14, 4, 1
2020/7/6, 12, 4, 1
2020/7/7, 11, 5, 1
2020/7/8, 14, 5, 1
2020/7/9, 13, 6, 2
2020/7/10, 17, 5, 1
2020/7/11, 13, 5, 1
2020/7/12, 10, 6, 1
2020/7/13, 11, 6, 1
2020/7/14, 13, 8, 1
2020/7/15, 17, 8, 1
2020/7/16, 17, 5, 1
2020/7/17, 13, 5, 1
2020/7/18, 17, 5, 1
2020/7/19, 15, 6, 1
2020/7/20, 14, 6, 1
2020/7/21, 17, 7, 1
2020/7/22, 15, 11, 3
2020/7/23, 21, 8, 1
2020/7/24, 21, 7, 2
2020/7/25, 20, 4, 1
2020/7/26, 19, 7, 1
2020/7/27, 14, 6, 1
2020/7/28, 15, 6, 1
2020/7/29, 17, 7, 1
2020/7/30, 21, 8, 1
2020/7/31, 22, 6, 2
2020/8/1, 19, 6, 1
2020/8/2, 18, 9, 1
2020/8/3, 19, 5, 1
2020/8/4, 12, 5, 1
2020/8/5, 12, 7, 1
2020/8/6, 20, 11, 1
2020/8/7, 28, 9, 1
2020/8/8, 31, 9, 1
2020/8/9, 27, 9, 1
2020/8/10, 16, 10, 1
2020/8/11, 18, 11, 2
2020/8/12, 23, 14, 1
2020/8/13, 24, 10, 1
2020/8/14, 22, 7, 2
2020/8/15, 22, 4, 1
2020/8/16, 17, 5, 1
2020/8/17, 14, 7, 1
2020/8/18, 20, 6, 1
2020/8/19, 26, 7, 1
2020/8/20, 22, 9, 1
2020/8/21, 20, 6, 1
2020/8/22, 19, 4, 1
2020/8/23, 11, 7, 1
2020/8/24, 12, 8, 1
2020/8/25, 12, 8, 1
2020/8/26, 14, 5, 1
2020/8/27, 11, 9, 1
2020/8/28, 16, 8, 2
2020/8/29, 14, 5, 1
2020/8/30, 15, 6, 1
2020/8/31, 6, 8, 1
2020/9/1, 7, 6, 1
2020/9/2, 8, 8, 1
2020/9/3, 16, 7, 1
2020/9/4, 18, 6, 1
2020/9/5, 14, 5, 1
2020/9/6, 16, 11, 2
2020/9/7, 16, 6, 1
2020/9/8, 13, 7, 2
2020/9/9, 17, 8, 2
2020/9/10, 15, 11, 2
2020/9/11, 16, 10, 1
2020/9/12, 26, 7, 1
2020/9/13, 23, 12, 3
2020/9/14, 26, 15, 1
2020/9/15, 30, 10, 2
2020/9/16, 41, 7, 2
2020/9/17, 14, 11, 2
2020/9/18, 19, 12, 2
2020/9/19, 27, 11, 3
2020/9/20, 28, 15, 2
2020/9/21, 37, 15, 2
2020/9/22, 36, 14, 2
2020/9/23, 42, 12, 2
2020/9/24, 33, 14, 2
2020/9/25, 24, 6, 2
2020/9/26, 9, 5, 2
2020/9/27, 13, 13, 2
2020/9/28, 22, 7, 2
2020/9/29, 17, 6, 2
2020/9/30, 21, 9, 2
2020/4/1, 29, 9, 5
2020/4/2, 23, 7, 6
2020/4/3, 20, 9, 7
2020/4/4, 29, 10, 10
2020/4/5, 35, 12, 7
2020/4/6, 34, 14, 8
2020/4/7, 37, 13, 6
2020/4/8, 35, 6, 3
2020/4/9, 30, 8, 3
2020/4/10, 19, 10, 7
2020/4/11, 37, 7, 7
2020/4/12, 28, 3, 3
2020/4/13, 17, 2, 1
2020/4/14, 12, 5, 2
2020/4/15, 19, 9, 3
2020/4/16, 20, 10, 4
2020/4/17, 30, 8, 5
2020/4/18, 25, 3, 3
2020/4/19, 15, 8, 4
2020/4/20, 20, 9, 4
2020/4/21, 25, 10, 5
2020/4/22, 24, 13, 6
2020/4/23, 28, 8, 4
2020/4/24, 34, 4, 2
2020/4/25, 24, 5, 2
2020/4/26, 20, 9, 4
2020/4/27, 26, 12, 5
2020/4/28, 28, 9, 4
2020/4/29, 29, 5, 1
2020/4/30, 20, 7, 2
2020/5/1, 20, 4, 2
2020/5/2, 15, 3, 1
2020/5/3, 11, 8, 2
2020/5/4, 18, 4, 2
2020/5/5, 15, 5, 1
2020/5/6, 12, 5, 1
2020/5/7, 16, 8, 2
2020/5/8, 24, 12, 5
2020/5/9, 97, 8, 4
2020/5/10, 65, 5, 2
2020/5/11, 19, 3, 
2020/5/12, 9, 7, 3
2020/5/13, 21, 8, 2
2020/5/14, 20, 9, 3
2020/5/15, 24, 6, 2
2020/5/16, 21, 6, 2
2020/5/17, 26, 8, 2
2020/5/18, 21, 6, 2
2020/5/19, 22, 4, 1
2020/5/20, 12, 5, 1
2020/5/21, 13, 8, 2
2020/5/22, 17, 8, 3
2020/5/23, 22, 2, 
2020/5/24, 13, 5, 1
2020/5/25, 10, 4, 1
2020/5/26, 13, 6, 1
2020/5/27, 15, 6, 1
2020/5/28, 20, 5, 2
2020/5/29, 14, 5, 2
2020/5/30, 14, 4, 1
2020/5/31, 18, 6, 2
2020/6/1, 17, 6, 2
2020/6/2, 14, 6, 2
2020/6/3, 15, 9, 3
2020/6/4, 22, 4, 2
2020/6/5, 15, 5, 1
2020/6/6, 10, 4, 2
2020/6/7, 16, 6, 1
2020/6/8, 15, 6, 2
2020/6/9, 18, 8, 1
2020/6/10, 20, 5, 1
2020/6/11, 19, 8, 2
2020/6/12, 23, 6, 2
2020/6/13, 27, 3, 2
2020/6/14, 20, 7, 1
2020/6/15, 14, 10, 2
2020/6/16, 22, 9, 2
2020/6/17, 21, 7, 2
2020/6/18, 24, 5, 1
2020/6/19, 12, 2, 1
2020/6/20, 5, 2, 1
2020/6/21, 10, 3, 1
2020/6/22, 9, 3, 1
2020/6/23, 11, 6, 1
2020/6/24, 16, 7, 1
2020/6/25, 18, 6, 1
2020/6/26, 15, 4, 1
2020/6/27, 13, 3, 2
2020/6/28, 12, 6, 2
2020/6/29, 14, 6, 2
2020/6/30, 11, 5, 2
2020/1/1, 22, 16, 11
2020/1/2, 48, 11, 9
2020/1/3, 48, 5, 2
2020/1/4, 15, 6, 2
2020/1/5, 21, 10, 7
2020/1/6, 40, 15, 13
2020/1/7, 52, 9, 5
2020/1/8, 23, 9, 4
2020/1/9, 18, 10, 9
2020/1/10, 32, 9, 3
2020/1/11, 23, 5, 4
2020/1/12, 18, 9, 4
2020/1/13, 23, 10, 4
2020/1/14, 28, 12, 5
2020/1/15, 27, 13, 6
2020/1/16, 44, 18, 12
2020/1/17, 70, 10, 6
2020/1/18, 33, 11, 7
2020/1/19, 42, 11, 5
2020/1/20, 32, 8, 4
2020/1/21, 22, 9, 4
2020/1/22, 31, 14, 5
2020/1/23, 34, 11, 11
2020/1/24, 58, 9, 5
2020/1/25, 33, 8, 5
2020/1/26, 26, 14, 8
2020/1/27, 34, 11, 11
2020/1/28, 56, 6, 4
2020/1/29, 11, 7, 3
2020/1/30, 13, 7, 3
2020/1/31, 13, 5, 3
2020/2/1, 10, 6, 3
2020/2/2, 13, 7, 3
2020/2/3, 13, 8, 2
2020/2/4, 10, 7, 3
2020/2/5, 15, 9, 2
2020/2/6, 24, 15, 5
2020/2/7, 25, 17, 9
2020/2/8, 46, 8, 8
2020/2/9, 36, 4, 2
2020/2/10, 10, 3, 1
2020/2/11, 7, 4, 2
2020/2/12, 9, 12, 8
2020/2/13, 25, 12, 4
2020/2/14, 25, 12, 4
2020/2/15, 26, 6, 3
2020/2/16, 24, 8, 4
2020/2/17, 18, 8, 2
2020/2/18, 17, 6, 2
2020/2/19, 11, 12, 4
2020/2/20, 27, 9, 3
2020/2/21, 23, 7, 3
2020/2/22, 19, 4, 2
2020/2/23, 10, 4, 3
2020/2/24, 9, 7, 2
2020/2/25, 15, 6, 2
2020/2/26, 11, 12, 4
2020/2/27, 22, 10, 3
2020/2/28, 22, 5, 3
2020/2/29, 12, 5, 3
2020/3/1, 13, 17, 5
2020/3/2, 26, 9, 3
2020/3/3, 14, 12, 3
2020/3/4, 21, 16, 9
2020/3/5, 43, 10, 6
2020/3/6, 21, 6, 3
2020/3/7, 14, 12, 6
2020/3/8, 33, 19, 10
2020/3/9, 47, 9, 5
2020/3/10, 24, 6, 3
2020/3/11, 8, 4, 2
2020/3/12, 9, 5, 2
2020/3/13, 10, 6, 3
2020/3/14, 15, 11, 9
2020/3/15, 32, 12, 11
2020/3/16, 31, 14, 10
2020/3/17, 29, 15, 7
2020/3/18, 42, 11, 5
2020/3/19, 31, 12, 4
2020/3/20, 34, 5, 1
2020/3/21, 13, 4, 1
2020/3/22, 14, 6, 3
2020/3/23, 20, 6, 4
2020/3/24, 24, 9, 6
2020/3/25, 27, 12, 8
2020/3/26, 35, 15, 12
2020/3/27, 46, 16, 11
2020/3/28, 49, 10, 9
2020/3/29, 71, , 
2019/10/1, 11, 8, 2
2019/10/2, 15, 6, 1
2019/10/3, 12, 9, 3
2019/10/4, 21, 7, 2
2019/10/5, 16, 6, 2
2019/10/6, 19, 13, 3
2019/10/7, 30, 8, 5
2019/10/8, 39, 8, 2
2019/10/9, 16, 6, 1
2019/10/10, 9, 6, 1
2019/10/11, 10, 7, 2
2019/10/12, 16, 9, 3
2019/10/13, 25, 14, 2
2019/10/14, 38, 17, 3
2019/10/15, 39, 5, 2
2019/10/16, 14, 12, 2
2019/10/17, 25, 14, 3
2019/10/18, 40, 12, 4
2019/10/19, 46, 13, 3
2019/10/20, 34, 18, 3
2019/10/21, 38, 13, 3
2019/10/22, 45, 17, 2
2019/10/23, 53, 20, 3
2019/10/24, 37, 13, 3
2019/10/25, 47, 13, 3
2019/10/26, 48, 6, 2
2019/10/27, 19, 8, 2
2019/10/28, 19, 12, 3
2019/10/29, 41, 14, 3
2019/10/30, 28, 19, 8
2019/10/31, 67, 16, 9
2019/11/1, 56, 5, 4
2019/11/2, 18, 7, 6
2019/11/3, 26, 7, 3
2019/11/4, 11, 13, 3
2019/11/5, 25, 13, 4
2019/11/6, 31, 16, 8
2019/11/7, 45, 16, 6
2019/11/8, 43, 12, 5
2019/11/9, 25, 8, 4
2019/11/10, 21, 9, 5
2019/11/11, 28, 21, 7
2019/11/12, 38, 14, 4
2019/11/13, 32, 10, 5
2019/11/14, 17, 13, 5
2019/11/15, 35, 13, 5
2019/11/16, 21, 13, 9
2019/11/17, 37, 20, 7
2019/11/18, 36, 22, 8
2019/11/19, 42, 18, 7
2019/11/20, 45, 17, 6
2019/11/21, 35, 9, 4
2019/11/22, 22, 10, 6
2019/11/23, 38, 11, 5
2019/11/24, 47, 9, 9
2019/11/25, 46, 10, 9
2019/11/26, 48, 15, 10
2019/11/27, 51, 13, 7
2019/11/28, 35, 7, 3
2019/11/29, 10, 9, 3
2019/11/30, 21, 14, 11
2019/12/1, 46, 13, 8
2019/12/2, 41, 12, 4
2019/12/3, 28, 15, 8
2019/12/4, 38, 11, 6
2019/12/5, 35, 7, 4
2019/12/6, 24, 8, 4
2019/12/7, 20, 5, 4
2019/12/8, 13, 9, 4
2019/12/9, 22, 10, 3
2019/12/10, 27, 20, 13
2019/12/11, 67, 23, 19
2019/12/12, 89, 15, 12
2019/12/13, 54, 6, 4
2019/12/14, 11, 5, 4
2019/12/15, 12, 19, 11
2019/12/16, 44, 19, 14
2019/12/17, 124, 15, 8
2019/12/18, 47, 19, 11
2019/12/19, 67, 11, 7
2019/12/20, 21, 9, 4
2019/12/21, 31, 8, 4
2019/12/22, 27, 11, 4
2019/12/23, 27, 7, 3
2019/12/24, 21, 7, 4
2019/12/25, 21, 5, 2
2019/12/26, 14, 6, 2
2019/12/27, 13, 3, 2
2019/12/28, 9, 7, 5
2019/12/29, 17, , 
2019/7/1, 20, 6, 1
2019/7/2, 18, 6, 1
2019/7/3, 13, 8, 2
2019/7/4, 14, 9, 3
2019/7/5, 19, 8, 2
2019/7/6, 20, 4, 2
2019/7/7, 16, 5, 1
2019/7/8, 9, 6, 2
2019/7/9, 12, 6, 1
2019/7/10, 12, 6, 2
2019/7/11, 12, 7, 1
2019/7/12, 11, 6, 1
2019/7/13, 16, 4, 1
2019/7/14, 18, 6, 1
2019/7/15, 13, 6, 1
2019/7/16, 17, 6, 1
2019/7/17, 13, 10, 3
2019/7/18, 17, 11, 1
2019/7/19, 21, 10, 2
2019/7/20, 21, 6, 1
2019/7/21, 21, 7, 1
2019/7/22, 17, 7, 1
2019/7/23, 16, 8, 2
2019/7/24, 14, 11, 2
2019/7/25, 21, 9, 3
2019/7/26, 25, 6, 2
2019/7/27, 19, 5, 2
2019/7/28, 18, 7, 3
2019/7/29, 20, 6, 2
2019/7/30, 25, 8, 1
2019/7/31, 29, 7, 2
2019/8/1, 16, 7, 1
2019/8/2, 16, 7, 2
2019/8/3, 16, 4, 1
2019/8/4, 13, 6, 2
2019/8/5, 17, 7, 2
2019/8/6, 18, 6, 2
2019/8/7, 22, 4, 1
2019/8/8, 13, 8, 3
2019/8/9, 18, 7, 2
2019/8/10, 17, 4, 1
2019/8/11, 13, 7, 1
2019/8/12, 17, 7, 2
2019/8/13, 11, 9, 3
2019/8/14, 13, 7, 2
2019/8/15, 18, 9, 1
2019/8/16, 17, 5, 1
2019/8/17, 12, 6, 1
2019/8/18, 15, 11, 2
2019/8/19, 17, 8, 1
2019/8/20, 17, 6, 1
2019/8/21, 13, 8, 1
2019/8/22, 15, 8, 2
2019/8/23, 19, 9, 1
2019/8/24, 24, 6, 2
2019/8/25, 22, 9, 1
2019/8/26, 23, 10, 1
2019/8/27, 23, 10, 1
2019/8/28, 30, 10, 2
2019/8/29, 29, 11, 2
2019/8/30, 24, 8, 1
2019/8/31, 23, 7, 1
2019/9/1, 24, 7, 1
2019/9/2, 18, 8, 1
2019/9/3, 12, 12, 2
2019/9/4, 18, 9, 1
2019/9/5, 19, 9, 2
2019/9/6, 15, 8, 2
2019/9/7, 24, 6, 1
2019/9/8, 16, 10, 1
2019/9/9, 12, 8, 1
2019/9/10, 8, 9, 1
2019/9/11, 20, 9, 2
2019/9/12, 20, 9, 2
2019/9/13, 19, 6, 1
2019/9/14, 14, 4, 1
2019/9/15, 18, 9, 2
2019/9/16, 17, 5, 1
2019/9/17, 12, 5, 2
2019/9/18, 11, 7, 1
2019/9/19, 15, 8, 1
2019/9/20, 19, 9, 2
2019/9/21, 23, 7, 2
2019/9/22, 28, 13, 3
2019/9/23, 34, 9, 3
2019/9/24, 42, 11, 3
2019/9/25, 37, 9, 2
2019/9/26, 14, 11, 2
2019/9/27, 23, 6, 2
2019/9/28, 12, 3, 2
2019/9/29, 9, 3, 1
2019/9/30, 11, 6, 2
2019/4/1, 14, 8, 5
2019/4/2, 21, 13, 7
2019/4/3, 35, 12, 7
2019/4/4, 36, 17, 7
2019/4/5, 38, 13, 6
2019/4/6, 41, 12, 6
2019/4/7, 36, 16, 6
2019/4/8, 41, 15, 6
2019/4/9, 37, 11, 4
2019/4/10, 26, 12, 5
2019/4/11, 26, 11, 4
2019/4/12, 25, 10, 3
2019/4/13, 34, 7, 4
2019/4/14, 25, 14, 6
2019/4/15, 26, 15, 8
2019/4/16, 30, 15, 5
2019/4/17, 29, 17, 5
2019/4/18, 35, 13, 6
2019/4/19, 34, 9, 5
2019/4/20, 30, 6, 5
2019/4/21, 22, 5, 4
2019/4/22, 19, 7, 4
2019/4/23, 18, 7, 4
2019/4/24, 23, 11, 4
2019/4/25, 31, 12, 3
2019/4/26, 40, 5, 1
2019/4/27, 25, 5, 1
2019/4/28, 16, 7, 1
2019/4/29, 12, 8, 2
2019/4/30, 17, 5, 2
2019/5/1, 22, 5, 2
2019/5/2, 21, 5, 2
2019/5/3, 20, 5, 2
2019/5/4, 17, 3, 2
2019/5/5, 9, 6, 3
2019/5/6, 12, 7, 2
2019/5/7, 18, 10, 4
2019/5/8, 29, 14, 3
2019/5/9, 31, 11, 3
2019/5/10, 25, 8, 3
2019/5/11, 15, 6, 2
2019/5/12, 25, 5, 1
2019/5/13, 10, 6, 2
2019/5/14, 12, 9, 2
2019/5/15, 13, 9, 3
2019/5/16, 20, 9, 3
2019/5/17, 27, 7, 2
2019/5/18, 27, 8, 2
2019/5/19, 23, 7, 2
2019/5/20, 16, 8, 2
2019/5/21, 12, 5, 1
2019/5/22, 11, 5, 1
2019/5/23, 10, 9, 1
2019/5/24, 18, 6, 2
2019/5/25, 22, 5, 2
2019/5/26, 24, 8, 2
2019/5/27, 21, 6, 1
2019/5/28, 20, 5, 1
2019/5/29, 14, 8, 2
2019/5/30, 18, 10, 2
2019/5/31, 20, 9, 2
2019/6/1, 27, 7, 1
2019/6/2, 26, 8, 1
2019/6/3, 15, 8, 2
2019/6/4, 19, 7, 2
2019/6/5, 22, 8, 1
2019/6/6, 16, 8, 2
2019/6/7, 17, 8, 1
2019/6/8, 26, 5, 2
2019/6/9, 16, 8, 2
2019/6/10, 23, 11, 1
2019/6/11, 25, 9, 1
2019/6/12, 22, 10, 1
2019/6/13, 25, 8, 2
2019/6/14, 34, 8, 1
2019/6/15, 33, 3, 1
2019/6/16, 20, 6, 1
2019/6/17, 13, 8, 1
2019/6/18, 22, 9, 1
2019/6/19, 22, 4, 1
2019/6/20, 17, 7, 2
2019/6/21, 19, 5, 2
2019/6/22, 16, 3, 1
2019/6/23, 12, 7, 1
2019/6/24, 15, 8, 1
2019/6/25, 21, 5, 1
2019/6/26, 23, 5, 1
2019/6/27, 19, 5, 1
2019/6/28, 16, 5, 1
2019/6/29, 15, 5, 2
2019/6/30, 17, 4, 2
2019/1/1, 20, 3, 1
2019/1/2, 10, 5, 3
2019/1/3, 13, 7, 4
2019/1/4, 20, 8, 5
2019/1/5, 16, 2, 2
2019/1/6, 10, 20, 17
2019/1/7, 64, 7, 6
2019/1/8, 25, 16, 10
2019/1/9, 39, 15, 9
2019/1/10, 54, 12, 8
2019/1/11, 43, 9, 4
2019/1/12, 21, 4, 2
2019/1/13, 9, 5, 2
2019/1/14, 9, 5, 2
2019/1/15, 13, 8, 3
2019/1/16, 14, 5, 2
2019/1/17, 14, 6, 2
2019/1/18, 12, 17, 14
2019/1/19, 65, 22, 22
2019/1/20, 104, 22, 25
2019/1/21, 103, 26, 21
2019/1/22, 102, 12, 7
2019/1/23, 43, 9, 7
2019/1/24, 28, 10, 8
2019/1/25, 49, 9, 9
2019/1/26, 40, 10, 12
2019/1/27, 33, 21, 15
2019/1/28, 52, 12, 7
2019/1/29, 28, 22, 17
2019/1/30, 57, 21, 24
2019/1/31, 82, 25, 20
2019/2/1, 68, 12, 6
2019/2/2, 20, 13, 5
2019/2/3, 45, 12, 3
2019/2/4, 22, 14, 9
2019/2/5, 45, 20, 13
2019/2/6, 58, 19, 23
2019/2/7, 86, 13, 9
2019/2/8, 42, 11, 16
2019/2/9, 61, 6, 4
2019/2/10, 24, 5, 2
2019/2/11, 13, 5, 2
2019/2/12, 13, 9, 4
2019/2/13, 25, 11, 3
2019/2/14, 28, 14, 5
2019/2/15, 38, 15, 8
2019/2/16, 34, 13, 5
2019/2/17, 31, 20, 14
2019/2/18, 71, 14, 11
2019/2/19, 66, 9, 4
2019/2/20, 29, 9, 5
2019/2/21, 28, 6, 2
2019/2/22, 12, 10, 8
2019/2/23, 31, 12, 12
2019/2/24, 56, 15, 9
2019/2/25, 44, 11, 4
2019/2/26, 38, 13, 6
2019/2/27, 38, 10, 5
2019/2/28, 25, 12, 3
2019/3/1, 53, 14, 7
2019/3/2, 44, 5, 4
2019/3/3, 22, 7, 3
2019/3/4, 11, 5, 2
2019/3/5, 9, 13, 7
2019/3/6, 26, 12, 6
2019/3/7, 27, 5, 2
2019/3/8, 9, 4, 2
2019/3/9, 10, 3, 2
2019/3/10, 7, 4, 1
2019/3/11, 9, 11, 4
2019/3/12, 21, 6, 3
2019/3/13, 16, 5, 2
2019/3/14, 12, 3, 2
2019/3/15, 8, 3, 2
2019/3/16, 10, 8, 4
2019/3/17, 14, 6, 2
2019/3/18, 13, 11, 4
2019/3/19, 26, 14, 6
2019/3/20, 47, 17, 8
2019/3/21, 43, 16, 7
2019/3/22, 49, 14, 6
2019/3/23, 40, 7, 3
2019/3/24, 29, 7, 3
2019/3/25, 20, 4, 2
2019/3/26, 12, 10, 3
2019/3/27, 20, 11, 3
2019/3/28, 36, 12, 2
2019/3/29, 41, 14, 6
2019/3/30, 43, 7, 4
2019/3/31, 31, 8, 5
2018/10/1, 32, 6, 3
2018/10/2, 14, 4, 3
2018/10/3, 11, 9, 4
2018/10/4, 22, 11, 8
2018/10/5, 43, 10, 7
2018/10/6, 33, 6, 5
2018/10/7, 29, 11, 5
2018/10/8, 26, 17, 8
2018/10/9, 53, 18, 9
2018/10/10, 42, 21, 6
2018/10/11, 47, 18, 6
2018/10/12, 47, 18, 8
2018/10/13, 51, 14, 5
2018/10/14, 43, 17, 7
2018/10/15, 46, 19, 8
2018/10/16, 51, 23, 9
2018/10/17, 59, 18, 7
2018/10/18, 63, 14, 2
2018/10/19, 74, 9, 3
2018/10/20, 44, 9, 2
2018/10/21, 26, 14, 3
2018/10/22, 46, 6, 1
2018/10/23, 12, 4, 1
2018/10/24, 9, 6, 2
2018/10/25, 14, 12, 4
2018/10/26, 26, 10, 4
2018/10/27, 33, 6, 3
2018/10/28, 14, 11, 6
2018/10/29, 32, 6, 2
2018/10/30, 16, 17, 4
2018/10/31, 28, 13, 5
2018/11/1, 36, 15, 5
2018/11/2, 47, 11, 3
2018/11/3, 46, 6, 2
2018/11/4, 22, 12, 5
2018/11/5, 41, 20, 5
2018/11/6, 42, 22, 8
2018/11/7, 63, 16, 7
2018/11/8, 58, 18, 6
2018/11/9, 76, 20, 9
2018/11/10, 82, 10, 6
2018/11/11, 49, 17, 9
2018/11/12, 72, 13, 8
2018/11/13, 64, 11, 3
2018/11/14, 23, 15, 4
2018/11/15, 35, 9, 3
2018/11/16, 19, 10, 6
2018/11/17, 33, 15, 13
2018/11/18, 54, 13, 8
2018/11/19, 36, 12, 6
2018/11/20, 34, 11, 6
2018/11/21, 32, 14, 7
2018/11/22, 46, 14, 11
2018/11/23, 69, 12, 12
2018/11/24, 47, 10, 7
2018/11/25, 29, 9, 3
2018/11/26, 23, 13, 3
2018/11/27, 25, 17, 8
2018/11/28, 45, 17, 10
2018/11/29, 40, 20, 13
2018/11/30, 53, 13, 12
2018/12/1, 47, 8, 8
2018/12/2, 27, 7, 4
2018/12/3, 19, 8, 3
2018/12/4, 18, 14, 5
2018/12/5, 36, 19, 16
2018/12/6, 76, 7, 4
2018/12/7, 16, 6, 3
2018/12/8, 17, 3, 2
2018/12/9, 9, 6, 2
2018/12/10, 12, 8, 4
2018/12/11, 13, 9, 5
2018/12/12, 17, 13, 6
2018/12/13, 44, 13, 7
2018/12/14, 34, 7, 3
2018/12/15, 19, 11, 13
2018/12/16, 48, 16, 21
2018/12/17, 78, 19, 17
2018/12/18, 62, 21, 13
2018/12/19, 58, 17, 13
2018/12/20, 54, 9, 5
2018/12/21, 26, 5, 3
2018/12/22, 10, 7, 3
2018/12/23, 17, 4, 2
2018/12/24, 10, 4, 1
2018/12/25, 15, 3, 1
2018/12/26, 15, 9, 3
2018/12/27, 19, 9, 3
2018/12/28, 22, 7, 2
2018/12/29, 17, 5, 3
2018/12/30, 12, , 
2018/7/1, 9, 7, 2
2018/7/2, 12, 7, 2
2018/7/3, 15, 8, 3
2018/7/4, 18, 8, 4
2018/7/5, 25, 9, 2
2018/7/6, 24, 5, 1
2018/7/7, 15, 5, 2
2018/7/8, 20, 8, 2
2018/7/9, 23, 9, 3
2018/7/10, 22, 8, 2
2018/7/11, 26, 5, 1
2018/7/12, 13, 4, 1
2018/7/13, 14, 3, 2
2018/7/14, 15, 4, 1
2018/7/15, 14, 6, 2
2018/7/16, 17, 6, 2
2018/7/17, 16, 3, 1
2018/7/18, 8, 4, 1
2018/7/19, 13, 6, 1
2018/7/20, 17, 8, 2
2018/7/21, 28, 8, 3
2018/7/22, 32, 8, 3
2018/7/23, 26, 7, 3
2018/7/24, 26, 7, 3
2018/7/25, 23, 11, 2
2018/7/26, 22, 9, 2
2018/7/27, 19, 7, 2
2018/7/28, 18, 6, 2
2018/7/29, 22, 10, 2
2018/7/30, 22, 8, 2
2018/7/31, 20, 7, 3
2018/8/1, 22, 8, 2
2018/8/2, 24, 11, 2
2018/8/3, 23, 9, 2
2018/8/4, 28, 5, 2
2018/8/5, 19, 8, 2
2018/8/6, 14, 11, 2
2018/8/7, 19, 11, 2
2018/8/8, 19, 10, 2
2018/8/9, 27, 12, 2
2018/8/10, 22, 6, 2
2018/8/11, 14, 5, 2
2018/8/12, 15, 10, 2
2018/8/13, 20, 12, 2
2018/8/14, 22, 5, 1
2018/8/15, 12, 9, 2
2018/8/16, 18, 10, 2
2018/8/17, 22, 12, 3
2018/8/18, 31, 8, 3
2018/8/19, 29, 14, 3
2018/8/20, 26, 8, 2
2018/8/21, 19, 9, 2
2018/8/22, 21, 10, 2
2018/8/23, 24, 11, 2
2018/8/24, 28, 6, 2
2018/8/25, 16, 5, 2
2018/8/26, 10, 7, 2
2018/8/27, 16, 10, 2
2018/8/28, 20, 12, 2
2018/8/29, 27, 10, 2
2018/8/30, 23, 8, 2
2018/8/31, 20, 7, 2
2018/9/1, 23, 8, 2
2018/9/2, 30, 11, 2
2018/9/3, 26, 13, 2
2018/9/4, 27, 11, 5
2018/9/5, 29, 12, 4
2018/9/6, 27, 12, 3
2018/9/7, 31, 10, 2
2018/9/8, 30, 9, 3
2018/9/9, 22, 10, 3
2018/9/10, 25, 13, 3
2018/9/11, 24, 10, 2
2018/9/12, 22, 15, 4
2018/9/13, 33, 12, 2
2018/9/14, 24, 7, 1
2018/9/15, 13, 8, 2
2018/9/16, 20, 11, 2
2018/9/17, 22, 11, 2
2018/9/18, 29, 11, 2
2018/9/19, 31, 13, 2
2018/9/20, 46, 9, 3
2018/9/21, 19, 4, 2
2018/9/22, 9, 3, 2
2018/9/23, 9, 4, 2
2018/9/24, 7, 6, 1
2018/9/25, 17, 5, 3
2018/9/26, 15, 10, 6
2018/9/27, 25, 6, 4
2018/9/28, 22, 8, 5
2018/9/29, 22, 9, 7
2018/9/30, 38, 10, 7
2018/4/1, 16, 6, 3
2018/4/2, 17, 15, 8
2018/4/3, 33, 14, 8
2018/4/4, 36, 8, 5
2018/4/5, 19, 8, 3
2018/4/6, 22, 12, 7
2018/4/7, 38, 8, 4
2018/4/8, 27, 17, 6
2018/4/9, 39, 13, 5
2018/4/10, 37, 17, 5
2018/4/11, 32, 18, 5
2018/4/12, 41, 13, 3
2018/4/13, 38, 10, 3
2018/4/14, 19, 10, 4
2018/4/15, 33, 16, 3
2018/4/16, 51, 7, 1
2018/4/17, 26, 8, 2
2018/4/18, 22, 7, 2
2018/4/19, 25, 13, 5
2018/4/20, 19, 6, 4
2018/4/21, 25, 7, 4
2018/4/22, 20, 13, 5
2018/4/23, 31, 7, 4
2018/4/24, 24, 5, 3
2018/4/25, 22, 7, 4
2018/4/26, 18, 9, 4
2018/4/27, 17, 11, 5
2018/4/28, 27, 10, 5
2018/4/29, 31, 10, 5
2018/4/30, 31, 6, 5
2018/5/1, 25, 11, 5
2018/5/2, 30, 7, 5
2018/5/3, 30, 4, 4
2018/5/4, 22, 4, 5
2018/5/5, 14, 4, 4
2018/5/6, 14, 8, 4
2018/5/7, 16, 9, 5
2018/5/8, 24, 8, 4
2018/5/9, 23, 10, 4
2018/5/10, 25, 11, 4
2018/5/11, 30, 11, 5
2018/5/12, 27, 5, 4
2018/5/13, 17, 7, 4
2018/5/14, 17, 12, 4
2018/5/15, 24, 12, 4
2018/5/16, 20, 6, 4
2018/5/17, 15, 6, 4
2018/5/18, 22, 3, 4
2018/5/19, 17, 5, 4
2018/5/20, 16, 7, 4
2018/5/21, 15, 12, 5
2018/5/22, 23, 13, 5
2018/5/23, 26, 7, 5
2018/5/24, 16, 8, 5
2018/5/25, 16, 8, 5
2018/5/26, 20, 7, 5
2018/5/27, 29, 9, 6
2018/5/28, 24, 12, 6
2018/5/29, 24, 11, 5
2018/5/30, 29, 7, 6
2018/5/31, 32, 9, 5
2018/6/1, 24, 6, 5
2018/6/2, 24, 4, 4
2018/6/3, 18, 7, 5
2018/6/4, 21, 8, 5
2018/6/5, 24, 6, 5
2018/6/6, 14, 8, 3
2018/6/7, 32, 13, 2
2018/6/8, 29, 9, 2
2018/6/9, 29, 5, 2
2018/6/10, 24, 8, 2
2018/6/11, 24, 11, 2
2018/6/12, 25, 10, 2
2018/6/13, 24, 6, 1
2018/6/14, 17, 7, 1
2018/6/15, 18, 8, 1
2018/6/16, 20, 7, 
2018/6/17, 22, 9, 2
2018/6/18, 26, 7, 2
2018/6/19, 20, 9, 2
2018/6/20, 23, 7, 2
2018/6/21, 28, 5, 1
2018/6/22, 11, 4, 1
2018/6/23, 10, 2, 1
2018/6/24, 8, 5, 2
2018/6/25, 10, 6, 1
2018/6/26, 11, 7, 2
2018/6/27, 14, 9, 1
2018/6/28, 19, 7, 2
2018/6/29, 19, 2, 3
2018/6/30, 11, 3, 2
2018/1/1, 24, 13, 15
2018/1/2, 59, 7, 5
2018/1/3, 16, 7, 5
2018/1/4, 14, 8, 5
2018/1/5, 21, 14, 11
2018/1/6, 55, 8, 7
2018/1/7, 38, 9, 6
2018/1/8, 19, 13, 7
2018/1/9, 30, 16, 12
2018/1/10, 64, 12, 14
2018/1/11, 81, 8, 6
2018/1/12, 27, 6, 6
2018/1/13, 19, 7, 8
2018/1/14, 25, 13, 14
2018/1/15, 51, 12, 15
2018/1/16, 47, 8, 6
2018/1/17, 18, 6, 5
2018/1/18, 13, 9, 5
2018/1/19, 24, 13, 11
2018/1/20, 42, 13, 12
2018/1/21, 52, 13, 10
2018/1/22, 39, 21, 20
2018/1/23, 70, 13, 14
2018/1/24, 52, 11, 10
2018/1/25, 30, 20, 22
2018/1/26, 80, 14, 11
2018/1/27, 79, 6, 5
2018/1/28, 25, 7, 4
2018/1/29, 12, 4, 3
2018/1/30, 10, 9, 6
2018/1/31, 24, 11, 5
2018/2/1, 28, 13, 9
2018/2/2, 31, 16, 14
2018/2/3, 68, 8, 6
2018/2/4, 30, 12, 9
2018/2/5, 33, 20, 22
2018/2/6, 77, 20, 14
2018/2/7, 64, 16, 13
2018/2/8, 73, 21, 22
2018/2/9, 76, 20, 20
2018/2/10, 86, 16, 20
2018/2/11, 95, 17, 17
2018/2/12, 60, 20, 12
2018/2/13, 60, 13, 6
2018/2/14, 42, 15, 10
2018/2/15, 44, 13, 12
2018/2/16, 48, 9, 12
2018/2/17, 33, , 
2018/2/19, 37, 17, 15
2018/2/20, 56, 15, 9
2018/2/21, 51, 9, 4
2018/2/22, 32, 10, 5
2018/2/23, 41, 7, 7
2018/2/24, 35, 7, 7
2018/2/25, 36, 10, 6
2018/2/26, 41, 6, 4
2018/2/27, 26, 8, 7
2018/2/28, 34, 15, 19
2018/3/1, 65, 16, 13
2018/3/2, 63, 20, 23
2018/3/3, 79, 20, 29
2018/3/4, 94, 28, 26
2018/3/5, 104, 30, 26
2018/3/6, 108, 17, 15
2018/3/7, 80, 13, 8
2018/3/8, 37, 13, 11
2018/3/9, 42, 16, 14
2018/3/10, 55, 13, 13
2018/3/11, 48, 10, 6
2018/3/12, 20, 7, 5
2018/3/13, 19, 11, 5
2018/3/14, 31, 14, 7
2018/3/15, 39, 11, 5
2018/3/16, 27, 6, 7
2018/3/17, 17, 4, 8
2018/3/18, 16, 8, 9
2018/3/19, 24, 10, 10
2018/3/20, 43, 10, 7
2018/3/21, 37, 12, 10
2018/3/22, 40, 19, 18
2018/3/23, 72, 15, 12
2018/3/24, 54, 8, 7
2018/3/25, 35, 12, 12
2018/3/26, 49, 9, 4
2018/3/27, 33, 13, 10
2018/3/28, 43, 13, 6
2018/3/29, 31, 11, 7
2018/3/30, 31, 9, 6
2018/3/31, 25, 4, 2
2017/10/1, 39, 8, 3
2017/10/2, 37, 6, 1
2017/10/3, 27, 5, 2
2017/10/4, 13, 5, 2
2017/10/5, 12, 5, 2
2017/10/6, 12, 5, 2
2017/10/7, 14, 3, 2
2017/10/8, 11, 7, 3
2017/10/9, 15, 7, 5
2017/10/10, 18, 6, 4
2017/10/11, 15, 5, 2
2017/10/12, 14, 8, 3
2017/10/13, 25, 9, 4
2017/10/14, 31, 8, 5
2017/10/15, 25, 8, 3
2017/10/16, 35, 12, 3
2017/10/17, 37, 15, 3
2017/10/18, 54, 9, 3
2017/10/19, 59, 14, 4
2017/10/20, 61, 10, 3
2017/10/21, 41, 8, 3
2017/10/22, 34, 9, 6
2017/10/23, 27, 9, 4
2017/10/24, 27, 9, 5
2017/10/25, 28, 9, 3
2017/10/26, 21, 8, 2
2017/10/27, 15, 3, 2
2017/10/28, 9, 2, 2
2017/10/29, 5, 4, 2
2017/10/30, 11, 7, 3
2017/10/31, 20, 6, 4
2017/11/1, 20, 7, 2
2017/11/2, 20, 9, 3
2017/11/3, 25, 10, 5
2017/11/4, 35, 10, 6
2017/11/5, 23, 13, 7
2017/11/6, 42, 11, 5
2017/11/7, 38, 10, 4
2017/11/8, 32, 12, 9
2017/11/9, 45, 7, 5
2017/11/10, 21, 3, 2
2017/11/11, 9, 6, 4
2017/11/12, 16, 9, 4
2017/11/13, 23, 9, 4
2017/11/14, 34, 13, 11
2017/11/15, 56, 17, 12
2017/11/16, 71, 13, 7
2017/11/17, 49, 8, 6
2017/11/18, 26, 4, 5
2017/11/19, 12, 7, 3
2017/11/20, 15, 9, 4
2017/11/21, 21, 10, 6
2017/11/22, 26, 13, 11
2017/11/23, 53, 10, 6
2017/11/24, 30, 10, 8
2017/11/25, 43, 6, 4
2017/11/26, 21, 12, 7
2017/11/27, 46, 16, 12
2017/11/28, 45, 18, 14
2017/11/29, 67, 16, 8
2017/11/30, 45, 12, 7
2017/12/1, 37, 16, 14
2017/12/2, 77, 12, 10
2017/12/3, 52, 8, 5
2017/12/4, 20, 9, 4
2017/12/5, 18, 8, 4
2017/12/6, 18, 7, 5
2017/12/7, 16, 12, 7
2017/12/8, 29, 9, 6
2017/12/9, 26, 4, 4
2017/12/10, 13, 3, 3
2017/12/11, 9, 4, 3
2017/12/12, 11, 14, 9
2017/12/13, 37, 4, 3
2017/12/14, 11, 16, 12
2017/12/15, 35, 13, 10
2017/12/16, 71, 11, 13
2017/12/17, 43, 15, 10
2017/12/18, 57, 13, 9
2017/12/19, 59, 13, 8
2017/12/20, 50, 11, 5
2017/12/21, 28, 8, 3
2017/12/22, 22, 5, 3
2017/12/23, 15, 4, 3
2017/12/24, 12, 7, 5
2017/12/25, 20, 8, 10
2017/12/26, 43, 9, 8
2017/12/27, 35, 9, 6
2017/12/28, 14, 9, 4
2017/12/29, 27, 10, 12
2017/12/30, 39, , 
2017/7/1, 9, 2, 2
2017/7/2, 8, 4, 2
2017/7/3, 11, 7, 2
2017/7/4, 15, 7, 3
2017/7/5, 18, 7, 2
2017/7/6, 19, 10, 3
2017/7/7, 20, 5, 3
2017/7/8, 19, 5, 3
2017/7/9, 18, 9, 2
2017/7/10, 21, 7, 2
2017/7/11, 20, 5, 2
2017/7/12, 15, 5, 2
2017/7/13, 11, 6, 3
2017/7/14, 16, 7, 4
2017/7/15, 16, 5, 2
2017/7/16, 14, 6, 2
2017/7/17, 16, 9, 3
2017/7/18, 19, 11, 2
2017/7/19, 23, 10, 3
2017/7/20, 28, 8, 1
2017/7/21, 20, 6, 2
2017/7/22, 21, 3, 2
2017/7/23, 16, 8, 2
2017/7/24, 16, 4, 1
2017/7/25, 12, 4, 1
2017/7/26, 8, 5, 2
2017/7/27, 9, 7, 2
2017/7/28, 13, 6, 2
2017/7/29, 16, 6, 2
2017/7/30, 22, 9, 2
2017/7/31, 19, 9, 2
2017/8/1, 27, 13, 3
2017/8/2, 35, 9, 1
2017/8/3, 29, 8, 2
2017/8/4, 23, 6, 2
2017/8/5, 20, 4, 1
2017/8/6, 9, 6, 2
2017/8/7, 14, 5, 1
2017/8/8, 14, 9, 2
2017/8/9, 24, 9, 2
2017/8/10, 30, 6, 2
2017/8/11, 23, 5, 1
2017/8/12, 10, 3, 1
2017/8/13, 11, 8, 2
2017/8/14, 17, 5, 2
2017/8/15, 15, 8, 2
2017/8/16, 17, 9, 2
2017/8/17, 27, 9, 1
2017/8/18, 26, 8, 1
2017/8/19, 20, 5, 1
2017/8/20, 13, 5, 1
2017/8/21, 11, 5, 1
2017/8/22, 13, 7, 2
2017/8/23, 13, 7, 2
2017/8/24, 18, 10, 3
2017/8/25, 25, 11, 2
2017/8/26, 35, 4, 2
2017/8/27, 22, 6, 1
2017/8/28, 15, 8, 2
2017/8/29, 22, 14, 2
2017/8/30, 25, 15, 2
2017/8/31, 30, 5, 2
2017/9/1, 17, 3, 1
2017/9/2, 6, 4, 2
2017/9/3, 13, 4, 2
2017/9/4, 9, 7, 2
2017/9/5, 17, , 
2017/9/10, 28, 8, 2
2017/9/11, 21, 6, 1
2017/9/12, 13, 3, 2
2017/9/13, 7, 2, 1
2017/9/14, 7, 6, 2
2017/9/15, 12, 10, 2
2017/9/16, 25, 5, 2
2017/9/17, 15, 7, 2
2017/9/18, 16, 12, 3
2017/9/19, 32, 7, 2
2017/9/20, 18, 6, 2
2017/9/21, 21, 7, 2
2017/9/22, 18, 7, 2
2017/9/23, 21, 6, 3
2017/9/24, 25, 7, 3
2017/9/25, 22, 9, 4
2017/9/26, 29, 10, 3
2017/9/27, 28, 10, 4
2017/9/28, 28, 13, 4
2017/9/29, 48, 12, 4
2017/9/30, 48, 10, 3
2017/4/1, 34, 13, 6
2017/4/2, 34, 11, 5
2017/4/3, 26, 9, 3
2017/4/4, 25, 11, 5
2017/4/5, 47, 6, 2
2017/4/6, 14, 7, 2
2017/4/7, 14, 5, 2
2017/4/8, 15, 9, 6
2017/4/9, 40, 7, 5
2017/4/10, 31, 4, 1
2017/4/11, 13, 5, 3
2017/4/12, 16, 6, 2
2017/4/13, 16, 7, 3
2017/4/14, 17, 6, 5
2017/4/15, 28, 2, 1
2017/4/16, 12, 4, 3
2017/4/17, 21, 7, 3
2017/4/18, 16, 5, 2
2017/4/19, 12, 6, 3
2017/4/20, 17, 8, 5
2017/4/21, 31, 4, 2
2017/4/22, 16, 3, 2
2017/4/23, 11, 6, 3
2017/4/24, 14, 13, 8
2017/4/25, 34, 10, 2
2017/4/26, 16, 14, 4
2017/4/27, 19, 11, 3
2017/4/28, 16, 8, 4
2017/4/29, 22, 7, 6
2017/4/30, 31, 4, 3
2017/5/1, 19, 8, 4
2017/5/2, 26, 5, 3
2017/5/3, 32, 9, 3
2017/5/4, 28, 14, 4
2017/5/5, 30, 7, 4
2017/5/6, 28, 5, 2
2017/5/7, 25, 3, 1
2017/5/8, 10, 4, 2
2017/5/9, 12, 7, 4
2017/5/10, 24, 14, 7
2017/5/11, 33, 14, 4
2017/5/12, 31, 7, 3
2017/5/13, 31, 7, 3
2017/5/14, 29, 12, 4
2017/5/15, 29, 7, 2
2017/5/16, 24, 9, 2
2017/5/17, 28, 11, 3
2017/5/18, 28, 11, 3
2017/5/19, 29, 6, 1
2017/5/20, 29, 2, 1
2017/5/21, 11, 6, 3
2017/5/22, 18, 11, 2
2017/5/23, 34, 5, 1
2017/5/24, 18, 4, 1
2017/5/25, 13, 6, 1
2017/5/26, 17, 7, 3
2017/5/27, 18, 7, 1
2017/5/28, 25, 6, 2
2017/5/29, 17, 5, 3
2017/5/30, 22, 5, 1
2017/5/31, 16, 5, 1
2017/6/1, 12, 9, 3
2017/6/2, 17, 9, 3
2017/6/3, 27, 5, 2
2017/6/4, 22, 5, 1
2017/6/5, 15, 6, 2
2017/6/6, 22, 3, 1
2017/6/7, 8, 7, 2
2017/6/8, 12, 9, 2
2017/6/9, 22, 7, 2
2017/6/10, 19, 4, 1
2017/6/11, 15, 7, 2
2017/6/12, 20, 4, 2
2017/6/13, 13, 6, 1
2017/6/14, 15, 5, 2
2017/6/15, 21, 8, 2
2017/6/16, 21, 2, 1
2017/6/17, 10, 3, 1
2017/6/18, 11, 6, 2
2017/6/19, 18, 7, 2
2017/6/20, 23, 6, 2
2017/6/21, 16, 7, 3
2017/6/22, 23, 5, 2
2017/6/23, 18, 5, 2
2017/6/24, 21, 4, 2
2017/6/25, 19, 4, 3
2017/6/26, 14, 6, 3
2017/6/27, 17, 8, 3
2017/6/28, 26, 3, 2
2017/6/29, 13, 3, 3
2017/6/30, 10, 4, 2
2017/1/2, 49, 9, 6
2017/1/3, 26, 5, 3
2017/1/4, 9, 5, 5
2017/1/5, 18, 8, 12
2017/1/6, 38, 17, 28
2017/1/7, 114, 23, 48
2017/1/8, 170, 28, 47
2017/1/9, 236, 33, 50
2017/1/10, 257, 27, 45
2017/1/11, 193, 9, 9
2017/1/12, 25, 6, 8
2017/1/13, 18, 7, 5
2017/1/14, 22, 7, 8
2017/1/15, 22, 15, 17
2017/1/16, 42, 17, 18
2017/1/17, 64, 11, 10
2017/1/18, 41, 15, 18
2017/1/19, 66, 23, 23
2017/1/20, 88, 23, 27
2017/1/21, 105, 21, 36
2017/1/22, 133, 24, 34
2017/1/23, 106, 14, 12
2017/1/24, 70, 16, 16
2017/1/25, 95, 19, 25
2017/1/26, 93, 29, 38
2017/1/27, 140, 23, 35
2017/1/28, 148, 20, 34
2017/1/29, 120, 27, 38
2017/1/30, 123, 30, 39
2017/1/31, 119, 36, 42
2017/2/1, 158, 25, 25
2017/2/2, 99, 23, 17
2017/2/3, 94, 14, 11
2017/2/4, 52, 14, 13
2017/2/5, 50, 13, 11
2017/2/6, 62, 10, 6
2017/2/7, 44, 10, 11
2017/2/8, 36, 12, 13
2017/2/9, 47, 16, 16
2017/2/10, 58, 12, 16
2017/2/11, 57, 10, 14
2017/2/12, 59, 15, 15
2017/2/13, 58, 26, 22
2017/2/14, 121, 29, 26
2017/2/15, 159, 20, 24
2017/2/16, 97, 18, 13
2017/2/17, 64, 13, 7
2017/2/18, 48, 9, 8
2017/2/19, 41, 7, 5
2017/2/20, 22, 7, 5
2017/2/21, 15, 6, 4
2017/2/22, 13, 6, 3
2017/2/23, 12, 3, 2
2017/2/24, 12, 7, 5
2017/2/25, 26, 4, 5
2017/2/26, 18, 8, 6
2017/2/27, 25, 10, 6
2017/2/28, 36, 5, 3
2017/3/1, 17, 4, 3
2017/3/2, 13, 11, 7
2017/3/3, 39, 11, 9
2017/3/4, 38, 4, 2
2017/3/5, 19, 8, 4
2017/3/6, 23, 9, 8
2017/3/7, 41, 10, 7
2017/3/8, 36, 13, 8
2017/3/9, 51, 12, 10
2017/3/10, 49, 4, 3
2017/3/11, 22, 6, 5
2017/3/12, 30, 14, 9
2017/3/13, 45, 12, 6
2017/3/14, 60, 13, 6
2017/3/15, 47, 10, 5
2017/3/16, 31, 9, 9
2017/3/17, 46, 4, 2
2017/3/18, 16, 2, 2
2017/3/19, 13, 10, 5
2017/3/20, 29, 10, 5
2017/3/21, 29, 11, 5
2017/3/22, 35, 8, 4
2017/3/23, 25, 11, 6
2017/3/24, 46, 7, 5
2017/3/25, 54, 6, 5
2017/3/26, 25, 11, 6
2017/3/27, 40, 15, 9
2017/3/28, 37, 9, 5
2017/3/29, 35, 8, 3
2017/3/30, 33, 12, 7
2017/3/31, 40, 12, 7
2016/10/1, 32, 7, 2
2016/10/2, 28, 6, 1
2016/10/3, 13, 4, 1
2016/10/4, 8, 4, 1
2016/10/5, 9, 8, 2
2016/10/6, 15, 10, 3
2016/10/7, 35, 9, 3
2016/10/8, 31, 6, 2
2016/10/9, 27, 8, 2
2016/10/10, 18, 10, 3
2016/10/11, 24, 9, 2
2016/10/12, 9, 9, 4
2016/10/13, 15, 11, 4
2016/10/14, 22, 9, 5
2016/10/15, 26, 5, 3
2016/10/16, 20, 11, 5
2016/10/17, 21, 10, 4
2016/10/18, 25, 10, 4
2016/10/19, 31, 13, 4
2016/10/20, 37, 14, 5
2016/10/21, 36, 9, 4
2016/10/22, 30, 12, 7
2016/10/23, 38, 16, 7
2016/10/24, 38, 11, 4
2016/10/25, 38, 12, 4
2016/10/26, 27, 13, 8
2016/10/27, 42, 9, 6
2016/10/28, 49, 5, 3
2016/10/29, 12, 4, 2
2016/10/30, 13, 8, 3
2016/10/31, 20, 6, 5
2016/11/1, 23, 8, 3
2016/11/2, 15, 8, 4
2016/11/3, 15, 14, 10
2016/11/4, 49, 13, 11
2016/11/5, 41, 8, 4
2016/11/6, 27, 10, 4
2016/11/7, 23, 14, 9
2016/11/8, 38, 15, 7
2016/11/9, 79, 15, 12
2016/11/10, 62, 10, 6
2016/11/11, 29, 8, 4
2016/11/12, 31, 9, 7
2016/11/13, 36, 14, 8
2016/11/14, 46, 11, 6
2016/11/15, 69, 7, 3
2016/11/16, 19, 8, 4
2016/11/17, 21, 6, 4
2016/11/18, 21, 13, 7
2016/11/19, 39, 9, 5
2016/11/20, 19, 18, 8
2016/11/21, 41, 20, 8
2016/11/22, 45, 22, 13
2016/11/23, 85, 18, 13
2016/11/24, 98, 12, 6
2016/11/25, 49, 13, 8
2016/11/26, 69, 6, 3
2016/11/27, 21, 6, 4
2016/11/28, 16, 8, 5
2016/11/29, 21, 12, 7
2016/11/30, 25, 14, 5
2016/12/1, 19, 6, 3
2016/12/2, 12, 7, 4
2016/12/3, 22, 16, 11
2016/12/4, 59, 14, 15
2016/12/5, 81, 14, 8
2016/12/6, 46, 12, 7
2016/12/7, 36, 9, 5
2016/12/8, 27, 14, 6
2016/12/9, 29, 8, 5
2016/12/10, 20, 7, 4
2016/12/11, 15, 10, 4
2016/12/12, 20, 14, 12
2016/12/13, 52, 11, 7
2016/12/14, 36, 15, 7
2016/12/15, 36, 16, 12
2016/12/16, 50, 14, 15
2016/12/17, 60, 12, 13
2016/12/18, 57, 13, 11
2016/12/19, 56, 18, 14
2016/12/20, 70, 16, 10
2016/12/21, 54, 10, 7
2016/12/22, 32, 13, 13
2016/12/23, 48, 9, 6
2016/12/24, 21, 6, 4
2016/12/25, 16, 6, 4
2016/12/26, 12, 4, 3
2016/12/27, 12, 5, 4
2016/12/28, 20, 13, 11
2016/12/29, 44, 16, 15
2016/12/30, 83, 13, 16
2016/12/31, 70, 11, 11
2017/1/1, 32, 13, 9
2016/7/1, 19, 5, 
2016/7/2, 20, 3, 
2016/7/3, 9, 6, 1
2016/7/4, 11, 6, 1
2016/7/5, 13, 4, 1
2016/7/6, 12, 5, 
2016/7/7, 9, 8, 2
2016/7/8, 17, 4, 1
2016/7/9, 13, 5, 2
2016/7/10, 13, 8, 2
2016/7/11, 17, 6, 2
2016/7/12, 14, 6, 2
2016/7/13, 14, 4, 2
2016/7/14, 10, 4, 1
2016/7/15, 9, 4, 1
2016/7/16, 11, 4, 1
2016/7/17, 12, 5, 1
2016/7/18, 13, 5, 1
2016/7/19, 13, 6, 1
2016/7/20, 16, 9, 4
2016/7/21, 21, 10, 2
2016/7/22, 27, 9, 3
2016/7/23, 22, 6, 2
2016/7/24, 21, 8, 2
2016/7/25, 23, 8, 1
2016/7/26, 22, 7, 1
2016/7/27, 22, 8, 2
2016/7/28, 26, 7, 1
2016/7/29, 21, 5, 
2016/7/30, 16, 8, 
2016/7/31, 28, 6, 1
2016/8/1, 15, 5, 1
2016/8/2, 17, 6, 1
2016/8/3, 13, 7, 1
2016/8/4, 12, 8, 1
2016/8/5, 23, 4, 
2016/8/6, 14, 5, 
2016/8/7, 13, 8, 1
2016/8/8, 18, 6, 1
2016/8/9, 17, 8, 1
2016/8/10, 14, 6, 1
2016/8/11, 12, 6, 1
2016/8/12, 14, 5, 1
2016/8/13, 13, 4, 1
2016/8/14, 14, 5, 1
2016/8/15, 13, 8, 1
2016/8/16, 14, 9, 1
2016/8/17, 18, 8, 1
2016/8/18, 22, 14, 1
2016/8/19, 31, 8, 1
2016/8/20, 24, 5, 1
2016/8/21, 23, 6, 
2016/8/22, 14, 5, 
2016/8/23, 17, 9, 2
2016/8/24, 21, 11, 1
2016/8/25, 18, 12, 1
2016/8/26, 27, 8, 
2016/8/27, 28, 5, 1
2016/8/28, 27, 8, 1
2016/8/29, 23, 8, 
2016/8/30, 19, 11, 2
2016/8/31, 23, 11, 1
2016/9/1, 27, 11, 1
2016/9/2, 28, 9, 1
2016/9/3, 32, 5, 1
2016/9/4, 20, 5, 
2016/9/5, 10, 7, 
2016/9/6, 18, 11, 1
2016/9/7, 28, 10, 1
2016/9/8, 29, 11, 1
2016/9/9, 31, 12, 2
2016/9/10, 44, 11, 2
2016/9/11, 38, 17, 2
2016/9/12, 39, 18, 2
2016/9/13, 43, 15, 2
2016/9/14, 31, 14, 2
2016/9/15, 30, 15, 1
2016/9/16, 44, 12, 1
2016/9/17, 31, 5, 1
2016/9/18, 27, 8, 1
2016/9/19, 24, 8, 1
2016/9/20, 17, 10, 1
2016/9/21, 22, 7, 1
2016/9/22, 24, 10, 2
2016/9/23, 26, 11, 3
2016/9/24, 39, 9, 1
2016/9/25, 36, 12, 2
2016/9/26, 29, 14, 4
2016/9/27, 40, 8, 3
2016/9/28, 32, 8, 3
2016/9/29, 16, 11, 2
2016/9/30, 25, 9, 2
2016/4/1, 25, 11, 7
2016/4/2, 38, 16, 11
2016/4/3, 36, 17, 11
2016/4/4, 39, 15, 10
2016/4/5, 46, 13, 9
2016/4/6, 43, 13, 9
2016/4/7, 45, 15, 8
2016/4/8, 34, 9, 7
2016/4/9, 23, 6, 6
2016/4/10, 33, 11, 7
2016/4/11, 48, 12, 10
2016/4/12, 59, 12, 11
2016/4/13, 39, 13, 4
2016/4/14, 42, 7, 2
2016/4/15, 24, 10, 4
2016/4/16, 20, 7, 3
2016/4/17, 31, 8, 1
2016/4/18, 17, 7, 1
2016/4/19, 33, 5, 1
2016/4/20, 19, 9, 4
2016/4/21, 27, 9, 4
2016/4/22, 24, 12, 9
2016/4/23, 35, 4, 4
2016/4/24, 19, 7, 6
2016/4/25, 21, 10, 7
2016/4/26, 31, 8, 4
2016/4/27, 17, 6, 3
2016/4/28, 15, 11, 5
2016/4/29, 28, 9, 4
2016/4/30, 29, 5, 4
2016/5/1, 26, 9, 5
2016/5/2, 27, 5, 4
2016/5/3, 26, 7, 3
2016/5/4, 23, 8, 3
2016/5/5, 26, 13, 4
2016/5/6, 30, 9, 4
2016/5/7, 30, 5, 4
2016/5/8, 17, 8, 3
2016/5/9, 19, 10, 3
2016/5/10, 27, 11, 5
2016/5/11, 28, 11, 6
2016/5/12, 27, 8, 5
2016/5/13, 21, 3, 
2016/5/14, 20, 3, 
2016/5/15, 13, 6, 1
2016/5/16, 16, 6, 1
2016/5/17, 18, 9, 3
2016/5/18, 26, 12, 3
2016/5/19, 35, 11, 2
2016/5/20, 34, 11, 2
2016/5/21, 28, 9, 2
2016/5/22, 31, 11, 3
2016/5/23, 26, 11, 4
2016/5/24, 29, 6, 2
2016/5/25, 26, 5, 1
2016/5/26, 30, 7, 1
2016/5/27, 26, 5, 2
2016/5/28, 20, 7, 3
2016/5/29, 20, 10, 3
2016/5/30, 20, 10, 4
2016/5/31, 23, 9, 2
2016/6/1, 18, 11, 2
2016/6/2, 18, 8, 3
2016/6/3, 20, 9, 2
2016/6/4, 22, 7, 1
2016/6/5, 30, 6, 
2016/6/6, 14, 10, 1
2016/6/7, 15, 10, 3
2016/6/8, 21, 8, 2
2016/6/9, 21, 7, 3
2016/6/10, 19, 6, 3
2016/6/11, 18, 7, 3
2016/6/12, 22, 9, 4
2016/6/13, 19, 11, 4
2016/6/14, 26, 7, 2
2016/6/15, 23, 7, 
2016/6/16, 13, 6, 
2016/6/17, 18, 6, 1
2016/6/18, 10, 6, 
2016/6/19, 19, 6, 
2016/6/20, 16, 7, 
2016/6/21, 18, 7, 1
2016/6/22, 19, 13, 2
2016/6/23, 29, 8, 1
2016/6/24, 27, 7, 2
2016/6/25, 23, 5, 2
2016/6/26, 22, 6, 2
2016/6/27, 16, 6, 1
2016/6/28, 18, 7, 2
2016/6/29, 21, 7, 1
2016/6/30, 18, 6, 2
2016/1/4, 75, 18, 34
2016/1/5, 95, 19, 43
2016/1/6, 131, 20, 37
2016/1/7, 119, 11, 14
2016/1/8, 34, 22, 26
2016/1/9, 62, 16, 27
2016/1/10, 100, 20, 22
2016/1/11, 72, 10, 11
2016/1/12, 21, 7, 8
2016/1/13, 13, 12, 12
2016/1/14, 32, 13, 14
2016/1/15, 38, 11, 12
2016/1/16, 43, 11, 19
2016/1/17, 47, 15, 16
2016/1/18, 55, 19, 28
2016/1/19, 80, 14, 23
2016/1/20, 66, 13, 9
2016/1/21, 36, 19, 25
2016/1/22, 90, 19, 32
2016/1/23, 114, 15, 13
2016/1/24, 60, 11, 8
2016/1/25, 20, 13, 9
2016/1/26, 24, 9, 8
2016/1/27, 17, 9, 6
2016/1/28, 19, 9, 9
2016/1/29, 34, 4, 6
2016/1/30, 13, 4, 7
2016/1/31, 11, 9, 8
2016/2/1, 17, 3, 9
2016/2/2, 9, 10, 9
2016/2/3, 19, 6, 7
2016/2/4, 15, 10, 8
2016/2/5, 26, 9, 9
2016/2/6, 24, 8, 13
2016/2/7, 32, 5, 8
2016/2/8, 16, 4, 5
2016/2/9, 9, 7, 4
2016/2/10, 13, 8, 4
2016/2/11, 14, 11, 9
2016/2/12, 26, 15, 13
2016/2/13, 46, 14, 12
2016/2/14, 46, 14, 6
2016/2/15, 36, 9, 2
2016/2/16, 20, 11, 6
2016/2/17, 25, 18, 12
2016/2/18, 58, 10, 3
2016/2/19, 24, 7, 3
2016/2/20, 24, 6, 3
2016/2/21, 12, 4, 3
2016/2/22, 9, 15, 6
2016/2/23, 37, 8, 3
2016/2/24, 25, 16, 13
2016/2/25, 58, 17, 9
2016/2/26, 50, 14, 13
2016/2/27, 51, 12, 12
2016/2/28, 44, 12, 7
2016/2/29, 35, 10, 4
2016/3/1, 18, 9, 5
2016/3/2, 23, 16, 13
2016/3/3, 42, 13, 8
2016/3/4, 37, , 
2016/3/7, 60, 16, 9
2016/3/8, 45, 14, 8
2016/3/9, 33, 13, 6
2016/3/10, 31, 11, 5
2016/3/11, 29, 9, 4
2016/3/12, 23, 7, 4
2016/3/13, 25, 11, 6
2016/3/14, 33, 10, 3
2016/3/15, 21, 14, 7
2016/3/16, 36, 15, 6
2016/3/17, 67, 11, 7
2016/3/18, 42, 7, 8
2016/3/19, 24, 9, 8
2016/3/20, 32, 9, 6
2016/3/21, 22, 9, 5
2016/3/22, 19, 16, 11
2016/3/23, 46, 14, 10
2016/3/24, 36, 11, 8
2016/3/25, 44, 10, 5
2016/3/26, 35, 9, 13
2016/3/27, 50, 10, 10
2016/3/28, 34, 8, 8
2016/3/29, 18, 10, 6
2016/3/30, 23, 13, 10
2016/3/31, 30, 10, 5
2015/10/1, 30, 15, 6
2015/10/2, 49, 13, 8
2015/10/3, 53, 6, 6
2015/10/4, 23, 15, 7
2015/10/5, 36, 15, 9
2015/10/6, 56, 9, 7
2015/10/7, 39, 12, 11
2015/10/8, 30, 12, 11
2015/10/9, 37, 7, 9
2015/10/10, 28, 5, 9
2015/10/11, 26, 11, 6
2015/10/12, 26, 16, 13
2015/10/13, 55, 14, 12
2015/10/14, 45, 11, 8
2015/10/15, 35, 14, 10
2015/10/16, 47, 11, 2
2015/10/17, 36, 9, 2
2015/10/18, 24, 13, 6
2015/10/19, 50, 13, 4
2015/10/20, 48, 9, 1
2015/10/21, 27, 11, 4
2015/10/22, 32, 10, 3
2015/10/23, 26, 10, 7
2015/10/24, 44, 8, 5
2015/10/25, 55, 16, 7
2015/10/26, 51, 17, 7
2015/10/27, 51, 18, 10
2015/10/28, 53, 19, 12
2015/10/29, 72, 17, 9
2015/10/30, 85, 17, 5
2015/10/31, 77, 11, 5
2015/11/1, 46, 18, 12
2015/11/2, 57, 25, 23
2015/11/3, 142, 21, 20
2015/11/4, 134, 22, 17
2015/11/5, 127, 23, 18
2015/11/6, 113, 13, 11
2015/11/7, 89, 7, 3
2015/11/8, 29, 11, 7
2015/11/9, 45, 8, 4
2015/11/10, 18, 7, 3
2015/11/11, 21, 10, 5
2015/11/12, 23, 12, 7
2015/11/13, 41, 5, 3
2015/11/14, 15, 3, 5
2015/11/15, 10, 11, 8
2015/11/16, 31, 9, 8
2015/11/17, 31, 5, 9
2015/11/18, 12, 6, 6
2015/11/19, 13, 8, 6
2015/11/20, 14, 8, 3
2015/11/21, 22, 9, 4
2015/11/22, 52, 8, 5
2015/11/23, 28, 12, 8
2015/11/24, 37, 14, 13
2015/11/25, 59, 18, 21
2015/11/26, 81, 14, 13
2015/11/27, 59, 10, 9
2015/11/28, 44, 5, 4
2015/11/29, 18, 5, 4
2015/11/30, 12, 5, 3
2015/12/1, 12, 11, 3
2015/12/2, 26, 14, 6
2015/12/3, 51, 11, 9
2015/12/4, 61, 7, 2
2015/12/5, 23, 5, 2
2015/12/6, 19, 10, 4
2015/12/7, 22, 15, 12
2015/12/8, 70, 11, 6
2015/12/9, 39, 12, 5
2015/12/10, 38, 11, 12
2015/12/11, 67, 10, 4
2015/12/12, 25, 6, 4
2015/12/13, 19, 16, 14
2015/12/14, 46, 13, 14
2015/12/15, 64, 12, 12
2015/12/16, 68, 10, 11
2015/12/17, 34, 9, 4
2015/12/18, 16, 10, 5
2015/12/19, 22, 8, 5
2015/12/20, 19, 6, 4
2015/12/21, 15, 6, 4
2015/12/22, 11, 8, 5
2015/12/23, 18, 13, 12
2015/12/24, 61, 6, 4
2015/12/25, 19, 5, 4
2015/12/26, 11, 8, 8
2015/12/27, 16, 11, 6
2015/12/28, 37, 11, 6
2015/12/29, 29, 10, 8
2015/12/30, 30, , 
2016/1/3, 46, 16, 28
2015/7/1, 25, 10, 3
2015/7/2, 21, 10, 2
2015/7/3, 22, 10, 3
2015/7/4, 27, 9, 5
2015/7/5, 35, 9, 6
2015/7/6, 36, 6, 5
2015/7/7, 27, 8, 5
2015/7/8, 27, 5, 4
2015/7/9, 19, 4, 3
2015/7/10, 13, 7, 5
2015/7/11, 16, 7, 7
2015/7/12, 23, 5, 5
2015/7/13, 15, 6, 5
2015/7/14, 16, 7, 5
2015/7/15, 16, 5, 5
2015/7/16, 21, 10, 7
2015/7/17, 23, 9, 6
2015/7/18, 32, 5, 6
2015/7/19, 28, 6, 5
2015/7/20, 18, 9, 6
2015/7/21, 20, 7, 8
2015/7/22, 20, 8, 7
2015/7/23, 25, 7, 7
2015/7/24, 24, 6, 8
2015/7/25, 24, 3, 6
2015/7/26, 11, 7, 7
2015/7/27, 13, 7, 7
2015/7/28, 12, 6, 6
2015/7/29, 15, 6, 6
2015/7/30, 10, 7, 6
2015/7/31, 17, 8, 7
2015/8/1, 20, 8, 7
2015/8/2, 24, 9, 7
2015/8/3, 26, 12, 8
2015/8/4, 31, 9, 8
2015/8/5, 32, 15, 11
2015/8/6, 35, 12, 7
2015/8/7, 39, 10, 7
2015/8/8, 32, 10, 9
2015/8/9, 37, 11, 9
2015/8/10, 41, 10, 9
2015/8/11, 39, 14, 9
2015/8/12, 47, 8, 8
2015/8/13, 32, 8, 8
2015/8/14, 34, 8, 10
2015/8/15, 34, 8, 9
2015/8/16, 29, 12, 10
2015/8/17, 30, 8, 13
2015/8/18, 29, 7, 2
2015/8/19, 25, 7, 1
2015/8/20, 22, 10, 1
2015/8/21, 24, 9, 2
2015/8/22, 29, 8, 2
2015/8/23, 27, 10, 2
2015/8/24, 21, 10, 2
2015/8/25, 20, 9, 2
2015/8/26, 16, 12, 3
2015/8/27, 24, 11, 8
2015/8/28, 29, 9, 3
2015/8/29, 27, 7, 3
2015/8/30, 34, 14, 6
2015/8/31, 39, 14, 6
2015/9/1, 34, 7, 2
2015/9/2, 18, 9, 3
2015/9/3, 18, 12, 3
2015/9/4, 20, 9, 2
2015/9/5, 22, 4, 1
2015/9/6, 10, 6, 1
2015/9/7, 9, 7, 1
2015/9/8, 11, 11, 5
2015/9/9, 19, 10, 3
2015/9/10, 24, 11, 3
2015/9/11, 24, 9, 3
2015/9/12, 26, 10, 4
2015/9/13, 26, 11, 5
2015/9/14, 23, 13, 5
2015/9/15, 27, 12, 6
2015/9/16, 31, 11, 4
2015/9/17, 33, 12, 3
2015/9/18, 20, 9, 3
2015/9/19, 26, 6, 1
2015/9/20, 26, 10, 2
2015/9/21, 15, 13, 3
2015/9/22, 30, 17, 5
2015/9/23, 34, 12, 4
2015/9/24, 28, 14, 3
2015/9/25, 23, 9, 2
2015/9/26, 28, 8, 2
2015/9/27, 20, 10, 2
2015/9/28, 22, 11, 2
2015/9/29, 19, 12, 2
2015/9/30, 17, 13, 3
2015/4/1, 9, 5, 3
2015/4/2, 12, 5, 1
2015/4/3, 13, 5, 2
2015/4/4, 20, 4, 3
2015/4/5, 29, 5, 3
2015/4/6, 27, 7, 6
2015/4/7, 26, 7, 1
2015/4/8, 23, 11, 5
2015/4/9, 23, 16, 9
2015/4/10, 45, 13, 7
2015/4/11, 46, 9, 4
2015/4/12, 29, 7, 3
2015/4/13, 29, 7, 3
2015/4/14, 19, 8, 9
2015/4/15, 26, 10, 6
2015/4/16, 26, 8, 5
2015/4/17, 28, 4, 3
2015/4/18, 17, 6, 3
2015/4/19, 21, 5, 4
2015/4/20, 27, 6, 4
2015/4/21, 30, 11, 6
2015/4/22, 30, 12, 7
2015/4/23, 40, 13, 8
2015/4/24, 39, 12, 6
2015/4/25, 31, 9, 7
2015/4/26, 31, 11, 6
2015/4/27, 30, 14, 7
2015/4/28, 30, 8, 3
2015/4/29, 17, 12, 6
2015/4/30, 29, 9, 6
2015/5/1, 32, 10, 8
2015/5/2, 31, 8, 7
2015/5/3, 36, 11, 8
2015/5/4, 27, 10, 6
2015/5/5, 27, 9, 6
2015/5/6, 24, 7, 5
2015/5/7, 17, 9, 6
2015/5/8, 18, 12, 6
2015/5/9, 26, 4, 4
2015/5/10, 21, 8, 4
2015/5/11, 15, 10, 5
2015/5/12, 27, 8, 6
2015/5/13, 16, 16, 8
2015/5/14, 32, 9, 8
2015/5/15, 22, 7, 7
2015/5/16, 24, 4, 5
2015/5/17, 16, 8, 7
2015/5/18, 22, 13, 10
2015/5/19, 32, 9, 2
2015/5/20, 27, 9, 3
2015/5/21, 18, 9, 1
2015/5/22, 17, 7, 1
2015/5/23, 18, 5, 2
2015/5/24, 20, 12, 2
2015/5/25, 26, 10, 2
2015/5/26, 32, 5, 1
2015/5/27, 12, 8, 1
2015/5/28, 17, 9, 2
2015/5/29, 27, 7, 2
2015/5/30, 25, 5, 1
2015/5/31, 14, 11, 2
2015/6/1, 22, 9, 2
2015/6/2, 28, 7, 2
2015/6/3, 26, 4, 2
2015/6/4, 19, 8, 2
2015/6/5, 19, 8, 3
2015/6/6, 26, 5, 3
2015/6/7, 33, 9, 5
2015/6/8, 24, 7, 4
2015/6/9, 19, 8, 5
2015/6/10, 21, 8, 3
2015/6/11, 25, 10, 4
2015/6/12, 34, 9, 6
2015/6/13, 31, 4, 5
2015/6/14, 20, 8, 4
2015/6/15, 26, 5, 4
2015/6/16, 14, 8, 4
2015/6/17, 17, 7, 4
2015/6/18, 20, 8, 5
2015/6/19, 17, 6, 4
2015/6/20, 15, 5, 4
2015/6/21, 13, 6, 4
2015/6/22, 11, 7, 5
2015/6/23, 9, 6, 5
2015/6/24, 12, 8, 4
2015/6/25, 17, 8, 4
2015/6/26, 24, 8, 7
2015/6/27, 25, 3, 5
2015/6/28, 22, 6, 4
2015/6/29, 20, 7, 6
2015/6/30, 23, 8, 3
2015/1/1, 39, 6, 10
2015/1/2, 19, 5, 10
2015/1/3, 13, 4, 11
2015/1/4, 11, 8, 11
2015/1/5, 18, 11, 21
2015/1/6, 33, 16, 24
2015/1/7, 53, , 11
2015/1/8, 24, 5, 7
2015/1/9, 13, 5, 7
2015/1/10, 10, 3, 6
2015/1/11, 11, 5, 6
2015/1/12, 10, 12, 9
2015/1/13, 44, 13, 11
2015/1/14, 20, 12, 8
2015/1/15, 19, 12, 8
2015/1/16, 22, 10, 10
2015/1/17, 31, 12, 11
2015/1/18, 35, 11, 12
2015/1/19, 29, 12, 14
2015/1/20, 34, 15, 19
2015/1/21, 57, 13, 15
2015/1/22, 38, 9, 16
2015/1/23, 34, 9, 12
2015/1/24, 33, 7, 9
2015/1/25, 31, 15, 12
2015/1/26, 33, 16, 20
2015/1/27, 47, 15, 13
2015/1/28, 31, 10, 13
2015/1/29, 20, 20, 22
2015/1/30, 34, 8, 16
2015/1/31, 20, 16, 21
2015/2/1, 38, 21, 25
2015/2/2, 67, 14, 14
2015/2/3, 32, 22, 28
2015/2/4, 56, 17, 23
2015/2/5, 47, 8, 6
2015/2/6, 27, 11, 15
2015/2/7, 34, 4, 8
2015/2/8, 17, 11, 10
2015/2/9, 18, 13, 7
2015/2/10, 26, 17, 8
2015/2/11, 36, 17, 18
2015/2/12, 53, 22, 29
2015/2/13, 75, 29, 32
2015/2/14, 90, 20, 33
2015/2/15, 88, 8, 8
2015/2/16, 30, 17, 14
2015/2/17, 41, 15, 11
2015/2/18, 46, 15, 13
2015/2/19, 49, 15, 12
2015/2/20, 41, 22, 25
2015/2/21, 68, 16, 26
2015/2/22, 66, 13, 18
2015/2/23, 50, 13, 12
2015/2/24, 27, 16, 12
2015/2/25, 41, 18, 13
2015/2/26, 37, 18, 21
2015/2/27, 45, 14, 14
2015/2/28, 59, 8, 14
2015/3/1, 46, 10, 12
2015/3/2, 15, 10, 10
2015/3/3, 17, 10, 8
2015/3/4, 21, 13, 10
2015/3/5, 33, 16, 13
2015/3/6, 39, 17, 16
2015/3/7, 53, 14, 19
2015/3/8, 61, 16, 14
2015/3/9, 41, 20, 20
2015/3/10, 58, 13, 10
2015/3/11, 50, 7, 9
2015/3/12, 27, 11, 9
2015/3/13, 23, 10, 10
2015/3/14, 28, 8, 11
2015/3/15, 34, 11, 10
2015/3/16, 39, 12, 10
2015/3/17, 47, 11, 11
2015/3/18, 37, 15, 12
2015/3/19, 47, 19, 20
2015/3/20, 64, 11, 13
2015/3/21, 48, 9, 13
2015/3/22, 43, 17, 17
2015/3/23, 47, 18, 25
2015/3/24, 72, 21, 23
2015/3/25, 62, 16, 15
2015/3/26, 48, 12, 13
2015/3/27, 44, 7, 10
2015/3/28, 26, 5, 11
2015/3/29, 35, 4, 13
2015/3/30, 10, 6, 12
2015/3/31, 10, 3, 7
2014/10/1, 36, 10, 3
2014/10/2, 29, 11, 2
2014/10/3, 29, 9, 4
2014/10/4, 36, 11, 5
2014/10/5, 37, 15, 5
2014/10/6, 41, 12, 3
2014/10/7, 29, 14, 5
2014/10/8, 36, 9, 4
2014/10/9, 25, 14, 5
2014/10/10, 34, 11, 4
2014/10/11, 39, 10, 5
2014/10/12, 31, 15, 6
2014/10/13, 40, 11, 4
2014/10/14, 36, 13, 5
2014/10/15, 29, 11, 5
2014/10/16, 21, 11, 4
2014/10/17, 20, 8, 3
2014/10/18, 25, 6, 4
2014/10/19, 34, 8, 6
2014/10/20, 12, 11, 7
2014/10/21, 20, 9, 6
2014/10/22, 20, 8, 5
2014/10/23, 11, 8, 6
2014/10/24, 20, 9, 10
2014/10/25, 26, 11, 9
2014/10/26, 47, 15, 10
2014/10/27, 40, 19, 10
2014/10/28, 50, 16, 10
2014/10/29, 50, 15, 13
2014/10/30, 73, 15, 13
2014/10/31, 68, 10, 13
2014/11/1, 62, 9, 10
2014/11/2, 44, 13, 12
2014/11/3, 38, 6, 8
2014/11/4, 21, 7, 9
2014/11/5, 17, 15, 10
2014/11/6, 28, 21, 17
2014/11/7, 74, 12, 9
2014/11/8, 42, 12, 12
2014/11/9, 32, 14, 11
2014/11/10, 30, 14, 12
2014/11/11, 41, 18, 13
2014/11/12, 45, 15, 16
2014/11/13, 52, 14, 13
2014/11/14, 47, 12, 14
2014/11/15, 42, 12, 15
2014/11/16, 44, 12, 15
2014/11/17, 36, 10, 11
2014/11/18, 27, 9, 14
2014/11/19, 28, 6, 6
2014/11/20, 20, 9, 10
2014/11/21, 21, 12, 14
2014/11/22, 37, 10, 11
2014/11/23, 39, 11, 12
2014/11/24, 32, 12, 9
2014/11/25, 39, 15, 18
2014/11/26, 64, 15, 14
2014/11/27, 40, 12, 11
2014/11/28, 36, 9, 11
2014/11/29, 30, 6, 9
2014/11/30, 31, 10, 12
2014/12/1, 26, 11, 13
2014/12/2, 40, 16, 25
2014/12/3, 59, 18, 23
2014/12/4, 72, 13, 20
2014/12/5, 53, 13, 25
2014/12/6, 66, 9, 24
2014/12/7, 67, 13, 14
2014/12/8, 47, 18, 14
2014/12/9, 54, 19, 17
2014/12/10, 68, 9, 11
2014/12/11, 24, 5, 8
2014/12/12, 10, 9, 14
2014/12/13, 20, 14, 19
2014/12/14, 40, 17, 19
2014/12/15, 45, 16, 24
2014/12/16, 79, 13, 12
2014/12/17, 31, 8, 10
2014/12/18, 16, 6, 9
2014/12/19, 9, 4, 8
2014/12/20, 8, 4, 10
2014/12/21, 11, 5, 9
2014/12/22, 11, 4, 9
2014/12/23, 8, 4, 9
2014/12/24, 8, 3, 9
2014/12/25, 9, 5, 10
2014/12/26, 14, 12, 25
2014/12/27, 40, 8, 16
2014/12/28, 35, , 
2014/9/15, 27, 10, 3
2014/9/16, 36, 13, 3
2014/9/17, 31, 12, 2
2014/9/18, 32, 11, 2
2014/9/19, 32, 7, 1
2014/9/20, 31, , 
2014/9/22, 21, 6, 2
2014/9/23, 8, 9, 2
2014/9/24, 20, 10, 3
2014/9/25, 28, 8, 1
2014/9/26, 18, 7, 
2014/9/27, 21, 6, 1
2014/9/28, 25, 9, 2
2014/9/29, 30, 13, 6
2014/9/30, 25, 11, 2
2024/1/6, , 4, 3
2023/8/17, , 8, 3
2022/9/25, , 8, 1
2021/7/17, , 5, 3
2021/7/30, , 7, 1
2021/7/31, , 5, 1
2021/5/17, , 6, 1
2021/3/20, , 7, 3
2020/11/30, , 16, 5
2020/3/31, , 8, 5
2019/12/31, , 4, 2
2018/12/31, , 3, 2
2017/12/31, , 6, 5
2018/2/18, , 16, 10
2017/9/9, , 9, 3
2016/3/6, , 18, 13
2016/1/2, , 10, 16
2014/12/31, , 11, 15
2014/9/14, , 10, 
2014/9/21, , 6, 7